,y_test,predictions,precision,recall
3412,1,1,0.08415794929789841,0.8147810218978102
44358,0,0,0.08415794929789841,0.8147810218978102
47340,0,1,0.08415794929789841,0.8147810218978102
47494,0,0,0.08415794929789841,0.8147810218978102
6221,0,1,0.08415794929789841,0.8147810218978102
85270,0,1,0.08415794929789841,0.8147810218978102
6224,0,1,0.08415794929789841,0.8147810218978102
54606,0,0,0.08415794929789841,0.8147810218978102
61222,0,0,0.08415794929789841,0.8147810218978102
14748,0,0,0.08415794929789841,0.8147810218978102
97861,0,1,0.08415794929789841,0.8147810218978102
1320,0,0,0.08415794929789841,0.8147810218978102
88613,0,0,0.08415794929789841,0.8147810218978102
22954,0,1,0.08415794929789841,0.8147810218978102
45308,0,1,0.08415794929789841,0.8147810218978102
42347,0,0,0.08415794929789841,0.8147810218978102
70002,0,0,0.08415794929789841,0.8147810218978102
58400,0,1,0.08415794929789841,0.8147810218978102
98235,0,0,0.08415794929789841,0.8147810218978102
65019,0,1,0.08415794929789841,0.8147810218978102
89949,0,0,0.08415794929789841,0.8147810218978102
28457,0,0,0.08415794929789841,0.8147810218978102
60614,0,1,0.08415794929789841,0.8147810218978102
37067,0,1,0.08415794929789841,0.8147810218978102
7262,0,0,0.08415794929789841,0.8147810218978102
14874,0,0,0.08415794929789841,0.8147810218978102
76098,0,1,0.08415794929789841,0.8147810218978102
69641,1,1,0.08415794929789841,0.8147810218978102
33406,0,1,0.08415794929789841,0.8147810218978102
52205,0,1,0.08415794929789841,0.8147810218978102
40661,0,1,0.08415794929789841,0.8147810218978102
11331,0,1,0.08415794929789841,0.8147810218978102
59701,1,1,0.08415794929789841,0.8147810218978102
77743,0,0,0.08415794929789841,0.8147810218978102
57451,0,1,0.08415794929789841,0.8147810218978102
95954,0,1,0.08415794929789841,0.8147810218978102
78011,0,0,0.08415794929789841,0.8147810218978102
1291,0,1,0.08415794929789841,0.8147810218978102
3698,0,0,0.08415794929789841,0.8147810218978102
40085,0,1,0.08415794929789841,0.8147810218978102
30985,0,1,0.08415794929789841,0.8147810218978102
54032,0,0,0.08415794929789841,0.8147810218978102
77719,0,1,0.08415794929789841,0.8147810218978102
32603,0,1,0.08415794929789841,0.8147810218978102
69930,0,1,0.08415794929789841,0.8147810218978102
41556,0,0,0.08415794929789841,0.8147810218978102
12805,0,0,0.08415794929789841,0.8147810218978102
68104,0,0,0.08415794929789841,0.8147810218978102
12873,0,0,0.08415794929789841,0.8147810218978102
6776,0,1,0.08415794929789841,0.8147810218978102
24194,0,0,0.08415794929789841,0.8147810218978102
84689,0,1,0.08415794929789841,0.8147810218978102
46221,0,0,0.08415794929789841,0.8147810218978102
44222,0,1,0.08415794929789841,0.8147810218978102
73844,0,0,0.08415794929789841,0.8147810218978102
72889,0,0,0.08415794929789841,0.8147810218978102
11794,0,0,0.08415794929789841,0.8147810218978102
50660,0,1,0.08415794929789841,0.8147810218978102
69361,0,0,0.08415794929789841,0.8147810218978102
22420,0,1,0.08415794929789841,0.8147810218978102
82278,0,1,0.08415794929789841,0.8147810218978102
64515,0,1,0.08415794929789841,0.8147810218978102
34198,0,0,0.08415794929789841,0.8147810218978102
35874,0,1,0.08415794929789841,0.8147810218978102
45490,0,1,0.08415794929789841,0.8147810218978102
1319,0,0,0.08415794929789841,0.8147810218978102
31040,0,0,0.08415794929789841,0.8147810218978102
9272,0,0,0.08415794929789841,0.8147810218978102
2010,0,0,0.08415794929789841,0.8147810218978102
73518,0,0,0.08415794929789841,0.8147810218978102
81975,0,1,0.08415794929789841,0.8147810218978102
50040,0,1,0.08415794929789841,0.8147810218978102
84719,0,1,0.08415794929789841,0.8147810218978102
50411,0,0,0.08415794929789841,0.8147810218978102
64221,0,1,0.08415794929789841,0.8147810218978102
9472,0,1,0.08415794929789841,0.8147810218978102
95026,0,0,0.08415794929789841,0.8147810218978102
89417,0,0,0.08415794929789841,0.8147810218978102
77069,0,1,0.08415794929789841,0.8147810218978102
67450,0,1,0.08415794929789841,0.8147810218978102
99646,1,1,0.08415794929789841,0.8147810218978102
75130,0,0,0.08415794929789841,0.8147810218978102
66777,0,1,0.08415794929789841,0.8147810218978102
99838,0,1,0.08415794929789841,0.8147810218978102
43843,0,1,0.08415794929789841,0.8147810218978102
38851,0,1,0.08415794929789841,0.8147810218978102
18063,0,1,0.08415794929789841,0.8147810218978102
15084,0,1,0.08415794929789841,0.8147810218978102
74670,0,0,0.08415794929789841,0.8147810218978102
24961,0,1,0.08415794929789841,0.8147810218978102
62369,0,0,0.08415794929789841,0.8147810218978102
72124,0,0,0.08415794929789841,0.8147810218978102
45827,0,0,0.08415794929789841,0.8147810218978102
59347,0,1,0.08415794929789841,0.8147810218978102
8106,0,0,0.08415794929789841,0.8147810218978102
85393,0,1,0.08415794929789841,0.8147810218978102
94427,0,0,0.08415794929789841,0.8147810218978102
39541,1,1,0.08415794929789841,0.8147810218978102
87984,0,1,0.08415794929789841,0.8147810218978102
67290,0,1,0.08415794929789841,0.8147810218978102
71103,0,1,0.08415794929789841,0.8147810218978102
81369,0,0,0.08415794929789841,0.8147810218978102
1341,0,1,0.08415794929789841,0.8147810218978102
54178,1,1,0.08415794929789841,0.8147810218978102
48786,0,1,0.08415794929789841,0.8147810218978102
4352,0,1,0.08415794929789841,0.8147810218978102
83580,0,1,0.08415794929789841,0.8147810218978102
8433,0,1,0.08415794929789841,0.8147810218978102
73966,0,1,0.08415794929789841,0.8147810218978102
91874,0,1,0.08415794929789841,0.8147810218978102
30567,0,1,0.08415794929789841,0.8147810218978102
29280,0,0,0.08415794929789841,0.8147810218978102
16697,0,0,0.08415794929789841,0.8147810218978102
14735,0,0,0.08415794929789841,0.8147810218978102
53855,0,0,0.08415794929789841,0.8147810218978102
30006,0,1,0.08415794929789841,0.8147810218978102
57559,0,1,0.08415794929789841,0.8147810218978102
48136,0,1,0.08415794929789841,0.8147810218978102
4967,0,0,0.08415794929789841,0.8147810218978102
73970,0,1,0.08415794929789841,0.8147810218978102
26300,0,0,0.08415794929789841,0.8147810218978102
89706,0,0,0.08415794929789841,0.8147810218978102
75357,0,1,0.08415794929789841,0.8147810218978102
68251,0,0,0.08415794929789841,0.8147810218978102
80464,0,0,0.08415794929789841,0.8147810218978102
70606,0,1,0.08415794929789841,0.8147810218978102
3334,0,1,0.08415794929789841,0.8147810218978102
13278,0,1,0.08415794929789841,0.8147810218978102
18411,0,1,0.08415794929789841,0.8147810218978102
91926,0,1,0.08415794929789841,0.8147810218978102
99084,0,0,0.08415794929789841,0.8147810218978102
44615,0,1,0.08415794929789841,0.8147810218978102
96499,0,0,0.08415794929789841,0.8147810218978102
53751,0,0,0.08415794929789841,0.8147810218978102
7237,0,1,0.08415794929789841,0.8147810218978102
87792,0,0,0.08415794929789841,0.8147810218978102
11358,0,0,0.08415794929789841,0.8147810218978102
13534,0,1,0.08415794929789841,0.8147810218978102
83747,0,0,0.08415794929789841,0.8147810218978102
89603,0,1,0.08415794929789841,0.8147810218978102
83828,0,1,0.08415794929789841,0.8147810218978102
40957,0,0,0.08415794929789841,0.8147810218978102
93828,0,0,0.08415794929789841,0.8147810218978102
93820,0,1,0.08415794929789841,0.8147810218978102
52495,0,1,0.08415794929789841,0.8147810218978102
11833,1,1,0.08415794929789841,0.8147810218978102
81665,0,0,0.08415794929789841,0.8147810218978102
20970,0,1,0.08415794929789841,0.8147810218978102
17084,0,0,0.08415794929789841,0.8147810218978102
99908,0,1,0.08415794929789841,0.8147810218978102
9806,0,1,0.08415794929789841,0.8147810218978102
63433,0,1,0.08415794929789841,0.8147810218978102
80890,0,1,0.08415794929789841,0.8147810218978102
55415,1,1,0.08415794929789841,0.8147810218978102
29976,0,0,0.08415794929789841,0.8147810218978102
83965,1,1,0.08415794929789841,0.8147810218978102
67370,1,1,0.08415794929789841,0.8147810218978102
99112,0,1,0.08415794929789841,0.8147810218978102
35683,0,0,0.08415794929789841,0.8147810218978102
9536,1,1,0.08415794929789841,0.8147810218978102
75550,0,0,0.08415794929789841,0.8147810218978102
74093,0,0,0.08415794929789841,0.8147810218978102
17585,0,1,0.08415794929789841,0.8147810218978102
74175,0,0,0.08415794929789841,0.8147810218978102
71209,0,1,0.08415794929789841,0.8147810218978102
74732,0,1,0.08415794929789841,0.8147810218978102
40691,0,0,0.08415794929789841,0.8147810218978102
45379,0,1,0.08415794929789841,0.8147810218978102
6049,0,0,0.08415794929789841,0.8147810218978102
36855,0,0,0.08415794929789841,0.8147810218978102
81022,0,1,0.08415794929789841,0.8147810218978102
5037,0,1,0.08415794929789841,0.8147810218978102
67012,0,1,0.08415794929789841,0.8147810218978102
7057,0,0,0.08415794929789841,0.8147810218978102
24445,0,1,0.08415794929789841,0.8147810218978102
62051,0,1,0.08415794929789841,0.8147810218978102
85814,0,0,0.08415794929789841,0.8147810218978102
26833,0,0,0.08415794929789841,0.8147810218978102
48312,1,1,0.08415794929789841,0.8147810218978102
98546,0,1,0.08415794929789841,0.8147810218978102
14897,0,0,0.08415794929789841,0.8147810218978102
63308,0,1,0.08415794929789841,0.8147810218978102
60537,0,0,0.08415794929789841,0.8147810218978102
3372,0,0,0.08415794929789841,0.8147810218978102
54089,0,1,0.08415794929789841,0.8147810218978102
78495,0,0,0.08415794929789841,0.8147810218978102
24083,0,0,0.08415794929789841,0.8147810218978102
79496,0,0,0.08415794929789841,0.8147810218978102
34636,0,0,0.08415794929789841,0.8147810218978102
43547,0,1,0.08415794929789841,0.8147810218978102
9960,0,1,0.08415794929789841,0.8147810218978102
42248,0,1,0.08415794929789841,0.8147810218978102
10331,0,0,0.08415794929789841,0.8147810218978102
94989,0,0,0.08415794929789841,0.8147810218978102
60446,0,0,0.08415794929789841,0.8147810218978102
97786,0,1,0.08415794929789841,0.8147810218978102
23284,1,1,0.08415794929789841,0.8147810218978102
1314,0,0,0.08415794929789841,0.8147810218978102
86605,0,0,0.08415794929789841,0.8147810218978102
21501,0,1,0.08415794929789841,0.8147810218978102
52066,0,1,0.08415794929789841,0.8147810218978102
58088,0,1,0.08415794929789841,0.8147810218978102
49845,0,0,0.08415794929789841,0.8147810218978102
13030,0,0,0.08415794929789841,0.8147810218978102
87643,0,1,0.08415794929789841,0.8147810218978102
28054,0,0,0.08415794929789841,0.8147810218978102
62135,0,1,0.08415794929789841,0.8147810218978102
3095,0,0,0.08415794929789841,0.8147810218978102
81025,0,1,0.08415794929789841,0.8147810218978102
47220,0,1,0.08415794929789841,0.8147810218978102
26824,0,1,0.08415794929789841,0.8147810218978102
12835,0,1,0.08415794929789841,0.8147810218978102
44436,1,0,0.08415794929789841,0.8147810218978102
72269,0,1,0.08415794929789841,0.8147810218978102
58442,0,0,0.08415794929789841,0.8147810218978102
60954,0,1,0.08415794929789841,0.8147810218978102
72174,0,0,0.08415794929789841,0.8147810218978102
19752,0,1,0.08415794929789841,0.8147810218978102
50705,0,1,0.08415794929789841,0.8147810218978102
48489,0,1,0.08415794929789841,0.8147810218978102
86440,0,0,0.08415794929789841,0.8147810218978102
37871,0,0,0.08415794929789841,0.8147810218978102
4977,0,0,0.08415794929789841,0.8147810218978102
50066,0,0,0.08415794929789841,0.8147810218978102
71974,0,1,0.08415794929789841,0.8147810218978102
11172,0,1,0.08415794929789841,0.8147810218978102
50373,0,1,0.08415794929789841,0.8147810218978102
11542,0,0,0.08415794929789841,0.8147810218978102
35599,0,1,0.08415794929789841,0.8147810218978102
61059,0,1,0.08415794929789841,0.8147810218978102
24770,0,0,0.08415794929789841,0.8147810218978102
49724,0,0,0.08415794929789841,0.8147810218978102
28613,0,0,0.08415794929789841,0.8147810218978102
38333,0,0,0.08415794929789841,0.8147810218978102
41394,0,0,0.08415794929789841,0.8147810218978102
29950,0,0,0.08415794929789841,0.8147810218978102
63068,0,1,0.08415794929789841,0.8147810218978102
13146,0,1,0.08415794929789841,0.8147810218978102
79111,0,0,0.08415794929789841,0.8147810218978102
49901,0,0,0.08415794929789841,0.8147810218978102
54547,0,0,0.08415794929789841,0.8147810218978102
3440,0,1,0.08415794929789841,0.8147810218978102
38756,0,0,0.08415794929789841,0.8147810218978102
298,1,1,0.08415794929789841,0.8147810218978102
96720,0,0,0.08415794929789841,0.8147810218978102
97987,0,1,0.08415794929789841,0.8147810218978102
57013,0,0,0.08415794929789841,0.8147810218978102
60854,0,1,0.08415794929789841,0.8147810218978102
58439,1,1,0.08415794929789841,0.8147810218978102
4839,0,0,0.08415794929789841,0.8147810218978102
46845,0,1,0.08415794929789841,0.8147810218978102
96699,0,0,0.08415794929789841,0.8147810218978102
52680,0,1,0.08415794929789841,0.8147810218978102
75621,1,1,0.08415794929789841,0.8147810218978102
22431,0,0,0.08415794929789841,0.8147810218978102
3685,0,1,0.08415794929789841,0.8147810218978102
72968,0,0,0.08415794929789841,0.8147810218978102
1709,0,0,0.08415794929789841,0.8147810218978102
83057,0,0,0.08415794929789841,0.8147810218978102
37682,0,0,0.08415794929789841,0.8147810218978102
39810,0,0,0.08415794929789841,0.8147810218978102
3190,0,1,0.08415794929789841,0.8147810218978102
3649,0,1,0.08415794929789841,0.8147810218978102
49152,0,0,0.08415794929789841,0.8147810218978102
20322,0,0,0.08415794929789841,0.8147810218978102
27434,0,0,0.08415794929789841,0.8147810218978102
91624,0,1,0.08415794929789841,0.8147810218978102
23388,0,0,0.08415794929789841,0.8147810218978102
23539,0,0,0.08415794929789841,0.8147810218978102
7280,0,1,0.08415794929789841,0.8147810218978102
17267,0,0,0.08415794929789841,0.8147810218978102
40587,0,1,0.08415794929789841,0.8147810218978102
29809,0,1,0.08415794929789841,0.8147810218978102
93543,0,0,0.08415794929789841,0.8147810218978102
64428,0,0,0.08415794929789841,0.8147810218978102
91139,0,0,0.08415794929789841,0.8147810218978102
78787,0,1,0.08415794929789841,0.8147810218978102
66703,0,0,0.08415794929789841,0.8147810218978102
13604,0,0,0.08415794929789841,0.8147810218978102
50162,0,1,0.08415794929789841,0.8147810218978102
58219,0,1,0.08415794929789841,0.8147810218978102
91227,0,0,0.08415794929789841,0.8147810218978102
25236,0,0,0.08415794929789841,0.8147810218978102
10502,0,1,0.08415794929789841,0.8147810218978102
98680,1,1,0.08415794929789841,0.8147810218978102
26354,0,0,0.08415794929789841,0.8147810218978102
9934,0,0,0.08415794929789841,0.8147810218978102
70575,0,0,0.08415794929789841,0.8147810218978102
80150,0,0,0.08415794929789841,0.8147810218978102
55258,0,0,0.08415794929789841,0.8147810218978102
551,0,0,0.08415794929789841,0.8147810218978102
63856,0,0,0.08415794929789841,0.8147810218978102
15217,0,0,0.08415794929789841,0.8147810218978102
47821,0,1,0.08415794929789841,0.8147810218978102
47831,0,0,0.08415794929789841,0.8147810218978102
82218,0,1,0.08415794929789841,0.8147810218978102
1113,0,0,0.08415794929789841,0.8147810218978102
56391,0,1,0.08415794929789841,0.8147810218978102
97961,0,1,0.08415794929789841,0.8147810218978102
32721,0,1,0.08415794929789841,0.8147810218978102
48411,0,0,0.08415794929789841,0.8147810218978102
91273,0,0,0.08415794929789841,0.8147810218978102
66731,0,1,0.08415794929789841,0.8147810218978102
15272,0,1,0.08415794929789841,0.8147810218978102
49056,0,1,0.08415794929789841,0.8147810218978102
23353,0,1,0.08415794929789841,0.8147810218978102
65898,0,0,0.08415794929789841,0.8147810218978102
1328,0,0,0.08415794929789841,0.8147810218978102
5405,0,0,0.08415794929789841,0.8147810218978102
20557,0,1,0.08415794929789841,0.8147810218978102
7026,0,0,0.08415794929789841,0.8147810218978102
38385,0,1,0.08415794929789841,0.8147810218978102
31284,0,0,0.08415794929789841,0.8147810218978102
55534,0,1,0.08415794929789841,0.8147810218978102
38396,0,0,0.08415794929789841,0.8147810218978102
95946,0,0,0.08415794929789841,0.8147810218978102
8825,0,1,0.08415794929789841,0.8147810218978102
20893,0,0,0.08415794929789841,0.8147810218978102
41107,0,0,0.08415794929789841,0.8147810218978102
15329,0,1,0.08415794929789841,0.8147810218978102
31128,0,1,0.08415794929789841,0.8147810218978102
35427,0,0,0.08415794929789841,0.8147810218978102
75009,0,1,0.08415794929789841,0.8147810218978102
10148,0,0,0.08415794929789841,0.8147810218978102
59528,0,1,0.08415794929789841,0.8147810218978102
47891,0,1,0.08415794929789841,0.8147810218978102
30666,0,1,0.08415794929789841,0.8147810218978102
8805,0,0,0.08415794929789841,0.8147810218978102
10734,0,1,0.08415794929789841,0.8147810218978102
15519,0,1,0.08415794929789841,0.8147810218978102
74379,0,1,0.08415794929789841,0.8147810218978102
76976,0,1,0.08415794929789841,0.8147810218978102
54848,0,0,0.08415794929789841,0.8147810218978102
73981,0,0,0.08415794929789841,0.8147810218978102
42780,1,1,0.08415794929789841,0.8147810218978102
52858,0,1,0.08415794929789841,0.8147810218978102
79869,0,0,0.08415794929789841,0.8147810218978102
11757,0,0,0.08415794929789841,0.8147810218978102
32787,0,0,0.08415794929789841,0.8147810218978102
91064,0,1,0.08415794929789841,0.8147810218978102
90232,0,0,0.08415794929789841,0.8147810218978102
31394,0,1,0.08415794929789841,0.8147810218978102
69658,0,0,0.08415794929789841,0.8147810218978102
53728,0,1,0.08415794929789841,0.8147810218978102
41597,0,0,0.08415794929789841,0.8147810218978102
85857,0,1,0.08415794929789841,0.8147810218978102
90890,0,0,0.08415794929789841,0.8147810218978102
14605,0,1,0.08415794929789841,0.8147810218978102
57118,1,1,0.08415794929789841,0.8147810218978102
95941,0,1,0.08415794929789841,0.8147810218978102
12747,0,0,0.08415794929789841,0.8147810218978102
62635,0,0,0.08415794929789841,0.8147810218978102
56543,0,0,0.08415794929789841,0.8147810218978102
44710,0,1,0.08415794929789841,0.8147810218978102
90320,0,1,0.08415794929789841,0.8147810218978102
98180,0,1,0.08415794929789841,0.8147810218978102
37653,0,1,0.08415794929789841,0.8147810218978102
9207,0,0,0.08415794929789841,0.8147810218978102
74480,0,1,0.08415794929789841,0.8147810218978102
24208,0,0,0.08415794929789841,0.8147810218978102
86253,0,1,0.08415794929789841,0.8147810218978102
35975,0,1,0.08415794929789841,0.8147810218978102
82185,0,0,0.08415794929789841,0.8147810218978102
82414,0,0,0.08415794929789841,0.8147810218978102
8700,0,1,0.08415794929789841,0.8147810218978102
42455,0,0,0.08415794929789841,0.8147810218978102
1638,0,0,0.08415794929789841,0.8147810218978102
32027,0,1,0.08415794929789841,0.8147810218978102
86644,0,1,0.08415794929789841,0.8147810218978102
73501,0,0,0.08415794929789841,0.8147810218978102
55146,0,0,0.08415794929789841,0.8147810218978102
4219,0,0,0.08415794929789841,0.8147810218978102
79577,0,0,0.08415794929789841,0.8147810218978102
1800,0,0,0.08415794929789841,0.8147810218978102
10657,0,1,0.08415794929789841,0.8147810218978102
66665,0,1,0.08415794929789841,0.8147810218978102
44266,0,0,0.08415794929789841,0.8147810218978102
44613,0,1,0.08415794929789841,0.8147810218978102
54267,0,0,0.08415794929789841,0.8147810218978102
39695,0,1,0.08415794929789841,0.8147810218978102
24827,0,1,0.08415794929789841,0.8147810218978102
13774,0,1,0.08415794929789841,0.8147810218978102
85809,1,1,0.08415794929789841,0.8147810218978102
3357,0,0,0.08415794929789841,0.8147810218978102
27679,0,1,0.08415794929789841,0.8147810218978102
21860,0,0,0.08415794929789841,0.8147810218978102
2862,0,1,0.08415794929789841,0.8147810218978102
34114,0,0,0.08415794929789841,0.8147810218978102
23076,0,1,0.08415794929789841,0.8147810218978102
58603,0,0,0.08415794929789841,0.8147810218978102
89422,0,0,0.08415794929789841,0.8147810218978102
71327,0,1,0.08415794929789841,0.8147810218978102
22970,0,1,0.08415794929789841,0.8147810218978102
49361,1,0,0.08415794929789841,0.8147810218978102
60494,0,0,0.08415794929789841,0.8147810218978102
12735,0,1,0.08415794929789841,0.8147810218978102
43388,0,1,0.08415794929789841,0.8147810218978102
8980,0,1,0.08415794929789841,0.8147810218978102
36775,0,0,0.08415794929789841,0.8147810218978102
65735,0,0,0.08415794929789841,0.8147810218978102
83990,0,0,0.08415794929789841,0.8147810218978102
69160,0,0,0.08415794929789841,0.8147810218978102
75754,0,1,0.08415794929789841,0.8147810218978102
88047,0,1,0.08415794929789841,0.8147810218978102
66097,0,1,0.08415794929789841,0.8147810218978102
50629,0,1,0.08415794929789841,0.8147810218978102
83299,0,0,0.08415794929789841,0.8147810218978102
49508,0,0,0.08415794929789841,0.8147810218978102
54866,0,1,0.08415794929789841,0.8147810218978102
67034,0,1,0.08415794929789841,0.8147810218978102
80586,0,1,0.08415794929789841,0.8147810218978102
20764,0,1,0.08415794929789841,0.8147810218978102
23745,0,1,0.08415794929789841,0.8147810218978102
26819,0,1,0.08415794929789841,0.8147810218978102
86438,0,1,0.08415794929789841,0.8147810218978102
2760,0,0,0.08415794929789841,0.8147810218978102
59259,0,1,0.08415794929789841,0.8147810218978102
72338,0,1,0.08415794929789841,0.8147810218978102
97523,0,0,0.08415794929789841,0.8147810218978102
44131,0,0,0.08415794929789841,0.8147810218978102
85504,0,1,0.08415794929789841,0.8147810218978102
73198,0,1,0.08415794929789841,0.8147810218978102
32645,0,1,0.08415794929789841,0.8147810218978102
85545,0,1,0.08415794929789841,0.8147810218978102
78301,0,0,0.08415794929789841,0.8147810218978102
87882,0,1,0.08415794929789841,0.8147810218978102
97621,0,0,0.08415794929789841,0.8147810218978102
49633,0,1,0.08415794929789841,0.8147810218978102
84706,0,1,0.08415794929789841,0.8147810218978102
83360,0,1,0.08415794929789841,0.8147810218978102
32935,0,0,0.08415794929789841,0.8147810218978102
70509,0,1,0.08415794929789841,0.8147810218978102
26804,0,0,0.08415794929789841,0.8147810218978102
86403,0,1,0.08415794929789841,0.8147810218978102
98630,0,0,0.08415794929789841,0.8147810218978102
46781,0,0,0.08415794929789841,0.8147810218978102
40473,0,0,0.08415794929789841,0.8147810218978102
62140,0,1,0.08415794929789841,0.8147810218978102
52261,0,1,0.08415794929789841,0.8147810218978102
75949,0,0,0.08415794929789841,0.8147810218978102
38424,0,1,0.08415794929789841,0.8147810218978102
85791,0,1,0.08415794929789841,0.8147810218978102
66170,0,1,0.08415794929789841,0.8147810218978102
37288,0,0,0.08415794929789841,0.8147810218978102
71530,0,1,0.08415794929789841,0.8147810218978102
97000,0,1,0.08415794929789841,0.8147810218978102
19108,0,1,0.08415794929789841,0.8147810218978102
18483,0,0,0.08415794929789841,0.8147810218978102
89315,0,0,0.08415794929789841,0.8147810218978102
85452,0,1,0.08415794929789841,0.8147810218978102
98107,0,1,0.08415794929789841,0.8147810218978102
69604,0,1,0.08415794929789841,0.8147810218978102
45833,0,0,0.08415794929789841,0.8147810218978102
38580,0,0,0.08415794929789841,0.8147810218978102
20170,0,0,0.08415794929789841,0.8147810218978102
2049,0,1,0.08415794929789841,0.8147810218978102
89369,0,0,0.08415794929789841,0.8147810218978102
65748,0,0,0.08415794929789841,0.8147810218978102
20473,0,1,0.08415794929789841,0.8147810218978102
29845,0,1,0.08415794929789841,0.8147810218978102
27521,0,1,0.08415794929789841,0.8147810218978102
71155,0,0,0.08415794929789841,0.8147810218978102
52867,0,1,0.08415794929789841,0.8147810218978102
56434,1,1,0.08415794929789841,0.8147810218978102
55461,1,0,0.08415794929789841,0.8147810218978102
17195,0,1,0.08415794929789841,0.8147810218978102
80815,0,0,0.08415794929789841,0.8147810218978102
24159,0,0,0.08415794929789841,0.8147810218978102
33065,0,1,0.08415794929789841,0.8147810218978102
84673,1,1,0.08415794929789841,0.8147810218978102
99623,0,1,0.08415794929789841,0.8147810218978102
45188,0,1,0.08415794929789841,0.8147810218978102
20193,0,0,0.08415794929789841,0.8147810218978102
46770,0,0,0.08415794929789841,0.8147810218978102
17669,0,0,0.08415794929789841,0.8147810218978102
38381,0,1,0.08415794929789841,0.8147810218978102
74386,0,1,0.08415794929789841,0.8147810218978102
52946,0,0,0.08415794929789841,0.8147810218978102
95122,0,1,0.08415794929789841,0.8147810218978102
47334,0,0,0.08415794929789841,0.8147810218978102
43698,0,0,0.08415794929789841,0.8147810218978102
10614,0,0,0.08415794929789841,0.8147810218978102
70526,0,1,0.08415794929789841,0.8147810218978102
23717,0,1,0.08415794929789841,0.8147810218978102
41702,0,1,0.08415794929789841,0.8147810218978102
29960,0,1,0.08415794929789841,0.8147810218978102
71243,0,1,0.08415794929789841,0.8147810218978102
24,0,0,0.08415794929789841,0.8147810218978102
28161,0,0,0.08415794929789841,0.8147810218978102
30045,1,1,0.08415794929789841,0.8147810218978102
81092,0,0,0.08415794929789841,0.8147810218978102
89112,0,0,0.08415794929789841,0.8147810218978102
4072,0,1,0.08415794929789841,0.8147810218978102
31682,0,0,0.08415794929789841,0.8147810218978102
18862,0,0,0.08415794929789841,0.8147810218978102
6500,0,0,0.08415794929789841,0.8147810218978102
99979,0,1,0.08415794929789841,0.8147810218978102
97673,0,0,0.08415794929789841,0.8147810218978102
43443,0,0,0.08415794929789841,0.8147810218978102
69966,0,1,0.08415794929789841,0.8147810218978102
77508,0,1,0.08415794929789841,0.8147810218978102
34279,0,1,0.08415794929789841,0.8147810218978102
31396,0,0,0.08415794929789841,0.8147810218978102
75069,0,0,0.08415794929789841,0.8147810218978102
93312,0,0,0.08415794929789841,0.8147810218978102
69946,0,1,0.08415794929789841,0.8147810218978102
63074,0,0,0.08415794929789841,0.8147810218978102
58437,0,0,0.08415794929789841,0.8147810218978102
4527,0,0,0.08415794929789841,0.8147810218978102
34668,0,0,0.08415794929789841,0.8147810218978102
978,0,1,0.08415794929789841,0.8147810218978102
76684,0,1,0.08415794929789841,0.8147810218978102
98788,0,1,0.08415794929789841,0.8147810218978102
78055,0,1,0.08415794929789841,0.8147810218978102
34509,0,1,0.08415794929789841,0.8147810218978102
51075,0,0,0.08415794929789841,0.8147810218978102
53232,0,1,0.08415794929789841,0.8147810218978102
25477,0,0,0.08415794929789841,0.8147810218978102
72118,0,1,0.08415794929789841,0.8147810218978102
68048,0,0,0.08415794929789841,0.8147810218978102
48512,0,1,0.08415794929789841,0.8147810218978102
17691,0,0,0.08415794929789841,0.8147810218978102
83744,0,1,0.08415794929789841,0.8147810218978102
42774,1,0,0.08415794929789841,0.8147810218978102
16473,0,1,0.08415794929789841,0.8147810218978102
17491,0,1,0.08415794929789841,0.8147810218978102
93360,0,1,0.08415794929789841,0.8147810218978102
31698,0,0,0.08415794929789841,0.8147810218978102
95756,0,1,0.08415794929789841,0.8147810218978102
18829,0,1,0.08415794929789841,0.8147810218978102
1199,0,0,0.08415794929789841,0.8147810218978102
11339,0,0,0.08415794929789841,0.8147810218978102
5426,0,0,0.08415794929789841,0.8147810218978102
91008,0,1,0.08415794929789841,0.8147810218978102
26046,0,0,0.08415794929789841,0.8147810218978102
64584,0,0,0.08415794929789841,0.8147810218978102
90403,0,1,0.08415794929789841,0.8147810218978102
48557,0,1,0.08415794929789841,0.8147810218978102
71817,1,1,0.08415794929789841,0.8147810218978102
14627,0,1,0.08415794929789841,0.8147810218978102
74040,0,1,0.08415794929789841,0.8147810218978102
53294,1,0,0.08415794929789841,0.8147810218978102
89659,0,0,0.08415794929789841,0.8147810218978102
76447,0,1,0.08415794929789841,0.8147810218978102
84489,0,1,0.08415794929789841,0.8147810218978102
26808,0,1,0.08415794929789841,0.8147810218978102
34360,0,0,0.08415794929789841,0.8147810218978102
21559,0,0,0.08415794929789841,0.8147810218978102
70567,0,1,0.08415794929789841,0.8147810218978102
72786,0,0,0.08415794929789841,0.8147810218978102
80814,0,1,0.08415794929789841,0.8147810218978102
52993,0,1,0.08415794929789841,0.8147810218978102
9396,0,0,0.08415794929789841,0.8147810218978102
97342,0,1,0.08415794929789841,0.8147810218978102
66618,0,0,0.08415794929789841,0.8147810218978102
40159,0,1,0.08415794929789841,0.8147810218978102
57741,0,0,0.08415794929789841,0.8147810218978102
62617,0,1,0.08415794929789841,0.8147810218978102
88314,0,0,0.08415794929789841,0.8147810218978102
80116,0,0,0.08415794929789841,0.8147810218978102
22458,0,1,0.08415794929789841,0.8147810218978102
21256,0,0,0.08415794929789841,0.8147810218978102
77677,0,0,0.08415794929789841,0.8147810218978102
19990,0,0,0.08415794929789841,0.8147810218978102
30605,0,0,0.08415794929789841,0.8147810218978102
2025,0,0,0.08415794929789841,0.8147810218978102
30100,0,0,0.08415794929789841,0.8147810218978102
29505,0,1,0.08415794929789841,0.8147810218978102
20166,0,1,0.08415794929789841,0.8147810218978102
87711,0,0,0.08415794929789841,0.8147810218978102
31751,0,1,0.08415794929789841,0.8147810218978102
34702,0,1,0.08415794929789841,0.8147810218978102
16797,0,1,0.08415794929789841,0.8147810218978102
89127,0,0,0.08415794929789841,0.8147810218978102
1254,0,1,0.08415794929789841,0.8147810218978102
46008,0,1,0.08415794929789841,0.8147810218978102
36796,0,1,0.08415794929789841,0.8147810218978102
18659,0,0,0.08415794929789841,0.8147810218978102
43036,0,1,0.08415794929789841,0.8147810218978102
50374,0,1,0.08415794929789841,0.8147810218978102
4968,0,1,0.08415794929789841,0.8147810218978102
71409,0,0,0.08415794929789841,0.8147810218978102
47542,0,1,0.08415794929789841,0.8147810218978102
50868,0,0,0.08415794929789841,0.8147810218978102
92106,0,1,0.08415794929789841,0.8147810218978102
54953,1,1,0.08415794929789841,0.8147810218978102
61346,0,0,0.08415794929789841,0.8147810218978102
72724,0,1,0.08415794929789841,0.8147810218978102
81172,1,1,0.08415794929789841,0.8147810218978102
88391,0,1,0.08415794929789841,0.8147810218978102
93586,0,0,0.08415794929789841,0.8147810218978102
54453,0,0,0.08415794929789841,0.8147810218978102
33983,0,1,0.08415794929789841,0.8147810218978102
92004,0,0,0.08415794929789841,0.8147810218978102
5652,0,0,0.08415794929789841,0.8147810218978102
52259,0,0,0.08415794929789841,0.8147810218978102
15523,0,1,0.08415794929789841,0.8147810218978102
20370,0,1,0.08415794929789841,0.8147810218978102
41322,0,0,0.08415794929789841,0.8147810218978102
51215,0,1,0.08415794929789841,0.8147810218978102
81988,0,1,0.08415794929789841,0.8147810218978102
74138,0,1,0.08415794929789841,0.8147810218978102
86729,0,1,0.08415794929789841,0.8147810218978102
60019,0,1,0.08415794929789841,0.8147810218978102
24478,0,1,0.08415794929789841,0.8147810218978102
34814,0,1,0.08415794929789841,0.8147810218978102
71476,0,1,0.08415794929789841,0.8147810218978102
26456,0,0,0.08415794929789841,0.8147810218978102
69916,0,0,0.08415794929789841,0.8147810218978102
28092,0,0,0.08415794929789841,0.8147810218978102
45417,0,0,0.08415794929789841,0.8147810218978102
27435,0,0,0.08415794929789841,0.8147810218978102
90903,0,0,0.08415794929789841,0.8147810218978102
62499,1,1,0.08415794929789841,0.8147810218978102
91742,1,1,0.08415794929789841,0.8147810218978102
30110,0,0,0.08415794929789841,0.8147810218978102
56423,0,0,0.08415794929789841,0.8147810218978102
96619,0,1,0.08415794929789841,0.8147810218978102
25434,1,1,0.08415794929789841,0.8147810218978102
16879,0,1,0.08415794929789841,0.8147810218978102
6704,0,0,0.08415794929789841,0.8147810218978102
24497,1,1,0.08415794929789841,0.8147810218978102
12285,0,0,0.08415794929789841,0.8147810218978102
36695,0,0,0.08415794929789841,0.8147810218978102
79224,0,1,0.08415794929789841,0.8147810218978102
80853,0,1,0.08415794929789841,0.8147810218978102
27422,0,0,0.08415794929789841,0.8147810218978102
95264,0,0,0.08415794929789841,0.8147810218978102
74779,0,0,0.08415794929789841,0.8147810218978102
2832,0,0,0.08415794929789841,0.8147810218978102
78504,0,1,0.08415794929789841,0.8147810218978102
18181,0,0,0.08415794929789841,0.8147810218978102
30351,0,0,0.08415794929789841,0.8147810218978102
46368,0,1,0.08415794929789841,0.8147810218978102
4126,0,1,0.08415794929789841,0.8147810218978102
49744,0,0,0.08415794929789841,0.8147810218978102
56511,0,1,0.08415794929789841,0.8147810218978102
90786,0,0,0.08415794929789841,0.8147810218978102
49375,0,1,0.08415794929789841,0.8147810218978102
74097,0,0,0.08415794929789841,0.8147810218978102
26009,0,1,0.08415794929789841,0.8147810218978102
91665,0,0,0.08415794929789841,0.8147810218978102
99099,1,1,0.08415794929789841,0.8147810218978102
72105,0,1,0.08415794929789841,0.8147810218978102
33256,0,1,0.08415794929789841,0.8147810218978102
65665,0,0,0.08415794929789841,0.8147810218978102
46554,0,0,0.08415794929789841,0.8147810218978102
26829,0,0,0.08415794929789841,0.8147810218978102
20127,0,0,0.08415794929789841,0.8147810218978102
94756,0,1,0.08415794929789841,0.8147810218978102
97970,1,0,0.08415794929789841,0.8147810218978102
37786,0,1,0.08415794929789841,0.8147810218978102
62173,0,0,0.08415794929789841,0.8147810218978102
58013,0,1,0.08415794929789841,0.8147810218978102
96853,0,1,0.08415794929789841,0.8147810218978102
1451,0,0,0.08415794929789841,0.8147810218978102
15191,0,0,0.08415794929789841,0.8147810218978102
28746,0,1,0.08415794929789841,0.8147810218978102
14346,0,1,0.08415794929789841,0.8147810218978102
88698,0,1,0.08415794929789841,0.8147810218978102
78548,0,1,0.08415794929789841,0.8147810218978102
2036,0,0,0.08415794929789841,0.8147810218978102
97739,0,1,0.08415794929789841,0.8147810218978102
3062,0,1,0.08415794929789841,0.8147810218978102
12951,0,1,0.08415794929789841,0.8147810218978102
54382,0,0,0.08415794929789841,0.8147810218978102
51516,0,0,0.08415794929789841,0.8147810218978102
43459,0,0,0.08415794929789841,0.8147810218978102
37606,0,1,0.08415794929789841,0.8147810218978102
77541,0,0,0.08415794929789841,0.8147810218978102
933,0,1,0.08415794929789841,0.8147810218978102
35069,1,1,0.08415794929789841,0.8147810218978102
41867,0,1,0.08415794929789841,0.8147810218978102
62446,0,1,0.08415794929789841,0.8147810218978102
29085,0,0,0.08415794929789841,0.8147810218978102
77998,0,0,0.08415794929789841,0.8147810218978102
66216,0,1,0.08415794929789841,0.8147810218978102
49792,0,1,0.08415794929789841,0.8147810218978102
11583,0,0,0.08415794929789841,0.8147810218978102
14339,0,0,0.08415794929789841,0.8147810218978102
62196,0,1,0.08415794929789841,0.8147810218978102
26800,0,1,0.08415794929789841,0.8147810218978102
93937,0,1,0.08415794929789841,0.8147810218978102
14757,0,0,0.08415794929789841,0.8147810218978102
94316,0,1,0.08415794929789841,0.8147810218978102
68979,0,0,0.08415794929789841,0.8147810218978102
88652,0,0,0.08415794929789841,0.8147810218978102
38613,0,0,0.08415794929789841,0.8147810218978102
17686,0,1,0.08415794929789841,0.8147810218978102
13065,0,0,0.08415794929789841,0.8147810218978102
80649,0,1,0.08415794929789841,0.8147810218978102
7073,0,0,0.08415794929789841,0.8147810218978102
29560,0,0,0.08415794929789841,0.8147810218978102
32517,0,0,0.08415794929789841,0.8147810218978102
2732,0,1,0.08415794929789841,0.8147810218978102
75777,0,1,0.08415794929789841,0.8147810218978102
17976,0,1,0.08415794929789841,0.8147810218978102
30477,0,1,0.08415794929789841,0.8147810218978102
58084,0,0,0.08415794929789841,0.8147810218978102
38071,0,0,0.08415794929789841,0.8147810218978102
81140,0,0,0.08415794929789841,0.8147810218978102
37999,0,0,0.08415794929789841,0.8147810218978102
76313,0,0,0.08415794929789841,0.8147810218978102
60429,0,1,0.08415794929789841,0.8147810218978102
9279,0,0,0.08415794929789841,0.8147810218978102
39331,0,0,0.08415794929789841,0.8147810218978102
32483,0,0,0.08415794929789841,0.8147810218978102
62522,0,1,0.08415794929789841,0.8147810218978102
87397,0,0,0.08415794929789841,0.8147810218978102
98142,0,0,0.08415794929789841,0.8147810218978102
72839,0,0,0.08415794929789841,0.8147810218978102
81702,1,1,0.08415794929789841,0.8147810218978102
33529,0,1,0.08415794929789841,0.8147810218978102
99122,0,1,0.08415794929789841,0.8147810218978102
48315,0,1,0.08415794929789841,0.8147810218978102
14099,0,0,0.08415794929789841,0.8147810218978102
43080,0,1,0.08415794929789841,0.8147810218978102
17642,0,0,0.08415794929789841,0.8147810218978102
35972,0,0,0.08415794929789841,0.8147810218978102
10109,0,0,0.08415794929789841,0.8147810218978102
36828,1,1,0.08415794929789841,0.8147810218978102
84714,0,1,0.08415794929789841,0.8147810218978102
94637,0,0,0.08415794929789841,0.8147810218978102
33477,0,1,0.08415794929789841,0.8147810218978102
77534,0,1,0.08415794929789841,0.8147810218978102
53835,0,1,0.08415794929789841,0.8147810218978102
5742,0,1,0.08415794929789841,0.8147810218978102
88938,0,1,0.08415794929789841,0.8147810218978102
66816,0,0,0.08415794929789841,0.8147810218978102
63624,0,1,0.08415794929789841,0.8147810218978102
29686,0,0,0.08415794929789841,0.8147810218978102
89812,0,0,0.08415794929789841,0.8147810218978102
73871,0,1,0.08415794929789841,0.8147810218978102
85131,0,0,0.08415794929789841,0.8147810218978102
48408,0,1,0.08415794929789841,0.8147810218978102
22844,0,1,0.08415794929789841,0.8147810218978102
88768,0,0,0.08415794929789841,0.8147810218978102
41521,0,1,0.08415794929789841,0.8147810218978102
63820,0,1,0.08415794929789841,0.8147810218978102
5947,0,0,0.08415794929789841,0.8147810218978102
66142,0,1,0.08415794929789841,0.8147810218978102
93743,1,1,0.08415794929789841,0.8147810218978102
41374,0,0,0.08415794929789841,0.8147810218978102
63554,0,0,0.08415794929789841,0.8147810218978102
58947,0,1,0.08415794929789841,0.8147810218978102
25217,0,0,0.08415794929789841,0.8147810218978102
14584,0,0,0.08415794929789841,0.8147810218978102
96697,0,1,0.08415794929789841,0.8147810218978102
94271,1,1,0.08415794929789841,0.8147810218978102
23622,0,0,0.08415794929789841,0.8147810218978102
81517,0,1,0.08415794929789841,0.8147810218978102
6326,0,0,0.08415794929789841,0.8147810218978102
32707,0,0,0.08415794929789841,0.8147810218978102
92958,0,0,0.08415794929789841,0.8147810218978102
61017,0,1,0.08415794929789841,0.8147810218978102
88522,1,1,0.08415794929789841,0.8147810218978102
59303,0,1,0.08415794929789841,0.8147810218978102
222,0,0,0.08415794929789841,0.8147810218978102
88151,0,0,0.08415794929789841,0.8147810218978102
76502,1,1,0.08415794929789841,0.8147810218978102
78682,1,0,0.08415794929789841,0.8147810218978102
52537,0,0,0.08415794929789841,0.8147810218978102
89804,0,1,0.08415794929789841,0.8147810218978102
5879,0,1,0.08415794929789841,0.8147810218978102
43274,0,1,0.08415794929789841,0.8147810218978102
12388,0,0,0.08415794929789841,0.8147810218978102
43771,0,1,0.08415794929789841,0.8147810218978102
95733,0,0,0.08415794929789841,0.8147810218978102
44582,0,1,0.08415794929789841,0.8147810218978102
28526,0,0,0.08415794929789841,0.8147810218978102
82103,0,1,0.08415794929789841,0.8147810218978102
350,0,1,0.08415794929789841,0.8147810218978102
53169,0,0,0.08415794929789841,0.8147810218978102
43782,0,1,0.08415794929789841,0.8147810218978102
11934,0,1,0.08415794929789841,0.8147810218978102
73793,0,1,0.08415794929789841,0.8147810218978102
59800,0,1,0.08415794929789841,0.8147810218978102
92543,0,0,0.08415794929789841,0.8147810218978102
94086,0,1,0.08415794929789841,0.8147810218978102
11449,0,1,0.08415794929789841,0.8147810218978102
91746,0,0,0.08415794929789841,0.8147810218978102
26877,0,1,0.08415794929789841,0.8147810218978102
16413,0,1,0.08415794929789841,0.8147810218978102
70788,0,0,0.08415794929789841,0.8147810218978102
9799,0,0,0.08415794929789841,0.8147810218978102
62146,0,0,0.08415794929789841,0.8147810218978102
31087,0,0,0.08415794929789841,0.8147810218978102
80495,0,0,0.08415794929789841,0.8147810218978102
9037,0,0,0.08415794929789841,0.8147810218978102
73796,0,1,0.08415794929789841,0.8147810218978102
27553,0,1,0.08415794929789841,0.8147810218978102
67435,0,0,0.08415794929789841,0.8147810218978102
80607,0,0,0.08415794929789841,0.8147810218978102
35383,0,0,0.08415794929789841,0.8147810218978102
65545,0,0,0.08415794929789841,0.8147810218978102
71435,0,0,0.08415794929789841,0.8147810218978102
99936,1,1,0.08415794929789841,0.8147810218978102
72320,0,0,0.08415794929789841,0.8147810218978102
54052,0,1,0.08415794929789841,0.8147810218978102
38477,0,1,0.08415794929789841,0.8147810218978102
25870,0,0,0.08415794929789841,0.8147810218978102
89483,0,0,0.08415794929789841,0.8147810218978102
91646,1,1,0.08415794929789841,0.8147810218978102
2637,0,1,0.08415794929789841,0.8147810218978102
65414,0,0,0.08415794929789841,0.8147810218978102
99719,0,0,0.08415794929789841,0.8147810218978102
53770,0,1,0.08415794929789841,0.8147810218978102
95131,1,1,0.08415794929789841,0.8147810218978102
76890,1,1,0.08415794929789841,0.8147810218978102
68676,0,0,0.08415794929789841,0.8147810218978102
24381,0,0,0.08415794929789841,0.8147810218978102
58343,0,1,0.08415794929789841,0.8147810218978102
41230,1,0,0.08415794929789841,0.8147810218978102
72152,0,0,0.08415794929789841,0.8147810218978102
86123,0,0,0.08415794929789841,0.8147810218978102
17971,0,0,0.08415794929789841,0.8147810218978102
973,0,0,0.08415794929789841,0.8147810218978102
52597,0,1,0.08415794929789841,0.8147810218978102
81182,0,1,0.08415794929789841,0.8147810218978102
64833,0,1,0.08415794929789841,0.8147810218978102
67552,0,0,0.08415794929789841,0.8147810218978102
33226,1,0,0.08415794929789841,0.8147810218978102
33075,0,1,0.08415794929789841,0.8147810218978102
17101,0,1,0.08415794929789841,0.8147810218978102
97172,0,0,0.08415794929789841,0.8147810218978102
11017,0,1,0.08415794929789841,0.8147810218978102
92421,0,0,0.08415794929789841,0.8147810218978102
32391,0,1,0.08415794929789841,0.8147810218978102
17613,0,1,0.08415794929789841,0.8147810218978102
42451,0,0,0.08415794929789841,0.8147810218978102
50711,0,1,0.08415794929789841,0.8147810218978102
53976,0,1,0.08415794929789841,0.8147810218978102
74207,0,0,0.08415794929789841,0.8147810218978102
54713,0,0,0.08415794929789841,0.8147810218978102
48020,0,0,0.08415794929789841,0.8147810218978102
2552,0,0,0.08415794929789841,0.8147810218978102
79658,0,0,0.08415794929789841,0.8147810218978102
64460,0,0,0.08415794929789841,0.8147810218978102
92095,0,0,0.08415794929789841,0.8147810218978102
10984,0,0,0.08415794929789841,0.8147810218978102
11309,0,0,0.08415794929789841,0.8147810218978102
86044,0,1,0.08415794929789841,0.8147810218978102
53622,0,0,0.08415794929789841,0.8147810218978102
50078,0,0,0.08415794929789841,0.8147810218978102
32917,0,1,0.08415794929789841,0.8147810218978102
32671,0,1,0.08415794929789841,0.8147810218978102
66521,0,1,0.08415794929789841,0.8147810218978102
83121,0,1,0.08415794929789841,0.8147810218978102
40962,0,1,0.08415794929789841,0.8147810218978102
43953,1,1,0.08415794929789841,0.8147810218978102
46671,0,1,0.08415794929789841,0.8147810218978102
99037,0,1,0.08415794929789841,0.8147810218978102
36712,0,1,0.08415794929789841,0.8147810218978102
10531,0,0,0.08415794929789841,0.8147810218978102
66547,0,0,0.08415794929789841,0.8147810218978102
13557,0,0,0.08415794929789841,0.8147810218978102
44679,0,1,0.08415794929789841,0.8147810218978102
34272,0,0,0.08415794929789841,0.8147810218978102
46993,0,0,0.08415794929789841,0.8147810218978102
16344,0,0,0.08415794929789841,0.8147810218978102
75261,0,0,0.08415794929789841,0.8147810218978102
36867,0,1,0.08415794929789841,0.8147810218978102
65059,0,0,0.08415794929789841,0.8147810218978102
2513,0,0,0.08415794929789841,0.8147810218978102
15821,0,1,0.08415794929789841,0.8147810218978102
25638,0,0,0.08415794929789841,0.8147810218978102
13910,0,1,0.08415794929789841,0.8147810218978102
37317,0,0,0.08415794929789841,0.8147810218978102
41452,0,1,0.08415794929789841,0.8147810218978102
61375,0,1,0.08415794929789841,0.8147810218978102
82694,0,1,0.08415794929789841,0.8147810218978102
11053,0,0,0.08415794929789841,0.8147810218978102
52044,0,1,0.08415794929789841,0.8147810218978102
26004,0,0,0.08415794929789841,0.8147810218978102
5102,0,0,0.08415794929789841,0.8147810218978102
41332,0,1,0.08415794929789841,0.8147810218978102
64581,0,1,0.08415794929789841,0.8147810218978102
99044,0,1,0.08415794929789841,0.8147810218978102
70931,0,0,0.08415794929789841,0.8147810218978102
76533,0,1,0.08415794929789841,0.8147810218978102
65605,0,0,0.08415794929789841,0.8147810218978102
92577,0,1,0.08415794929789841,0.8147810218978102
72186,0,1,0.08415794929789841,0.8147810218978102
25835,0,1,0.08415794929789841,0.8147810218978102
67651,0,1,0.08415794929789841,0.8147810218978102
3432,0,0,0.08415794929789841,0.8147810218978102
4114,0,1,0.08415794929789841,0.8147810218978102
18680,0,1,0.08415794929789841,0.8147810218978102
9364,0,0,0.08415794929789841,0.8147810218978102
17067,0,0,0.08415794929789841,0.8147810218978102
15402,0,1,0.08415794929789841,0.8147810218978102
65191,0,0,0.08415794929789841,0.8147810218978102
43820,0,0,0.08415794929789841,0.8147810218978102
98960,0,1,0.08415794929789841,0.8147810218978102
35698,0,0,0.08415794929789841,0.8147810218978102
75759,0,1,0.08415794929789841,0.8147810218978102
75327,0,1,0.08415794929789841,0.8147810218978102
84012,0,0,0.08415794929789841,0.8147810218978102
10226,0,1,0.08415794929789841,0.8147810218978102
39543,0,0,0.08415794929789841,0.8147810218978102
36618,0,1,0.08415794929789841,0.8147810218978102
21292,0,0,0.08415794929789841,0.8147810218978102
5630,0,1,0.08415794929789841,0.8147810218978102
74061,0,0,0.08415794929789841,0.8147810218978102
93426,0,0,0.08415794929789841,0.8147810218978102
43762,0,1,0.08415794929789841,0.8147810218978102
44764,0,0,0.08415794929789841,0.8147810218978102
25767,0,0,0.08415794929789841,0.8147810218978102
26738,0,0,0.08415794929789841,0.8147810218978102
75724,0,1,0.08415794929789841,0.8147810218978102
18334,0,0,0.08415794929789841,0.8147810218978102
2432,0,1,0.08415794929789841,0.8147810218978102
34651,0,0,0.08415794929789841,0.8147810218978102
4831,0,0,0.08415794929789841,0.8147810218978102
75591,0,0,0.08415794929789841,0.8147810218978102
54564,1,1,0.08415794929789841,0.8147810218978102
15085,0,0,0.08415794929789841,0.8147810218978102
52264,0,1,0.08415794929789841,0.8147810218978102
80867,0,0,0.08415794929789841,0.8147810218978102
50323,0,0,0.08415794929789841,0.8147810218978102
77794,0,0,0.08415794929789841,0.8147810218978102
5256,0,0,0.08415794929789841,0.8147810218978102
60181,0,1,0.08415794929789841,0.8147810218978102
77513,0,0,0.08415794929789841,0.8147810218978102
83409,0,1,0.08415794929789841,0.8147810218978102
81522,0,1,0.08415794929789841,0.8147810218978102
66758,0,0,0.08415794929789841,0.8147810218978102
8431,0,1,0.08415794929789841,0.8147810218978102
7857,0,1,0.08415794929789841,0.8147810218978102
94355,0,1,0.08415794929789841,0.8147810218978102
46949,0,0,0.08415794929789841,0.8147810218978102
77386,0,1,0.08415794929789841,0.8147810218978102
33699,0,1,0.08415794929789841,0.8147810218978102
27069,0,1,0.08415794929789841,0.8147810218978102
77771,0,0,0.08415794929789841,0.8147810218978102
58293,0,0,0.08415794929789841,0.8147810218978102
66837,0,1,0.08415794929789841,0.8147810218978102
52624,0,1,0.08415794929789841,0.8147810218978102
69225,0,1,0.08415794929789841,0.8147810218978102
75440,0,0,0.08415794929789841,0.8147810218978102
17543,0,1,0.08415794929789841,0.8147810218978102
62238,0,1,0.08415794929789841,0.8147810218978102
21661,0,1,0.08415794929789841,0.8147810218978102
39689,0,0,0.08415794929789841,0.8147810218978102
19534,1,1,0.08415794929789841,0.8147810218978102
98020,0,1,0.08415794929789841,0.8147810218978102
10963,0,1,0.08415794929789841,0.8147810218978102
1031,0,1,0.08415794929789841,0.8147810218978102
66468,0,1,0.08415794929789841,0.8147810218978102
88400,0,1,0.08415794929789841,0.8147810218978102
68220,0,1,0.08415794929789841,0.8147810218978102
48182,0,0,0.08415794929789841,0.8147810218978102
20381,0,1,0.08415794929789841,0.8147810218978102
87317,0,0,0.08415794929789841,0.8147810218978102
59328,0,1,0.08415794929789841,0.8147810218978102
39269,0,1,0.08415794929789841,0.8147810218978102
10062,0,0,0.08415794929789841,0.8147810218978102
47085,0,0,0.08415794929789841,0.8147810218978102
26385,0,0,0.08415794929789841,0.8147810218978102
44735,0,0,0.08415794929789841,0.8147810218978102
47775,0,1,0.08415794929789841,0.8147810218978102
87680,0,0,0.08415794929789841,0.8147810218978102
60961,0,1,0.08415794929789841,0.8147810218978102
69623,1,1,0.08415794929789841,0.8147810218978102
36040,0,1,0.08415794929789841,0.8147810218978102
28429,0,1,0.08415794929789841,0.8147810218978102
50812,0,1,0.08415794929789841,0.8147810218978102
21126,0,1,0.08415794929789841,0.8147810218978102
7846,0,0,0.08415794929789841,0.8147810218978102
53726,0,0,0.08415794929789841,0.8147810218978102
20601,0,1,0.08415794929789841,0.8147810218978102
44559,0,0,0.08415794929789841,0.8147810218978102
82070,0,1,0.08415794929789841,0.8147810218978102
42162,0,0,0.08415794929789841,0.8147810218978102
93609,0,0,0.08415794929789841,0.8147810218978102
16539,0,1,0.08415794929789841,0.8147810218978102
29819,0,0,0.08415794929789841,0.8147810218978102
81760,0,0,0.08415794929789841,0.8147810218978102
35584,0,0,0.08415794929789841,0.8147810218978102
45010,0,0,0.08415794929789841,0.8147810218978102
61969,0,1,0.08415794929789841,0.8147810218978102
18702,0,0,0.08415794929789841,0.8147810218978102
9870,0,0,0.08415794929789841,0.8147810218978102
77709,0,0,0.08415794929789841,0.8147810218978102
90991,0,1,0.08415794929789841,0.8147810218978102
61689,1,1,0.08415794929789841,0.8147810218978102
78975,0,0,0.08415794929789841,0.8147810218978102
70841,0,1,0.08415794929789841,0.8147810218978102
80490,0,1,0.08415794929789841,0.8147810218978102
21048,0,0,0.08415794929789841,0.8147810218978102
58694,0,0,0.08415794929789841,0.8147810218978102
81876,0,0,0.08415794929789841,0.8147810218978102
24862,0,1,0.08415794929789841,0.8147810218978102
28872,0,0,0.08415794929789841,0.8147810218978102
48942,0,0,0.08415794929789841,0.8147810218978102
58989,0,0,0.08415794929789841,0.8147810218978102
35845,0,0,0.08415794929789841,0.8147810218978102
43876,0,0,0.08415794929789841,0.8147810218978102
19881,0,0,0.08415794929789841,0.8147810218978102
2957,0,0,0.08415794929789841,0.8147810218978102
22399,0,0,0.08415794929789841,0.8147810218978102
96442,0,0,0.08415794929789841,0.8147810218978102
44528,0,0,0.08415794929789841,0.8147810218978102
32437,0,0,0.08415794929789841,0.8147810218978102
91753,0,0,0.08415794929789841,0.8147810218978102
52558,0,0,0.08415794929789841,0.8147810218978102
31723,0,1,0.08415794929789841,0.8147810218978102
96040,0,1,0.08415794929789841,0.8147810218978102
62226,0,1,0.08415794929789841,0.8147810218978102
84146,0,0,0.08415794929789841,0.8147810218978102
88001,0,1,0.08415794929789841,0.8147810218978102
81557,0,1,0.08415794929789841,0.8147810218978102
71427,0,1,0.08415794929789841,0.8147810218978102
45964,0,1,0.08415794929789841,0.8147810218978102
94530,0,1,0.08415794929789841,0.8147810218978102
69893,0,0,0.08415794929789841,0.8147810218978102
95459,1,1,0.08415794929789841,0.8147810218978102
7766,0,1,0.08415794929789841,0.8147810218978102
83493,0,0,0.08415794929789841,0.8147810218978102
68572,0,1,0.08415794929789841,0.8147810218978102
7256,0,0,0.08415794929789841,0.8147810218978102
12497,0,1,0.08415794929789841,0.8147810218978102
1981,0,1,0.08415794929789841,0.8147810218978102
85994,0,1,0.08415794929789841,0.8147810218978102
5053,0,0,0.08415794929789841,0.8147810218978102
25094,0,1,0.08415794929789841,0.8147810218978102
50976,0,1,0.08415794929789841,0.8147810218978102
79853,0,0,0.08415794929789841,0.8147810218978102
23887,0,1,0.08415794929789841,0.8147810218978102
86992,0,1,0.08415794929789841,0.8147810218978102
78518,0,0,0.08415794929789841,0.8147810218978102
99054,0,1,0.08415794929789841,0.8147810218978102
56127,0,0,0.08415794929789841,0.8147810218978102
37165,1,1,0.08415794929789841,0.8147810218978102
20666,0,1,0.08415794929789841,0.8147810218978102
69512,1,1,0.08415794929789841,0.8147810218978102
93627,0,0,0.08415794929789841,0.8147810218978102
28977,0,1,0.08415794929789841,0.8147810218978102
18262,0,0,0.08415794929789841,0.8147810218978102
28509,0,0,0.08415794929789841,0.8147810218978102
42936,0,0,0.08415794929789841,0.8147810218978102
46887,0,0,0.08415794929789841,0.8147810218978102
95125,0,1,0.08415794929789841,0.8147810218978102
28987,0,0,0.08415794929789841,0.8147810218978102
97432,0,0,0.08415794929789841,0.8147810218978102
14578,0,1,0.08415794929789841,0.8147810218978102
3792,0,0,0.08415794929789841,0.8147810218978102
15595,0,1,0.08415794929789841,0.8147810218978102
2037,0,0,0.08415794929789841,0.8147810218978102
96152,0,0,0.08415794929789841,0.8147810218978102
5449,0,0,0.08415794929789841,0.8147810218978102
18166,0,1,0.08415794929789841,0.8147810218978102
49946,0,0,0.08415794929789841,0.8147810218978102
21990,0,1,0.08415794929789841,0.8147810218978102
53977,0,0,0.08415794929789841,0.8147810218978102
32631,0,1,0.08415794929789841,0.8147810218978102
83020,1,0,0.08415794929789841,0.8147810218978102
89948,0,1,0.08415794929789841,0.8147810218978102
56037,0,1,0.08415794929789841,0.8147810218978102
93737,0,0,0.08415794929789841,0.8147810218978102
50766,0,1,0.08415794929789841,0.8147810218978102
57851,0,1,0.08415794929789841,0.8147810218978102
58966,1,0,0.08415794929789841,0.8147810218978102
56566,0,1,0.08415794929789841,0.8147810218978102
20534,0,1,0.08415794929789841,0.8147810218978102
85052,0,1,0.08415794929789841,0.8147810218978102
4696,0,0,0.08415794929789841,0.8147810218978102
55833,0,0,0.08415794929789841,0.8147810218978102
23368,1,0,0.08415794929789841,0.8147810218978102
53011,0,0,0.08415794929789841,0.8147810218978102
15142,0,1,0.08415794929789841,0.8147810218978102
53515,0,1,0.08415794929789841,0.8147810218978102
50279,0,1,0.08415794929789841,0.8147810218978102
82562,0,1,0.08415794929789841,0.8147810218978102
45867,0,1,0.08415794929789841,0.8147810218978102
2231,0,0,0.08415794929789841,0.8147810218978102
5272,0,0,0.08415794929789841,0.8147810218978102
52584,0,0,0.08415794929789841,0.8147810218978102
67919,0,0,0.08415794929789841,0.8147810218978102
83698,1,1,0.08415794929789841,0.8147810218978102
60901,0,0,0.08415794929789841,0.8147810218978102
64660,0,1,0.08415794929789841,0.8147810218978102
34940,0,0,0.08415794929789841,0.8147810218978102
36366,0,0,0.08415794929789841,0.8147810218978102
28235,0,1,0.08415794929789841,0.8147810218978102
40466,0,0,0.08415794929789841,0.8147810218978102
87023,0,1,0.08415794929789841,0.8147810218978102
62643,0,0,0.08415794929789841,0.8147810218978102
99399,0,0,0.08415794929789841,0.8147810218978102
78833,0,0,0.08415794929789841,0.8147810218978102
42957,0,0,0.08415794929789841,0.8147810218978102
31535,0,0,0.08415794929789841,0.8147810218978102
1382,0,0,0.08415794929789841,0.8147810218978102
77139,0,1,0.08415794929789841,0.8147810218978102
70404,0,1,0.08415794929789841,0.8147810218978102
33077,0,1,0.08415794929789841,0.8147810218978102
93930,0,1,0.08415794929789841,0.8147810218978102
30377,0,1,0.08415794929789841,0.8147810218978102
16185,0,0,0.08415794929789841,0.8147810218978102
9211,0,1,0.08415794929789841,0.8147810218978102
9803,0,1,0.08415794929789841,0.8147810218978102
14572,0,1,0.08415794929789841,0.8147810218978102
18279,0,1,0.08415794929789841,0.8147810218978102
40207,0,1,0.08415794929789841,0.8147810218978102
96910,0,0,0.08415794929789841,0.8147810218978102
47222,0,1,0.08415794929789841,0.8147810218978102
25470,0,1,0.08415794929789841,0.8147810218978102
23791,1,1,0.08415794929789841,0.8147810218978102
31771,0,1,0.08415794929789841,0.8147810218978102
58768,0,1,0.08415794929789841,0.8147810218978102
74882,0,0,0.08415794929789841,0.8147810218978102
46550,0,0,0.08415794929789841,0.8147810218978102
85990,0,0,0.08415794929789841,0.8147810218978102
32211,0,1,0.08415794929789841,0.8147810218978102
60463,0,0,0.08415794929789841,0.8147810218978102
82857,0,0,0.08415794929789841,0.8147810218978102
41931,0,1,0.08415794929789841,0.8147810218978102
87525,0,1,0.08415794929789841,0.8147810218978102
93114,0,1,0.08415794929789841,0.8147810218978102
89635,0,0,0.08415794929789841,0.8147810218978102
50693,0,1,0.08415794929789841,0.8147810218978102
58866,0,0,0.08415794929789841,0.8147810218978102
27495,0,0,0.08415794929789841,0.8147810218978102
79730,0,1,0.08415794929789841,0.8147810218978102
14374,0,0,0.08415794929789841,0.8147810218978102
71897,0,1,0.08415794929789841,0.8147810218978102
52599,0,1,0.08415794929789841,0.8147810218978102
70557,0,1,0.08415794929789841,0.8147810218978102
2972,0,1,0.08415794929789841,0.8147810218978102
7531,0,1,0.08415794929789841,0.8147810218978102
93864,0,0,0.08415794929789841,0.8147810218978102
48151,0,0,0.08415794929789841,0.8147810218978102
17294,0,0,0.08415794929789841,0.8147810218978102
98476,0,0,0.08415794929789841,0.8147810218978102
44591,0,1,0.08415794929789841,0.8147810218978102
69111,0,1,0.08415794929789841,0.8147810218978102
74474,0,1,0.08415794929789841,0.8147810218978102
65555,0,1,0.08415794929789841,0.8147810218978102
86990,0,1,0.08415794929789841,0.8147810218978102
18767,0,1,0.08415794929789841,0.8147810218978102
48048,0,0,0.08415794929789841,0.8147810218978102
46573,0,0,0.08415794929789841,0.8147810218978102
91155,0,1,0.08415794929789841,0.8147810218978102
28843,0,0,0.08415794929789841,0.8147810218978102
39982,0,1,0.08415794929789841,0.8147810218978102
38468,0,1,0.08415794929789841,0.8147810218978102
53554,0,0,0.08415794929789841,0.8147810218978102
6402,0,0,0.08415794929789841,0.8147810218978102
86195,0,1,0.08415794929789841,0.8147810218978102
14085,0,1,0.08415794929789841,0.8147810218978102
33858,0,0,0.08415794929789841,0.8147810218978102
64919,0,1,0.08415794929789841,0.8147810218978102
92216,0,0,0.08415794929789841,0.8147810218978102
88091,0,0,0.08415794929789841,0.8147810218978102
11384,0,1,0.08415794929789841,0.8147810218978102
55,0,0,0.08415794929789841,0.8147810218978102
15586,0,0,0.08415794929789841,0.8147810218978102
48111,0,0,0.08415794929789841,0.8147810218978102
29597,0,0,0.08415794929789841,0.8147810218978102
60129,0,0,0.08415794929789841,0.8147810218978102
58116,0,1,0.08415794929789841,0.8147810218978102
96182,1,1,0.08415794929789841,0.8147810218978102
83880,0,1,0.08415794929789841,0.8147810218978102
96708,0,0,0.08415794929789841,0.8147810218978102
91824,0,1,0.08415794929789841,0.8147810218978102
28522,0,1,0.08415794929789841,0.8147810218978102
2971,0,1,0.08415794929789841,0.8147810218978102
64506,0,1,0.08415794929789841,0.8147810218978102
95024,0,1,0.08415794929789841,0.8147810218978102
25161,0,1,0.08415794929789841,0.8147810218978102
54993,0,1,0.08415794929789841,0.8147810218978102
52827,0,1,0.08415794929789841,0.8147810218978102
21920,0,1,0.08415794929789841,0.8147810218978102
13459,0,0,0.08415794929789841,0.8147810218978102
75651,0,0,0.08415794929789841,0.8147810218978102
93746,0,0,0.08415794929789841,0.8147810218978102
38966,0,0,0.08415794929789841,0.8147810218978102
79370,0,1,0.08415794929789841,0.8147810218978102
83820,0,0,0.08415794929789841,0.8147810218978102
13606,0,0,0.08415794929789841,0.8147810218978102
77566,0,0,0.08415794929789841,0.8147810218978102
19497,0,0,0.08415794929789841,0.8147810218978102
88574,1,1,0.08415794929789841,0.8147810218978102
13339,0,1,0.08415794929789841,0.8147810218978102
34321,0,0,0.08415794929789841,0.8147810218978102
56901,0,0,0.08415794929789841,0.8147810218978102
59440,0,1,0.08415794929789841,0.8147810218978102
6285,0,1,0.08415794929789841,0.8147810218978102
10593,0,1,0.08415794929789841,0.8147810218978102
23937,0,0,0.08415794929789841,0.8147810218978102
78931,0,1,0.08415794929789841,0.8147810218978102
99573,0,1,0.08415794929789841,0.8147810218978102
928,0,1,0.08415794929789841,0.8147810218978102
16744,0,0,0.08415794929789841,0.8147810218978102
26636,0,1,0.08415794929789841,0.8147810218978102
83964,0,1,0.08415794929789841,0.8147810218978102
67718,1,1,0.08415794929789841,0.8147810218978102
8122,0,0,0.08415794929789841,0.8147810218978102
95731,0,0,0.08415794929789841,0.8147810218978102
4092,0,0,0.08415794929789841,0.8147810218978102
6352,0,0,0.08415794929789841,0.8147810218978102
59155,1,1,0.08415794929789841,0.8147810218978102
73670,0,1,0.08415794929789841,0.8147810218978102
33660,0,0,0.08415794929789841,0.8147810218978102
5472,0,1,0.08415794929789841,0.8147810218978102
22073,0,0,0.08415794929789841,0.8147810218978102
33239,0,1,0.08415794929789841,0.8147810218978102
79092,0,1,0.08415794929789841,0.8147810218978102
89679,0,1,0.08415794929789841,0.8147810218978102
17235,0,0,0.08415794929789841,0.8147810218978102
61933,0,1,0.08415794929789841,0.8147810218978102
79767,0,0,0.08415794929789841,0.8147810218978102
86420,0,0,0.08415794929789841,0.8147810218978102
49194,1,1,0.08415794929789841,0.8147810218978102
90489,0,1,0.08415794929789841,0.8147810218978102
56591,0,0,0.08415794929789841,0.8147810218978102
61247,0,1,0.08415794929789841,0.8147810218978102
3594,0,1,0.08415794929789841,0.8147810218978102
42432,0,1,0.08415794929789841,0.8147810218978102
89556,0,1,0.08415794929789841,0.8147810218978102
25191,0,1,0.08415794929789841,0.8147810218978102
56747,0,0,0.08415794929789841,0.8147810218978102
87592,0,0,0.08415794929789841,0.8147810218978102
73204,0,1,0.08415794929789841,0.8147810218978102
65800,0,0,0.08415794929789841,0.8147810218978102
53907,0,0,0.08415794929789841,0.8147810218978102
11890,0,0,0.08415794929789841,0.8147810218978102
45671,0,1,0.08415794929789841,0.8147810218978102
24785,0,1,0.08415794929789841,0.8147810218978102
50403,0,1,0.08415794929789841,0.8147810218978102
39892,0,0,0.08415794929789841,0.8147810218978102
27787,1,1,0.08415794929789841,0.8147810218978102
43026,0,0,0.08415794929789841,0.8147810218978102
62859,0,1,0.08415794929789841,0.8147810218978102
25202,0,1,0.08415794929789841,0.8147810218978102
80828,0,0,0.08415794929789841,0.8147810218978102
47879,0,1,0.08415794929789841,0.8147810218978102
2537,0,0,0.08415794929789841,0.8147810218978102
21335,0,1,0.08415794929789841,0.8147810218978102
30380,0,1,0.08415794929789841,0.8147810218978102
42609,0,1,0.08415794929789841,0.8147810218978102
81353,0,0,0.08415794929789841,0.8147810218978102
71102,0,0,0.08415794929789841,0.8147810218978102
2915,0,0,0.08415794929789841,0.8147810218978102
94187,0,1,0.08415794929789841,0.8147810218978102
17090,0,0,0.08415794929789841,0.8147810218978102
1376,0,1,0.08415794929789841,0.8147810218978102
45337,1,0,0.08415794929789841,0.8147810218978102
87345,0,1,0.08415794929789841,0.8147810218978102
27778,0,0,0.08415794929789841,0.8147810218978102
42241,0,0,0.08415794929789841,0.8147810218978102
80915,0,1,0.08415794929789841,0.8147810218978102
84874,0,1,0.08415794929789841,0.8147810218978102
31859,0,0,0.08415794929789841,0.8147810218978102
18647,0,1,0.08415794929789841,0.8147810218978102
50914,0,0,0.08415794929789841,0.8147810218978102
19433,0,1,0.08415794929789841,0.8147810218978102
30395,0,1,0.08415794929789841,0.8147810218978102
35947,1,1,0.08415794929789841,0.8147810218978102
67716,0,0,0.08415794929789841,0.8147810218978102
50077,0,1,0.08415794929789841,0.8147810218978102
54804,0,0,0.08415794929789841,0.8147810218978102
44398,0,0,0.08415794929789841,0.8147810218978102
86680,0,1,0.08415794929789841,0.8147810218978102
72893,0,0,0.08415794929789841,0.8147810218978102
96358,0,0,0.08415794929789841,0.8147810218978102
36591,0,1,0.08415794929789841,0.8147810218978102
25101,0,0,0.08415794929789841,0.8147810218978102
80945,0,0,0.08415794929789841,0.8147810218978102
20040,0,1,0.08415794929789841,0.8147810218978102
73093,0,1,0.08415794929789841,0.8147810218978102
23156,0,1,0.08415794929789841,0.8147810218978102
89282,0,0,0.08415794929789841,0.8147810218978102
26825,0,0,0.08415794929789841,0.8147810218978102
22807,0,1,0.08415794929789841,0.8147810218978102
74288,0,0,0.08415794929789841,0.8147810218978102
30397,1,0,0.08415794929789841,0.8147810218978102
41547,0,1,0.08415794929789841,0.8147810218978102
48376,0,1,0.08415794929789841,0.8147810218978102
94393,0,1,0.08415794929789841,0.8147810218978102
98819,0,1,0.08415794929789841,0.8147810218978102
69836,0,0,0.08415794929789841,0.8147810218978102
58247,0,1,0.08415794929789841,0.8147810218978102
60999,1,1,0.08415794929789841,0.8147810218978102
8488,0,0,0.08415794929789841,0.8147810218978102
88608,0,0,0.08415794929789841,0.8147810218978102
23343,0,0,0.08415794929789841,0.8147810218978102
84088,0,0,0.08415794929789841,0.8147810218978102
86079,0,0,0.08415794929789841,0.8147810218978102
99514,0,1,0.08415794929789841,0.8147810218978102
32530,0,1,0.08415794929789841,0.8147810218978102
21299,0,0,0.08415794929789841,0.8147810218978102
43930,0,0,0.08415794929789841,0.8147810218978102
23608,0,1,0.08415794929789841,0.8147810218978102
14840,0,1,0.08415794929789841,0.8147810218978102
37946,0,0,0.08415794929789841,0.8147810218978102
82710,0,1,0.08415794929789841,0.8147810218978102
19999,0,1,0.08415794929789841,0.8147810218978102
26001,0,1,0.08415794929789841,0.8147810218978102
65618,0,1,0.08415794929789841,0.8147810218978102
52111,0,1,0.08415794929789841,0.8147810218978102
80939,0,0,0.08415794929789841,0.8147810218978102
89683,0,0,0.08415794929789841,0.8147810218978102
29337,0,0,0.08415794929789841,0.8147810218978102
44865,0,1,0.08415794929789841,0.8147810218978102
55807,0,1,0.08415794929789841,0.8147810218978102
5750,0,0,0.08415794929789841,0.8147810218978102
96025,0,1,0.08415794929789841,0.8147810218978102
71482,0,0,0.08415794929789841,0.8147810218978102
77861,0,1,0.08415794929789841,0.8147810218978102
90138,0,0,0.08415794929789841,0.8147810218978102
63878,0,1,0.08415794929789841,0.8147810218978102
6399,0,0,0.08415794929789841,0.8147810218978102
79747,0,0,0.08415794929789841,0.8147810218978102
40081,0,0,0.08415794929789841,0.8147810218978102
9016,0,0,0.08415794929789841,0.8147810218978102
3818,0,1,0.08415794929789841,0.8147810218978102
96909,0,1,0.08415794929789841,0.8147810218978102
2333,0,0,0.08415794929789841,0.8147810218978102
82331,0,0,0.08415794929789841,0.8147810218978102
69919,0,1,0.08415794929789841,0.8147810218978102
54084,0,1,0.08415794929789841,0.8147810218978102
6447,0,1,0.08415794929789841,0.8147810218978102
39319,0,1,0.08415794929789841,0.8147810218978102
27529,0,0,0.08415794929789841,0.8147810218978102
63815,0,1,0.08415794929789841,0.8147810218978102
80423,0,1,0.08415794929789841,0.8147810218978102
88473,0,0,0.08415794929789841,0.8147810218978102
59429,0,1,0.08415794929789841,0.8147810218978102
3868,0,0,0.08415794929789841,0.8147810218978102
5240,0,1,0.08415794929789841,0.8147810218978102
40598,0,0,0.08415794929789841,0.8147810218978102
52729,1,1,0.08415794929789841,0.8147810218978102
5023,1,1,0.08415794929789841,0.8147810218978102
56700,0,0,0.08415794929789841,0.8147810218978102
44044,0,0,0.08415794929789841,0.8147810218978102
40229,0,1,0.08415794929789841,0.8147810218978102
3706,1,1,0.08415794929789841,0.8147810218978102
38775,0,0,0.08415794929789841,0.8147810218978102
98660,0,0,0.08415794929789841,0.8147810218978102
45914,0,1,0.08415794929789841,0.8147810218978102
45186,0,1,0.08415794929789841,0.8147810218978102
53547,0,0,0.08415794929789841,0.8147810218978102
24448,0,0,0.08415794929789841,0.8147810218978102
85910,0,0,0.08415794929789841,0.8147810218978102
59487,0,0,0.08415794929789841,0.8147810218978102
51565,0,1,0.08415794929789841,0.8147810218978102
95257,0,0,0.08415794929789841,0.8147810218978102
4137,0,0,0.08415794929789841,0.8147810218978102
91431,0,1,0.08415794929789841,0.8147810218978102
75567,0,0,0.08415794929789841,0.8147810218978102
915,0,1,0.08415794929789841,0.8147810218978102
93507,0,0,0.08415794929789841,0.8147810218978102
14547,0,1,0.08415794929789841,0.8147810218978102
33131,0,1,0.08415794929789841,0.8147810218978102
26997,0,1,0.08415794929789841,0.8147810218978102
48854,0,1,0.08415794929789841,0.8147810218978102
7149,0,0,0.08415794929789841,0.8147810218978102
12152,0,0,0.08415794929789841,0.8147810218978102
69180,0,1,0.08415794929789841,0.8147810218978102
44689,0,1,0.08415794929789841,0.8147810218978102
42071,0,1,0.08415794929789841,0.8147810218978102
76437,0,0,0.08415794929789841,0.8147810218978102
36710,0,0,0.08415794929789841,0.8147810218978102
19408,0,0,0.08415794929789841,0.8147810218978102
39583,0,1,0.08415794929789841,0.8147810218978102
53729,0,1,0.08415794929789841,0.8147810218978102
21429,0,1,0.08415794929789841,0.8147810218978102
4714,0,0,0.08415794929789841,0.8147810218978102
15957,0,1,0.08415794929789841,0.8147810218978102
42699,0,0,0.08415794929789841,0.8147810218978102
72081,0,0,0.08415794929789841,0.8147810218978102
67095,0,1,0.08415794929789841,0.8147810218978102
80200,0,0,0.08415794929789841,0.8147810218978102
6173,0,0,0.08415794929789841,0.8147810218978102
74251,0,1,0.08415794929789841,0.8147810218978102
8695,0,0,0.08415794929789841,0.8147810218978102
83140,0,1,0.08415794929789841,0.8147810218978102
18498,0,0,0.08415794929789841,0.8147810218978102
33487,1,0,0.08415794929789841,0.8147810218978102
51055,0,1,0.08415794929789841,0.8147810218978102
28975,0,0,0.08415794929789841,0.8147810218978102
96350,0,1,0.08415794929789841,0.8147810218978102
28702,0,0,0.08415794929789841,0.8147810218978102
67254,1,1,0.08415794929789841,0.8147810218978102
71690,0,1,0.08415794929789841,0.8147810218978102
99332,0,1,0.08415794929789841,0.8147810218978102
57598,0,1,0.08415794929789841,0.8147810218978102
21283,0,0,0.08415794929789841,0.8147810218978102
78204,0,0,0.08415794929789841,0.8147810218978102
12161,0,0,0.08415794929789841,0.8147810218978102
74749,0,1,0.08415794929789841,0.8147810218978102
82264,0,0,0.08415794929789841,0.8147810218978102
93366,0,1,0.08415794929789841,0.8147810218978102
76472,0,1,0.08415794929789841,0.8147810218978102
79465,0,0,0.08415794929789841,0.8147810218978102
40755,0,1,0.08415794929789841,0.8147810218978102
3060,0,1,0.08415794929789841,0.8147810218978102
46213,0,0,0.08415794929789841,0.8147810218978102
98700,0,1,0.08415794929789841,0.8147810218978102
21045,0,0,0.08415794929789841,0.8147810218978102
19330,0,0,0.08415794929789841,0.8147810218978102
93706,0,1,0.08415794929789841,0.8147810218978102
712,0,1,0.08415794929789841,0.8147810218978102
81023,0,0,0.08415794929789841,0.8147810218978102
33815,0,0,0.08415794929789841,0.8147810218978102
77792,0,1,0.08415794929789841,0.8147810218978102
25930,0,1,0.08415794929789841,0.8147810218978102
63864,1,1,0.08415794929789841,0.8147810218978102
75299,0,1,0.08415794929789841,0.8147810218978102
78114,0,0,0.08415794929789841,0.8147810218978102
39371,0,1,0.08415794929789841,0.8147810218978102
62770,0,0,0.08415794929789841,0.8147810218978102
51454,1,0,0.08415794929789841,0.8147810218978102
13730,0,1,0.08415794929789841,0.8147810218978102
21485,0,0,0.08415794929789841,0.8147810218978102
25855,0,1,0.08415794929789841,0.8147810218978102
8048,0,1,0.08415794929789841,0.8147810218978102
24178,0,1,0.08415794929789841,0.8147810218978102
54658,0,0,0.08415794929789841,0.8147810218978102
38253,0,1,0.08415794929789841,0.8147810218978102
39720,0,0,0.08415794929789841,0.8147810218978102
59704,0,1,0.08415794929789841,0.8147810218978102
90174,0,1,0.08415794929789841,0.8147810218978102
4717,0,1,0.08415794929789841,0.8147810218978102
66286,0,0,0.08415794929789841,0.8147810218978102
99693,0,0,0.08415794929789841,0.8147810218978102
4181,0,0,0.08415794929789841,0.8147810218978102
77215,0,1,0.08415794929789841,0.8147810218978102
84112,0,0,0.08415794929789841,0.8147810218978102
51184,0,0,0.08415794929789841,0.8147810218978102
92441,0,1,0.08415794929789841,0.8147810218978102
87535,0,0,0.08415794929789841,0.8147810218978102
62292,1,1,0.08415794929789841,0.8147810218978102
26135,0,0,0.08415794929789841,0.8147810218978102
13451,0,0,0.08415794929789841,0.8147810218978102
92238,0,1,0.08415794929789841,0.8147810218978102
69252,0,0,0.08415794929789841,0.8147810218978102
48722,0,0,0.08415794929789841,0.8147810218978102
64270,0,1,0.08415794929789841,0.8147810218978102
76703,0,0,0.08415794929789841,0.8147810218978102
76849,0,0,0.08415794929789841,0.8147810218978102
80433,0,1,0.08415794929789841,0.8147810218978102
1524,0,0,0.08415794929789841,0.8147810218978102
35657,0,1,0.08415794929789841,0.8147810218978102
64857,0,0,0.08415794929789841,0.8147810218978102
9867,0,1,0.08415794929789841,0.8147810218978102
58996,0,1,0.08415794929789841,0.8147810218978102
88952,0,0,0.08415794929789841,0.8147810218978102
10289,0,0,0.08415794929789841,0.8147810218978102
57192,0,1,0.08415794929789841,0.8147810218978102
24864,0,1,0.08415794929789841,0.8147810218978102
29928,0,1,0.08415794929789841,0.8147810218978102
45155,0,1,0.08415794929789841,0.8147810218978102
99591,0,0,0.08415794929789841,0.8147810218978102
81530,0,0,0.08415794929789841,0.8147810218978102
29071,0,0,0.08415794929789841,0.8147810218978102
71402,0,1,0.08415794929789841,0.8147810218978102
77776,0,1,0.08415794929789841,0.8147810218978102
31277,0,0,0.08415794929789841,0.8147810218978102
9575,0,1,0.08415794929789841,0.8147810218978102
88187,0,1,0.08415794929789841,0.8147810218978102
28799,0,0,0.08415794929789841,0.8147810218978102
27224,0,1,0.08415794929789841,0.8147810218978102
43437,0,0,0.08415794929789841,0.8147810218978102
7271,0,0,0.08415794929789841,0.8147810218978102
12903,0,0,0.08415794929789841,0.8147810218978102
59874,1,1,0.08415794929789841,0.8147810218978102
28961,0,1,0.08415794929789841,0.8147810218978102
69413,0,0,0.08415794929789841,0.8147810218978102
13108,0,1,0.08415794929789841,0.8147810218978102
96192,0,0,0.08415794929789841,0.8147810218978102
98568,0,0,0.08415794929789841,0.8147810218978102
32,0,1,0.08415794929789841,0.8147810218978102
34963,0,1,0.08415794929789841,0.8147810218978102
1133,0,1,0.08415794929789841,0.8147810218978102
76547,0,0,0.08415794929789841,0.8147810218978102
29868,0,0,0.08415794929789841,0.8147810218978102
41630,0,0,0.08415794929789841,0.8147810218978102
14919,0,0,0.08415794929789841,0.8147810218978102
72474,0,1,0.08415794929789841,0.8147810218978102
23595,0,0,0.08415794929789841,0.8147810218978102
39184,0,1,0.08415794929789841,0.8147810218978102
26909,0,1,0.08415794929789841,0.8147810218978102
56442,0,0,0.08415794929789841,0.8147810218978102
88208,0,0,0.08415794929789841,0.8147810218978102
17454,0,0,0.08415794929789841,0.8147810218978102
16887,0,1,0.08415794929789841,0.8147810218978102
52670,0,0,0.08415794929789841,0.8147810218978102
33567,1,1,0.08415794929789841,0.8147810218978102
30024,0,0,0.08415794929789841,0.8147810218978102
88017,0,1,0.08415794929789841,0.8147810218978102
31079,0,0,0.08415794929789841,0.8147810218978102
84708,0,0,0.08415794929789841,0.8147810218978102
28960,0,1,0.08415794929789841,0.8147810218978102
35470,1,1,0.08415794929789841,0.8147810218978102
69445,0,1,0.08415794929789841,0.8147810218978102
60995,0,1,0.08415794929789841,0.8147810218978102
45156,0,0,0.08415794929789841,0.8147810218978102
10111,0,1,0.08415794929789841,0.8147810218978102
57464,0,0,0.08415794929789841,0.8147810218978102
3626,0,0,0.08415794929789841,0.8147810218978102
33625,0,0,0.08415794929789841,0.8147810218978102
64904,0,0,0.08415794929789841,0.8147810218978102
64238,0,0,0.08415794929789841,0.8147810218978102
559,0,0,0.08415794929789841,0.8147810218978102
13147,0,1,0.08415794929789841,0.8147810218978102
99845,0,0,0.08415794929789841,0.8147810218978102
51106,0,1,0.08415794929789841,0.8147810218978102
23491,0,1,0.08415794929789841,0.8147810218978102
9983,1,1,0.08415794929789841,0.8147810218978102
85730,0,0,0.08415794929789841,0.8147810218978102
99194,0,0,0.08415794929789841,0.8147810218978102
44203,0,1,0.08415794929789841,0.8147810218978102
33167,0,0,0.08415794929789841,0.8147810218978102
99523,0,0,0.08415794929789841,0.8147810218978102
10819,0,1,0.08415794929789841,0.8147810218978102
34633,0,1,0.08415794929789841,0.8147810218978102
62037,0,0,0.08415794929789841,0.8147810218978102
59861,0,1,0.08415794929789841,0.8147810218978102
84108,0,1,0.08415794929789841,0.8147810218978102
67793,0,1,0.08415794929789841,0.8147810218978102
5299,0,0,0.08415794929789841,0.8147810218978102
81655,0,1,0.08415794929789841,0.8147810218978102
77125,0,1,0.08415794929789841,0.8147810218978102
16313,0,0,0.08415794929789841,0.8147810218978102
21224,0,0,0.08415794929789841,0.8147810218978102
79531,0,1,0.08415794929789841,0.8147810218978102
27979,0,1,0.08415794929789841,0.8147810218978102
99769,0,1,0.08415794929789841,0.8147810218978102
38062,0,0,0.08415794929789841,0.8147810218978102
27499,0,1,0.08415794929789841,0.8147810218978102
28833,1,1,0.08415794929789841,0.8147810218978102
27537,0,0,0.08415794929789841,0.8147810218978102
15112,0,0,0.08415794929789841,0.8147810218978102
41190,0,1,0.08415794929789841,0.8147810218978102
853,0,1,0.08415794929789841,0.8147810218978102
33723,0,0,0.08415794929789841,0.8147810218978102
67564,0,0,0.08415794929789841,0.8147810218978102
50199,1,1,0.08415794929789841,0.8147810218978102
16954,0,1,0.08415794929789841,0.8147810218978102
88142,0,0,0.08415794929789841,0.8147810218978102
60419,0,0,0.08415794929789841,0.8147810218978102
88836,0,0,0.08415794929789841,0.8147810218978102
28365,0,0,0.08415794929789841,0.8147810218978102
6124,0,0,0.08415794929789841,0.8147810218978102
41564,0,1,0.08415794929789841,0.8147810218978102
65337,0,0,0.08415794929789841,0.8147810218978102
60345,0,1,0.08415794929789841,0.8147810218978102
29436,0,0,0.08415794929789841,0.8147810218978102
44264,0,1,0.08415794929789841,0.8147810218978102
34184,0,1,0.08415794929789841,0.8147810218978102
18756,0,0,0.08415794929789841,0.8147810218978102
72053,0,0,0.08415794929789841,0.8147810218978102
58135,0,1,0.08415794929789841,0.8147810218978102
85510,0,1,0.08415794929789841,0.8147810218978102
19856,0,0,0.08415794929789841,0.8147810218978102
72399,0,0,0.08415794929789841,0.8147810218978102
5454,0,1,0.08415794929789841,0.8147810218978102
26980,0,1,0.08415794929789841,0.8147810218978102
22443,0,0,0.08415794929789841,0.8147810218978102
95020,0,0,0.08415794929789841,0.8147810218978102
87796,0,0,0.08415794929789841,0.8147810218978102
11406,0,0,0.08415794929789841,0.8147810218978102
15348,0,1,0.08415794929789841,0.8147810218978102
97793,0,1,0.08415794929789841,0.8147810218978102
48207,0,1,0.08415794929789841,0.8147810218978102
97372,0,0,0.08415794929789841,0.8147810218978102
80160,0,0,0.08415794929789841,0.8147810218978102
11803,1,1,0.08415794929789841,0.8147810218978102
22817,0,0,0.08415794929789841,0.8147810218978102
13970,0,0,0.08415794929789841,0.8147810218978102
55545,1,1,0.08415794929789841,0.8147810218978102
55260,0,0,0.08415794929789841,0.8147810218978102
7903,0,0,0.08415794929789841,0.8147810218978102
52083,0,1,0.08415794929789841,0.8147810218978102
37414,0,1,0.08415794929789841,0.8147810218978102
81287,0,1,0.08415794929789841,0.8147810218978102
77127,0,1,0.08415794929789841,0.8147810218978102
1438,0,1,0.08415794929789841,0.8147810218978102
91205,0,0,0.08415794929789841,0.8147810218978102
63792,0,1,0.08415794929789841,0.8147810218978102
81998,0,1,0.08415794929789841,0.8147810218978102
42291,0,0,0.08415794929789841,0.8147810218978102
48784,0,0,0.08415794929789841,0.8147810218978102
18666,0,0,0.08415794929789841,0.8147810218978102
88987,0,1,0.08415794929789841,0.8147810218978102
35284,0,0,0.08415794929789841,0.8147810218978102
39338,0,1,0.08415794929789841,0.8147810218978102
80132,0,0,0.08415794929789841,0.8147810218978102
35221,0,0,0.08415794929789841,0.8147810218978102
62754,0,0,0.08415794929789841,0.8147810218978102
29914,0,0,0.08415794929789841,0.8147810218978102
97681,0,0,0.08415794929789841,0.8147810218978102
13849,0,0,0.08415794929789841,0.8147810218978102
30935,0,0,0.08415794929789841,0.8147810218978102
50992,0,1,0.08415794929789841,0.8147810218978102
76961,0,1,0.08415794929789841,0.8147810218978102
72430,0,1,0.08415794929789841,0.8147810218978102
68087,0,0,0.08415794929789841,0.8147810218978102
86985,0,0,0.08415794929789841,0.8147810218978102
68504,0,1,0.08415794929789841,0.8147810218978102
71182,0,1,0.08415794929789841,0.8147810218978102
58929,0,1,0.08415794929789841,0.8147810218978102
31404,0,1,0.08415794929789841,0.8147810218978102
68108,0,0,0.08415794929789841,0.8147810218978102
63118,0,0,0.08415794929789841,0.8147810218978102
22554,0,1,0.08415794929789841,0.8147810218978102
54419,0,1,0.08415794929789841,0.8147810218978102
82705,0,1,0.08415794929789841,0.8147810218978102
82823,0,1,0.08415794929789841,0.8147810218978102
10025,0,0,0.08415794929789841,0.8147810218978102
70488,0,1,0.08415794929789841,0.8147810218978102
9813,0,1,0.08415794929789841,0.8147810218978102
1009,1,1,0.08415794929789841,0.8147810218978102
63062,0,1,0.08415794929789841,0.8147810218978102
77407,0,1,0.08415794929789841,0.8147810218978102
42228,0,0,0.08415794929789841,0.8147810218978102
1682,0,0,0.08415794929789841,0.8147810218978102
84637,0,1,0.08415794929789841,0.8147810218978102
37123,0,1,0.08415794929789841,0.8147810218978102
6877,0,1,0.08415794929789841,0.8147810218978102
32702,0,1,0.08415794929789841,0.8147810218978102
29123,0,1,0.08415794929789841,0.8147810218978102
97952,0,1,0.08415794929789841,0.8147810218978102
31101,0,1,0.08415794929789841,0.8147810218978102
99868,0,0,0.08415794929789841,0.8147810218978102
49802,0,1,0.08415794929789841,0.8147810218978102
27882,0,1,0.08415794929789841,0.8147810218978102
31495,0,1,0.08415794929789841,0.8147810218978102
15528,0,1,0.08415794929789841,0.8147810218978102
73282,0,0,0.08415794929789841,0.8147810218978102
31524,0,1,0.08415794929789841,0.8147810218978102
59089,0,1,0.08415794929789841,0.8147810218978102
5448,1,1,0.08415794929789841,0.8147810218978102
9252,0,1,0.08415794929789841,0.8147810218978102
76653,0,1,0.08415794929789841,0.8147810218978102
1519,0,1,0.08415794929789841,0.8147810218978102
15277,0,1,0.08415794929789841,0.8147810218978102
54435,0,1,0.08415794929789841,0.8147810218978102
89743,0,1,0.08415794929789841,0.8147810218978102
33093,0,0,0.08415794929789841,0.8147810218978102
97752,0,1,0.08415794929789841,0.8147810218978102
16319,0,0,0.08415794929789841,0.8147810218978102
34329,0,0,0.08415794929789841,0.8147810218978102
40269,0,0,0.08415794929789841,0.8147810218978102
40593,0,1,0.08415794929789841,0.8147810218978102
18681,0,0,0.08415794929789841,0.8147810218978102
13660,0,1,0.08415794929789841,0.8147810218978102
5751,0,1,0.08415794929789841,0.8147810218978102
88229,0,0,0.08415794929789841,0.8147810218978102
2354,0,0,0.08415794929789841,0.8147810218978102
55373,0,1,0.08415794929789841,0.8147810218978102
97384,0,0,0.08415794929789841,0.8147810218978102
38497,0,1,0.08415794929789841,0.8147810218978102
68150,0,1,0.08415794929789841,0.8147810218978102
87414,0,0,0.08415794929789841,0.8147810218978102
39320,0,1,0.08415794929789841,0.8147810218978102
70631,0,0,0.08415794929789841,0.8147810218978102
81429,0,1,0.08415794929789841,0.8147810218978102
65455,0,0,0.08415794929789841,0.8147810218978102
86429,0,0,0.08415794929789841,0.8147810218978102
70408,0,0,0.08415794929789841,0.8147810218978102
13607,0,1,0.08415794929789841,0.8147810218978102
35057,0,1,0.08415794929789841,0.8147810218978102
84872,0,1,0.08415794929789841,0.8147810218978102
65013,0,0,0.08415794929789841,0.8147810218978102
92969,0,0,0.08415794929789841,0.8147810218978102
93995,1,0,0.08415794929789841,0.8147810218978102
61164,0,1,0.08415794929789841,0.8147810218978102
66632,0,0,0.08415794929789841,0.8147810218978102
49872,0,0,0.08415794929789841,0.8147810218978102
2510,0,1,0.08415794929789841,0.8147810218978102
88636,0,0,0.08415794929789841,0.8147810218978102
44645,0,0,0.08415794929789841,0.8147810218978102
28612,0,0,0.08415794929789841,0.8147810218978102
96597,0,1,0.08415794929789841,0.8147810218978102
74450,0,0,0.08415794929789841,0.8147810218978102
88679,0,1,0.08415794929789841,0.8147810218978102
19544,0,0,0.08415794929789841,0.8147810218978102
72013,0,0,0.08415794929789841,0.8147810218978102
98526,0,1,0.08415794929789841,0.8147810218978102
8356,0,1,0.08415794929789841,0.8147810218978102
37258,0,0,0.08415794929789841,0.8147810218978102
80496,0,0,0.08415794929789841,0.8147810218978102
91392,0,1,0.08415794929789841,0.8147810218978102
32722,0,1,0.08415794929789841,0.8147810218978102
2361,0,0,0.08415794929789841,0.8147810218978102
73632,0,1,0.08415794929789841,0.8147810218978102
93007,0,1,0.08415794929789841,0.8147810218978102
48662,0,1,0.08415794929789841,0.8147810218978102
77013,0,1,0.08415794929789841,0.8147810218978102
16749,0,0,0.08415794929789841,0.8147810218978102
69104,0,1,0.08415794929789841,0.8147810218978102
37183,0,1,0.08415794929789841,0.8147810218978102
38827,0,1,0.08415794929789841,0.8147810218978102
57805,0,1,0.08415794929789841,0.8147810218978102
2826,0,1,0.08415794929789841,0.8147810218978102
96783,0,1,0.08415794929789841,0.8147810218978102
8147,0,0,0.08415794929789841,0.8147810218978102
27947,0,1,0.08415794929789841,0.8147810218978102
54532,0,0,0.08415794929789841,0.8147810218978102
79829,0,0,0.08415794929789841,0.8147810218978102
38912,0,0,0.08415794929789841,0.8147810218978102
50652,0,0,0.08415794929789841,0.8147810218978102
70163,0,1,0.08415794929789841,0.8147810218978102
31261,0,0,0.08415794929789841,0.8147810218978102
50662,0,1,0.08415794929789841,0.8147810218978102
42041,0,1,0.08415794929789841,0.8147810218978102
94927,0,1,0.08415794929789841,0.8147810218978102
42115,0,1,0.08415794929789841,0.8147810218978102
76721,0,1,0.08415794929789841,0.8147810218978102
26651,0,1,0.08415794929789841,0.8147810218978102
62177,0,1,0.08415794929789841,0.8147810218978102
22955,0,1,0.08415794929789841,0.8147810218978102
40706,0,1,0.08415794929789841,0.8147810218978102
34030,0,0,0.08415794929789841,0.8147810218978102
59859,0,0,0.08415794929789841,0.8147810218978102
44692,0,0,0.08415794929789841,0.8147810218978102
19833,0,1,0.08415794929789841,0.8147810218978102
18679,0,1,0.08415794929789841,0.8147810218978102
626,0,0,0.08415794929789841,0.8147810218978102
21708,0,1,0.08415794929789841,0.8147810218978102
30484,1,1,0.08415794929789841,0.8147810218978102
59850,0,1,0.08415794929789841,0.8147810218978102
59585,0,0,0.08415794929789841,0.8147810218978102
47164,0,1,0.08415794929789841,0.8147810218978102
50818,1,1,0.08415794929789841,0.8147810218978102
95770,1,0,0.08415794929789841,0.8147810218978102
33275,0,0,0.08415794929789841,0.8147810218978102
51321,0,1,0.08415794929789841,0.8147810218978102
98151,0,0,0.08415794929789841,0.8147810218978102
78897,0,1,0.08415794929789841,0.8147810218978102
69056,0,1,0.08415794929789841,0.8147810218978102
59828,0,0,0.08415794929789841,0.8147810218978102
62528,0,1,0.08415794929789841,0.8147810218978102
93630,0,0,0.08415794929789841,0.8147810218978102
19972,0,0,0.08415794929789841,0.8147810218978102
50747,0,0,0.08415794929789841,0.8147810218978102
41912,0,1,0.08415794929789841,0.8147810218978102
10791,0,0,0.08415794929789841,0.8147810218978102
11006,0,1,0.08415794929789841,0.8147810218978102
67461,0,1,0.08415794929789841,0.8147810218978102
49979,0,0,0.08415794929789841,0.8147810218978102
85885,0,0,0.08415794929789841,0.8147810218978102
92991,0,0,0.08415794929789841,0.8147810218978102
75144,0,0,0.08415794929789841,0.8147810218978102
28204,0,1,0.08415794929789841,0.8147810218978102
25353,0,1,0.08415794929789841,0.8147810218978102
99237,0,1,0.08415794929789841,0.8147810218978102
70242,0,0,0.08415794929789841,0.8147810218978102
26872,0,0,0.08415794929789841,0.8147810218978102
47735,0,1,0.08415794929789841,0.8147810218978102
30697,0,0,0.08415794929789841,0.8147810218978102
64600,0,0,0.08415794929789841,0.8147810218978102
97030,0,1,0.08415794929789841,0.8147810218978102
78439,0,0,0.08415794929789841,0.8147810218978102
56771,0,1,0.08415794929789841,0.8147810218978102
12757,0,0,0.08415794929789841,0.8147810218978102
69892,0,0,0.08415794929789841,0.8147810218978102
16004,0,1,0.08415794929789841,0.8147810218978102
17577,0,1,0.08415794929789841,0.8147810218978102
3853,0,0,0.08415794929789841,0.8147810218978102
17249,0,0,0.08415794929789841,0.8147810218978102
44200,0,1,0.08415794929789841,0.8147810218978102
65521,0,1,0.08415794929789841,0.8147810218978102
64289,0,1,0.08415794929789841,0.8147810218978102
77768,0,1,0.08415794929789841,0.8147810218978102
39570,0,1,0.08415794929789841,0.8147810218978102
42982,0,1,0.08415794929789841,0.8147810218978102
32890,0,0,0.08415794929789841,0.8147810218978102
54989,0,0,0.08415794929789841,0.8147810218978102
57714,1,1,0.08415794929789841,0.8147810218978102
1495,0,0,0.08415794929789841,0.8147810218978102
60938,0,1,0.08415794929789841,0.8147810218978102
99832,0,1,0.08415794929789841,0.8147810218978102
77281,0,0,0.08415794929789841,0.8147810218978102
58496,0,1,0.08415794929789841,0.8147810218978102
76083,0,0,0.08415794929789841,0.8147810218978102
99015,0,1,0.08415794929789841,0.8147810218978102
18332,0,1,0.08415794929789841,0.8147810218978102
8035,0,0,0.08415794929789841,0.8147810218978102
97077,1,1,0.08415794929789841,0.8147810218978102
52525,0,0,0.08415794929789841,0.8147810218978102
12112,0,0,0.08415794929789841,0.8147810218978102
54808,0,0,0.08415794929789841,0.8147810218978102
18112,0,1,0.08415794929789841,0.8147810218978102
46970,0,0,0.08415794929789841,0.8147810218978102
5382,0,1,0.08415794929789841,0.8147810218978102
5058,0,1,0.08415794929789841,0.8147810218978102
44888,0,1,0.08415794929789841,0.8147810218978102
83456,0,0,0.08415794929789841,0.8147810218978102
97382,0,0,0.08415794929789841,0.8147810218978102
60395,0,1,0.08415794929789841,0.8147810218978102
37880,0,1,0.08415794929789841,0.8147810218978102
15956,0,1,0.08415794929789841,0.8147810218978102
89276,0,1,0.08415794929789841,0.8147810218978102
60757,0,0,0.08415794929789841,0.8147810218978102
73066,0,1,0.08415794929789841,0.8147810218978102
7843,0,1,0.08415794929789841,0.8147810218978102
58964,0,0,0.08415794929789841,0.8147810218978102
74725,0,0,0.08415794929789841,0.8147810218978102
21667,0,1,0.08415794929789841,0.8147810218978102
28886,0,0,0.08415794929789841,0.8147810218978102
19946,0,1,0.08415794929789841,0.8147810218978102
50651,0,1,0.08415794929789841,0.8147810218978102
5306,0,0,0.08415794929789841,0.8147810218978102
36025,0,0,0.08415794929789841,0.8147810218978102
3726,0,1,0.08415794929789841,0.8147810218978102
85481,1,1,0.08415794929789841,0.8147810218978102
14898,1,1,0.08415794929789841,0.8147810218978102
46936,0,1,0.08415794929789841,0.8147810218978102
84027,0,1,0.08415794929789841,0.8147810218978102
64142,1,1,0.08415794929789841,0.8147810218978102
69988,0,0,0.08415794929789841,0.8147810218978102
10740,0,0,0.08415794929789841,0.8147810218978102
78228,0,1,0.08415794929789841,0.8147810218978102
59514,0,1,0.08415794929789841,0.8147810218978102
47506,0,0,0.08415794929789841,0.8147810218978102
37316,0,1,0.08415794929789841,0.8147810218978102
13301,0,1,0.08415794929789841,0.8147810218978102
23734,0,0,0.08415794929789841,0.8147810218978102
30607,0,1,0.08415794929789841,0.8147810218978102
76556,0,1,0.08415794929789841,0.8147810218978102
62821,0,1,0.08415794929789841,0.8147810218978102
56044,0,0,0.08415794929789841,0.8147810218978102
34868,0,0,0.08415794929789841,0.8147810218978102
10136,0,1,0.08415794929789841,0.8147810218978102
71058,0,1,0.08415794929789841,0.8147810218978102
25568,0,0,0.08415794929789841,0.8147810218978102
88186,0,1,0.08415794929789841,0.8147810218978102
93380,0,1,0.08415794929789841,0.8147810218978102
18318,0,1,0.08415794929789841,0.8147810218978102
11036,0,0,0.08415794929789841,0.8147810218978102
14260,0,1,0.08415794929789841,0.8147810218978102
35353,1,1,0.08415794929789841,0.8147810218978102
18383,0,0,0.08415794929789841,0.8147810218978102
49581,0,0,0.08415794929789841,0.8147810218978102
60544,0,0,0.08415794929789841,0.8147810218978102
91558,0,1,0.08415794929789841,0.8147810218978102
80032,0,0,0.08415794929789841,0.8147810218978102
80672,0,1,0.08415794929789841,0.8147810218978102
1074,0,0,0.08415794929789841,0.8147810218978102
13200,1,1,0.08415794929789841,0.8147810218978102
78335,0,1,0.08415794929789841,0.8147810218978102
14442,0,0,0.08415794929789841,0.8147810218978102
53636,0,0,0.08415794929789841,0.8147810218978102
6652,0,0,0.08415794929789841,0.8147810218978102
83111,0,0,0.08415794929789841,0.8147810218978102
8192,0,1,0.08415794929789841,0.8147810218978102
70003,0,1,0.08415794929789841,0.8147810218978102
17979,0,1,0.08415794929789841,0.8147810218978102
29984,0,1,0.08415794929789841,0.8147810218978102
31693,0,1,0.08415794929789841,0.8147810218978102
2390,1,1,0.08415794929789841,0.8147810218978102
80952,0,0,0.08415794929789841,0.8147810218978102
60782,0,1,0.08415794929789841,0.8147810218978102
54278,1,1,0.08415794929789841,0.8147810218978102
51594,0,1,0.08415794929789841,0.8147810218978102
62087,1,1,0.08415794929789841,0.8147810218978102
78568,0,0,0.08415794929789841,0.8147810218978102
91494,0,0,0.08415794929789841,0.8147810218978102
10594,0,0,0.08415794929789841,0.8147810218978102
5161,0,0,0.08415794929789841,0.8147810218978102
18254,0,1,0.08415794929789841,0.8147810218978102
4127,0,1,0.08415794929789841,0.8147810218978102
15641,1,1,0.08415794929789841,0.8147810218978102
47192,0,1,0.08415794929789841,0.8147810218978102
42187,0,0,0.08415794929789841,0.8147810218978102
66047,0,0,0.08415794929789841,0.8147810218978102
66210,0,1,0.08415794929789841,0.8147810218978102
48880,0,1,0.08415794929789841,0.8147810218978102
85576,0,1,0.08415794929789841,0.8147810218978102
14091,0,1,0.08415794929789841,0.8147810218978102
99223,0,0,0.08415794929789841,0.8147810218978102
63465,0,1,0.08415794929789841,0.8147810218978102
64283,0,1,0.08415794929789841,0.8147810218978102
30512,0,1,0.08415794929789841,0.8147810218978102
30858,0,1,0.08415794929789841,0.8147810218978102
27042,0,0,0.08415794929789841,0.8147810218978102
82904,0,0,0.08415794929789841,0.8147810218978102
68205,0,0,0.08415794929789841,0.8147810218978102
65797,0,1,0.08415794929789841,0.8147810218978102
10254,0,1,0.08415794929789841,0.8147810218978102
73281,1,1,0.08415794929789841,0.8147810218978102
68616,0,0,0.08415794929789841,0.8147810218978102
63264,0,1,0.08415794929789841,0.8147810218978102
51529,0,1,0.08415794929789841,0.8147810218978102
89434,0,0,0.08415794929789841,0.8147810218978102
34563,0,0,0.08415794929789841,0.8147810218978102
17545,1,0,0.08415794929789841,0.8147810218978102
46518,0,0,0.08415794929789841,0.8147810218978102
89763,1,1,0.08415794929789841,0.8147810218978102
9294,0,1,0.08415794929789841,0.8147810218978102
78926,0,0,0.08415794929789841,0.8147810218978102
28688,0,1,0.08415794929789841,0.8147810218978102
121,0,1,0.08415794929789841,0.8147810218978102
45881,0,1,0.08415794929789841,0.8147810218978102
64046,0,1,0.08415794929789841,0.8147810218978102
2616,0,1,0.08415794929789841,0.8147810218978102
3508,0,1,0.08415794929789841,0.8147810218978102
48940,0,0,0.08415794929789841,0.8147810218978102
61977,0,0,0.08415794929789841,0.8147810218978102
26881,0,0,0.08415794929789841,0.8147810218978102
61922,0,0,0.08415794929789841,0.8147810218978102
5253,0,1,0.08415794929789841,0.8147810218978102
61152,0,1,0.08415794929789841,0.8147810218978102
11465,0,0,0.08415794929789841,0.8147810218978102
86596,0,0,0.08415794929789841,0.8147810218978102
87496,0,1,0.08415794929789841,0.8147810218978102
47393,0,1,0.08415794929789841,0.8147810218978102
40440,0,1,0.08415794929789841,0.8147810218978102
85957,0,1,0.08415794929789841,0.8147810218978102
89390,0,1,0.08415794929789841,0.8147810218978102
66322,0,1,0.08415794929789841,0.8147810218978102
73957,0,1,0.08415794929789841,0.8147810218978102
20200,0,0,0.08415794929789841,0.8147810218978102
77390,0,0,0.08415794929789841,0.8147810218978102
21034,0,0,0.08415794929789841,0.8147810218978102
37171,0,1,0.08415794929789841,0.8147810218978102
64545,0,1,0.08415794929789841,0.8147810218978102
62190,0,1,0.08415794929789841,0.8147810218978102
11675,0,1,0.08415794929789841,0.8147810218978102
49177,1,0,0.08415794929789841,0.8147810218978102
86650,0,1,0.08415794929789841,0.8147810218978102
2750,0,0,0.08415794929789841,0.8147810218978102
33875,0,0,0.08415794929789841,0.8147810218978102
42966,0,1,0.08415794929789841,0.8147810218978102
75846,0,0,0.08415794929789841,0.8147810218978102
96650,0,1,0.08415794929789841,0.8147810218978102
7921,0,1,0.08415794929789841,0.8147810218978102
97771,1,1,0.08415794929789841,0.8147810218978102
99959,0,0,0.08415794929789841,0.8147810218978102
85922,0,1,0.08415794929789841,0.8147810218978102
24006,0,0,0.08415794929789841,0.8147810218978102
64642,0,1,0.08415794929789841,0.8147810218978102
72551,0,1,0.08415794929789841,0.8147810218978102
90581,0,1,0.08415794929789841,0.8147810218978102
42001,0,1,0.08415794929789841,0.8147810218978102
36683,0,1,0.08415794929789841,0.8147810218978102
39394,0,0,0.08415794929789841,0.8147810218978102
33958,0,1,0.08415794929789841,0.8147810218978102
27375,0,1,0.08415794929789841,0.8147810218978102
37469,0,1,0.08415794929789841,0.8147810218978102
95348,0,1,0.08415794929789841,0.8147810218978102
61609,0,1,0.08415794929789841,0.8147810218978102
13826,0,0,0.08415794929789841,0.8147810218978102
19944,0,0,0.08415794929789841,0.8147810218978102
85336,0,0,0.08415794929789841,0.8147810218978102
74908,0,0,0.08415794929789841,0.8147810218978102
12705,0,1,0.08415794929789841,0.8147810218978102
3831,1,1,0.08415794929789841,0.8147810218978102
23360,0,0,0.08415794929789841,0.8147810218978102
60046,0,1,0.08415794929789841,0.8147810218978102
96543,0,0,0.08415794929789841,0.8147810218978102
80656,0,0,0.08415794929789841,0.8147810218978102
73287,0,1,0.08415794929789841,0.8147810218978102
28621,0,0,0.08415794929789841,0.8147810218978102
24771,0,1,0.08415794929789841,0.8147810218978102
81040,0,0,0.08415794929789841,0.8147810218978102
36024,0,0,0.08415794929789841,0.8147810218978102
76165,0,0,0.08415794929789841,0.8147810218978102
52120,0,0,0.08415794929789841,0.8147810218978102
74470,0,1,0.08415794929789841,0.8147810218978102
79054,0,1,0.08415794929789841,0.8147810218978102
7881,1,1,0.08415794929789841,0.8147810218978102
23395,0,1,0.08415794929789841,0.8147810218978102
84546,0,1,0.08415794929789841,0.8147810218978102
92346,0,0,0.08415794929789841,0.8147810218978102
94826,0,0,0.08415794929789841,0.8147810218978102
67527,0,1,0.08415794929789841,0.8147810218978102
8161,0,1,0.08415794929789841,0.8147810218978102
26549,0,0,0.08415794929789841,0.8147810218978102
31143,0,1,0.08415794929789841,0.8147810218978102
89254,0,0,0.08415794929789841,0.8147810218978102
26835,0,0,0.08415794929789841,0.8147810218978102
17516,0,1,0.08415794929789841,0.8147810218978102
27854,0,1,0.08415794929789841,0.8147810218978102
50597,0,1,0.08415794929789841,0.8147810218978102
71557,0,0,0.08415794929789841,0.8147810218978102
24727,0,1,0.08415794929789841,0.8147810218978102
36736,0,1,0.08415794929789841,0.8147810218978102
55512,0,0,0.08415794929789841,0.8147810218978102
58618,0,1,0.08415794929789841,0.8147810218978102
79211,0,1,0.08415794929789841,0.8147810218978102
93098,0,1,0.08415794929789841,0.8147810218978102
79517,0,1,0.08415794929789841,0.8147810218978102
85500,0,1,0.08415794929789841,0.8147810218978102
29486,0,1,0.08415794929789841,0.8147810218978102
44540,0,1,0.08415794929789841,0.8147810218978102
93136,0,0,0.08415794929789841,0.8147810218978102
96111,0,0,0.08415794929789841,0.8147810218978102
60433,1,1,0.08415794929789841,0.8147810218978102
86468,0,1,0.08415794929789841,0.8147810218978102
35360,0,0,0.08415794929789841,0.8147810218978102
69894,0,0,0.08415794929789841,0.8147810218978102
71489,0,1,0.08415794929789841,0.8147810218978102
17365,0,0,0.08415794929789841,0.8147810218978102
70593,0,0,0.08415794929789841,0.8147810218978102
86172,0,1,0.08415794929789841,0.8147810218978102
70855,1,1,0.08415794929789841,0.8147810218978102
13040,0,0,0.08415794929789841,0.8147810218978102
65779,0,0,0.08415794929789841,0.8147810218978102
94670,0,1,0.08415794929789841,0.8147810218978102
5377,0,0,0.08415794929789841,0.8147810218978102
80142,0,0,0.08415794929789841,0.8147810218978102
57238,0,0,0.08415794929789841,0.8147810218978102
42568,0,1,0.08415794929789841,0.8147810218978102
1491,0,1,0.08415794929789841,0.8147810218978102
74608,0,0,0.08415794929789841,0.8147810218978102
53323,0,1,0.08415794929789841,0.8147810218978102
8197,0,1,0.08415794929789841,0.8147810218978102
31753,0,0,0.08415794929789841,0.8147810218978102
98812,0,1,0.08415794929789841,0.8147810218978102
42072,0,0,0.08415794929789841,0.8147810218978102
11642,0,0,0.08415794929789841,0.8147810218978102
25531,0,1,0.08415794929789841,0.8147810218978102
54855,0,0,0.08415794929789841,0.8147810218978102
39500,0,0,0.08415794929789841,0.8147810218978102
38194,1,1,0.08415794929789841,0.8147810218978102
93531,0,1,0.08415794929789841,0.8147810218978102
13773,0,0,0.08415794929789841,0.8147810218978102
7337,1,1,0.08415794929789841,0.8147810218978102
62578,0,0,0.08415794929789841,0.8147810218978102
61205,0,1,0.08415794929789841,0.8147810218978102
46963,0,0,0.08415794929789841,0.8147810218978102
72780,0,1,0.08415794929789841,0.8147810218978102
99887,0,0,0.08415794929789841,0.8147810218978102
98143,0,1,0.08415794929789841,0.8147810218978102
48802,0,1,0.08415794929789841,0.8147810218978102
37733,1,1,0.08415794929789841,0.8147810218978102
48464,1,0,0.08415794929789841,0.8147810218978102
45543,0,1,0.08415794929789841,0.8147810218978102
4807,0,0,0.08415794929789841,0.8147810218978102
58534,0,1,0.08415794929789841,0.8147810218978102
49163,0,1,0.08415794929789841,0.8147810218978102
76234,0,0,0.08415794929789841,0.8147810218978102
17046,0,0,0.08415794929789841,0.8147810218978102
7067,0,1,0.08415794929789841,0.8147810218978102
43693,0,0,0.08415794929789841,0.8147810218978102
62270,0,1,0.08415794929789841,0.8147810218978102
57521,0,1,0.08415794929789841,0.8147810218978102
37720,1,1,0.08415794929789841,0.8147810218978102
2190,0,1,0.08415794929789841,0.8147810218978102
76531,0,0,0.08415794929789841,0.8147810218978102
95815,0,0,0.08415794929789841,0.8147810218978102
88177,0,0,0.08415794929789841,0.8147810218978102
10660,0,0,0.08415794929789841,0.8147810218978102
64670,0,1,0.08415794929789841,0.8147810218978102
83802,0,1,0.08415794929789841,0.8147810218978102
4282,0,1,0.08415794929789841,0.8147810218978102
87278,0,1,0.08415794929789841,0.8147810218978102
35278,0,0,0.08415794929789841,0.8147810218978102
67826,0,1,0.08415794929789841,0.8147810218978102
3661,0,1,0.08415794929789841,0.8147810218978102
28513,0,0,0.08415794929789841,0.8147810218978102
86137,0,1,0.08415794929789841,0.8147810218978102
98824,0,0,0.08415794929789841,0.8147810218978102
92339,0,1,0.08415794929789841,0.8147810218978102
57708,1,1,0.08415794929789841,0.8147810218978102
51279,1,1,0.08415794929789841,0.8147810218978102
91243,0,0,0.08415794929789841,0.8147810218978102
53522,0,0,0.08415794929789841,0.8147810218978102
47683,0,0,0.08415794929789841,0.8147810218978102
15916,0,1,0.08415794929789841,0.8147810218978102
57706,0,0,0.08415794929789841,0.8147810218978102
79343,0,0,0.08415794929789841,0.8147810218978102
33933,0,1,0.08415794929789841,0.8147810218978102
84205,0,0,0.08415794929789841,0.8147810218978102
3351,0,0,0.08415794929789841,0.8147810218978102
75064,0,0,0.08415794929789841,0.8147810218978102
76126,0,1,0.08415794929789841,0.8147810218978102
4110,0,1,0.08415794929789841,0.8147810218978102
44306,0,0,0.08415794929789841,0.8147810218978102
1360,0,1,0.08415794929789841,0.8147810218978102
66748,0,0,0.08415794929789841,0.8147810218978102
16012,0,1,0.08415794929789841,0.8147810218978102
70417,0,1,0.08415794929789841,0.8147810218978102
904,0,0,0.08415794929789841,0.8147810218978102
48853,0,1,0.08415794929789841,0.8147810218978102
6813,0,1,0.08415794929789841,0.8147810218978102
21223,0,1,0.08415794929789841,0.8147810218978102
88366,0,1,0.08415794929789841,0.8147810218978102
55022,1,1,0.08415794929789841,0.8147810218978102
81664,0,0,0.08415794929789841,0.8147810218978102
96807,0,0,0.08415794929789841,0.8147810218978102
98519,0,1,0.08415794929789841,0.8147810218978102
93354,0,0,0.08415794929789841,0.8147810218978102
14625,0,0,0.08415794929789841,0.8147810218978102
18977,0,1,0.08415794929789841,0.8147810218978102
21309,0,1,0.08415794929789841,0.8147810218978102
30816,0,1,0.08415794929789841,0.8147810218978102
1880,0,1,0.08415794929789841,0.8147810218978102
2143,0,0,0.08415794929789841,0.8147810218978102
24077,0,0,0.08415794929789841,0.8147810218978102
29799,0,1,0.08415794929789841,0.8147810218978102
91779,0,0,0.08415794929789841,0.8147810218978102
90420,0,0,0.08415794929789841,0.8147810218978102
69243,0,1,0.08415794929789841,0.8147810218978102
9765,0,1,0.08415794929789841,0.8147810218978102
65493,0,1,0.08415794929789841,0.8147810218978102
9624,0,0,0.08415794929789841,0.8147810218978102
32995,0,1,0.08415794929789841,0.8147810218978102
631,0,0,0.08415794929789841,0.8147810218978102
69511,0,0,0.08415794929789841,0.8147810218978102
83154,0,0,0.08415794929789841,0.8147810218978102
61919,0,1,0.08415794929789841,0.8147810218978102
2870,1,1,0.08415794929789841,0.8147810218978102
95753,1,0,0.08415794929789841,0.8147810218978102
52216,0,0,0.08415794929789841,0.8147810218978102
22474,0,1,0.08415794929789841,0.8147810218978102
47597,0,1,0.08415794929789841,0.8147810218978102
46070,0,1,0.08415794929789841,0.8147810218978102
19536,0,0,0.08415794929789841,0.8147810218978102
21635,0,1,0.08415794929789841,0.8147810218978102
74912,0,0,0.08415794929789841,0.8147810218978102
10382,0,0,0.08415794929789841,0.8147810218978102
99128,0,0,0.08415794929789841,0.8147810218978102
65390,0,0,0.08415794929789841,0.8147810218978102
30260,0,0,0.08415794929789841,0.8147810218978102
2545,0,0,0.08415794929789841,0.8147810218978102
50111,0,0,0.08415794929789841,0.8147810218978102
15622,0,1,0.08415794929789841,0.8147810218978102
3458,0,1,0.08415794929789841,0.8147810218978102
54636,0,1,0.08415794929789841,0.8147810218978102
3279,0,1,0.08415794929789841,0.8147810218978102
95968,0,0,0.08415794929789841,0.8147810218978102
69541,0,0,0.08415794929789841,0.8147810218978102
83660,0,1,0.08415794929789841,0.8147810218978102
36756,0,1,0.08415794929789841,0.8147810218978102
88363,1,1,0.08415794929789841,0.8147810218978102
51477,0,0,0.08415794929789841,0.8147810218978102
65392,1,1,0.08415794929789841,0.8147810218978102
75885,0,0,0.08415794929789841,0.8147810218978102
73939,0,0,0.08415794929789841,0.8147810218978102
40791,0,1,0.08415794929789841,0.8147810218978102
51802,0,0,0.08415794929789841,0.8147810218978102
60775,0,1,0.08415794929789841,0.8147810218978102
37993,0,0,0.08415794929789841,0.8147810218978102
27877,0,1,0.08415794929789841,0.8147810218978102
65516,0,0,0.08415794929789841,0.8147810218978102
32771,0,0,0.08415794929789841,0.8147810218978102
74819,0,0,0.08415794929789841,0.8147810218978102
18473,0,1,0.08415794929789841,0.8147810218978102
83857,0,0,0.08415794929789841,0.8147810218978102
86444,0,1,0.08415794929789841,0.8147810218978102
23647,0,0,0.08415794929789841,0.8147810218978102
75334,0,1,0.08415794929789841,0.8147810218978102
78762,0,1,0.08415794929789841,0.8147810218978102
40818,0,1,0.08415794929789841,0.8147810218978102
54349,0,0,0.08415794929789841,0.8147810218978102
89458,0,1,0.08415794929789841,0.8147810218978102
4390,0,0,0.08415794929789841,0.8147810218978102
68966,0,0,0.08415794929789841,0.8147810218978102
82093,0,0,0.08415794929789841,0.8147810218978102
69229,0,1,0.08415794929789841,0.8147810218978102
43094,0,1,0.08415794929789841,0.8147810218978102
44874,1,1,0.08415794929789841,0.8147810218978102
12630,0,0,0.08415794929789841,0.8147810218978102
62604,0,0,0.08415794929789841,0.8147810218978102
3964,0,0,0.08415794929789841,0.8147810218978102
1557,0,1,0.08415794929789841,0.8147810218978102
47423,0,0,0.08415794929789841,0.8147810218978102
74551,0,1,0.08415794929789841,0.8147810218978102
51282,0,0,0.08415794929789841,0.8147810218978102
62632,0,1,0.08415794929789841,0.8147810218978102
35517,0,0,0.08415794929789841,0.8147810218978102
19640,0,1,0.08415794929789841,0.8147810218978102
61437,0,1,0.08415794929789841,0.8147810218978102
68223,0,0,0.08415794929789841,0.8147810218978102
80755,0,1,0.08415794929789841,0.8147810218978102
10596,0,1,0.08415794929789841,0.8147810218978102
32576,0,0,0.08415794929789841,0.8147810218978102
16949,0,0,0.08415794929789841,0.8147810218978102
55340,0,1,0.08415794929789841,0.8147810218978102
60769,0,0,0.08415794929789841,0.8147810218978102
29866,0,1,0.08415794929789841,0.8147810218978102
99014,0,0,0.08415794929789841,0.8147810218978102
56823,0,0,0.08415794929789841,0.8147810218978102
22788,1,1,0.08415794929789841,0.8147810218978102
39169,0,1,0.08415794929789841,0.8147810218978102
40475,1,1,0.08415794929789841,0.8147810218978102
99492,0,0,0.08415794929789841,0.8147810218978102
59152,0,1,0.08415794929789841,0.8147810218978102
44983,0,1,0.08415794929789841,0.8147810218978102
76141,0,1,0.08415794929789841,0.8147810218978102
59480,0,1,0.08415794929789841,0.8147810218978102
4230,0,1,0.08415794929789841,0.8147810218978102
63570,0,0,0.08415794929789841,0.8147810218978102
84531,0,1,0.08415794929789841,0.8147810218978102
24703,0,1,0.08415794929789841,0.8147810218978102
35147,0,1,0.08415794929789841,0.8147810218978102
10553,0,0,0.08415794929789841,0.8147810218978102
28431,0,0,0.08415794929789841,0.8147810218978102
6111,0,0,0.08415794929789841,0.8147810218978102
83522,0,1,0.08415794929789841,0.8147810218978102
20292,0,0,0.08415794929789841,0.8147810218978102
78805,0,0,0.08415794929789841,0.8147810218978102
19587,0,0,0.08415794929789841,0.8147810218978102
69103,0,1,0.08415794929789841,0.8147810218978102
80311,0,0,0.08415794929789841,0.8147810218978102
11228,0,0,0.08415794929789841,0.8147810218978102
89342,0,0,0.08415794929789841,0.8147810218978102
72265,0,0,0.08415794929789841,0.8147810218978102
10206,0,0,0.08415794929789841,0.8147810218978102
76859,0,1,0.08415794929789841,0.8147810218978102
91875,0,1,0.08415794929789841,0.8147810218978102
69393,0,1,0.08415794929789841,0.8147810218978102
1863,0,0,0.08415794929789841,0.8147810218978102
53423,0,0,0.08415794929789841,0.8147810218978102
8988,0,1,0.08415794929789841,0.8147810218978102
77006,1,1,0.08415794929789841,0.8147810218978102
91958,0,1,0.08415794929789841,0.8147810218978102
68283,0,0,0.08415794929789841,0.8147810218978102
42293,0,0,0.08415794929789841,0.8147810218978102
59522,0,0,0.08415794929789841,0.8147810218978102
52622,0,1,0.08415794929789841,0.8147810218978102
48506,0,1,0.08415794929789841,0.8147810218978102
71139,1,1,0.08415794929789841,0.8147810218978102
5296,0,0,0.08415794929789841,0.8147810218978102
62675,0,1,0.08415794929789841,0.8147810218978102
45921,1,1,0.08415794929789841,0.8147810218978102
50675,0,0,0.08415794929789841,0.8147810218978102
72238,0,1,0.08415794929789841,0.8147810218978102
62403,0,1,0.08415794929789841,0.8147810218978102
8463,0,1,0.08415794929789841,0.8147810218978102
62690,0,0,0.08415794929789841,0.8147810218978102
69274,0,0,0.08415794929789841,0.8147810218978102
1729,0,1,0.08415794929789841,0.8147810218978102
73076,0,1,0.08415794929789841,0.8147810218978102
97119,0,0,0.08415794929789841,0.8147810218978102
78452,0,1,0.08415794929789841,0.8147810218978102
99538,0,1,0.08415794929789841,0.8147810218978102
30016,0,0,0.08415794929789841,0.8147810218978102
98227,0,0,0.08415794929789841,0.8147810218978102
46453,0,0,0.08415794929789841,0.8147810218978102
16278,0,1,0.08415794929789841,0.8147810218978102
71050,0,1,0.08415794929789841,0.8147810218978102
14363,0,0,0.08415794929789841,0.8147810218978102
18189,0,0,0.08415794929789841,0.8147810218978102
81589,0,0,0.08415794929789841,0.8147810218978102
13762,0,1,0.08415794929789841,0.8147810218978102
88309,0,1,0.08415794929789841,0.8147810218978102
17420,0,0,0.08415794929789841,0.8147810218978102
69396,0,1,0.08415794929789841,0.8147810218978102
61216,1,1,0.08415794929789841,0.8147810218978102
27155,0,0,0.08415794929789841,0.8147810218978102
209,0,0,0.08415794929789841,0.8147810218978102
99286,0,1,0.08415794929789841,0.8147810218978102
46023,0,1,0.08415794929789841,0.8147810218978102
56859,0,0,0.08415794929789841,0.8147810218978102
29690,0,1,0.08415794929789841,0.8147810218978102
58959,0,0,0.08415794929789841,0.8147810218978102
14249,0,1,0.08415794929789841,0.8147810218978102
73037,0,1,0.08415794929789841,0.8147810218978102
63321,0,1,0.08415794929789841,0.8147810218978102
89427,0,1,0.08415794929789841,0.8147810218978102
59061,0,1,0.08415794929789841,0.8147810218978102
61818,0,1,0.08415794929789841,0.8147810218978102
18893,0,0,0.08415794929789841,0.8147810218978102
58230,0,0,0.08415794929789841,0.8147810218978102
61438,0,0,0.08415794929789841,0.8147810218978102
55555,0,0,0.08415794929789841,0.8147810218978102
83951,0,0,0.08415794929789841,0.8147810218978102
84894,0,1,0.08415794929789841,0.8147810218978102
17347,0,0,0.08415794929789841,0.8147810218978102
98616,0,0,0.08415794929789841,0.8147810218978102
46576,0,1,0.08415794929789841,0.8147810218978102
1231,0,1,0.08415794929789841,0.8147810218978102
50531,0,1,0.08415794929789841,0.8147810218978102
64464,0,0,0.08415794929789841,0.8147810218978102
32250,0,1,0.08415794929789841,0.8147810218978102
97659,0,0,0.08415794929789841,0.8147810218978102
37755,0,1,0.08415794929789841,0.8147810218978102
68168,0,1,0.08415794929789841,0.8147810218978102
20299,0,1,0.08415794929789841,0.8147810218978102
79133,0,0,0.08415794929789841,0.8147810218978102
85484,0,0,0.08415794929789841,0.8147810218978102
90428,0,0,0.08415794929789841,0.8147810218978102
21341,0,0,0.08415794929789841,0.8147810218978102
40451,1,0,0.08415794929789841,0.8147810218978102
13277,0,1,0.08415794929789841,0.8147810218978102
45158,0,0,0.08415794929789841,0.8147810218978102
14282,0,0,0.08415794929789841,0.8147810218978102
90685,0,1,0.08415794929789841,0.8147810218978102
31138,0,1,0.08415794929789841,0.8147810218978102
770,0,1,0.08415794929789841,0.8147810218978102
75193,0,0,0.08415794929789841,0.8147810218978102
68246,0,0,0.08415794929789841,0.8147810218978102
36841,0,1,0.08415794929789841,0.8147810218978102
45952,0,0,0.08415794929789841,0.8147810218978102
36117,0,1,0.08415794929789841,0.8147810218978102
69687,0,1,0.08415794929789841,0.8147810218978102
83910,0,1,0.08415794929789841,0.8147810218978102
95801,0,0,0.08415794929789841,0.8147810218978102
88163,0,0,0.08415794929789841,0.8147810218978102
65363,0,0,0.08415794929789841,0.8147810218978102
84289,0,1,0.08415794929789841,0.8147810218978102
77316,0,1,0.08415794929789841,0.8147810218978102
53443,0,0,0.08415794929789841,0.8147810218978102
21976,0,1,0.08415794929789841,0.8147810218978102
14198,0,0,0.08415794929789841,0.8147810218978102
98761,0,1,0.08415794929789841,0.8147810218978102
40773,0,1,0.08415794929789841,0.8147810218978102
98988,0,1,0.08415794929789841,0.8147810218978102
45775,0,0,0.08415794929789841,0.8147810218978102
75250,0,1,0.08415794929789841,0.8147810218978102
2524,1,1,0.08415794929789841,0.8147810218978102
8775,0,0,0.08415794929789841,0.8147810218978102
17456,0,0,0.08415794929789841,0.8147810218978102
46043,0,1,0.08415794929789841,0.8147810218978102
23370,0,1,0.08415794929789841,0.8147810218978102
20559,0,1,0.08415794929789841,0.8147810218978102
66942,0,0,0.08415794929789841,0.8147810218978102
16612,0,0,0.08415794929789841,0.8147810218978102
95499,0,0,0.08415794929789841,0.8147810218978102
44978,0,1,0.08415794929789841,0.8147810218978102
63652,0,0,0.08415794929789841,0.8147810218978102
34964,0,1,0.08415794929789841,0.8147810218978102
99491,0,1,0.08415794929789841,0.8147810218978102
36936,0,0,0.08415794929789841,0.8147810218978102
92523,0,0,0.08415794929789841,0.8147810218978102
27129,1,1,0.08415794929789841,0.8147810218978102
38198,0,1,0.08415794929789841,0.8147810218978102
31732,0,0,0.08415794929789841,0.8147810218978102
62699,0,0,0.08415794929789841,0.8147810218978102
25473,0,1,0.08415794929789841,0.8147810218978102
47586,0,1,0.08415794929789841,0.8147810218978102
10940,0,1,0.08415794929789841,0.8147810218978102
76325,0,1,0.08415794929789841,0.8147810218978102
34130,0,1,0.08415794929789841,0.8147810218978102
27073,0,1,0.08415794929789841,0.8147810218978102
75985,0,1,0.08415794929789841,0.8147810218978102
78971,0,1,0.08415794929789841,0.8147810218978102
56004,0,0,0.08415794929789841,0.8147810218978102
23080,0,1,0.08415794929789841,0.8147810218978102
38456,0,1,0.08415794929789841,0.8147810218978102
42448,0,0,0.08415794929789841,0.8147810218978102
64988,0,0,0.08415794929789841,0.8147810218978102
58882,0,1,0.08415794929789841,0.8147810218978102
40432,0,1,0.08415794929789841,0.8147810218978102
66219,0,0,0.08415794929789841,0.8147810218978102
35071,0,1,0.08415794929789841,0.8147810218978102
14336,0,0,0.08415794929789841,0.8147810218978102
89331,0,0,0.08415794929789841,0.8147810218978102
57990,0,1,0.08415794929789841,0.8147810218978102
15506,0,0,0.08415794929789841,0.8147810218978102
39076,0,0,0.08415794929789841,0.8147810218978102
25392,0,1,0.08415794929789841,0.8147810218978102
34639,0,0,0.08415794929789841,0.8147810218978102
28784,0,0,0.08415794929789841,0.8147810218978102
38587,0,0,0.08415794929789841,0.8147810218978102
87679,0,1,0.08415794929789841,0.8147810218978102
49938,0,0,0.08415794929789841,0.8147810218978102
55454,0,1,0.08415794929789841,0.8147810218978102
54358,0,1,0.08415794929789841,0.8147810218978102
6585,0,0,0.08415794929789841,0.8147810218978102
15707,0,1,0.08415794929789841,0.8147810218978102
35412,0,1,0.08415794929789841,0.8147810218978102
32944,0,0,0.08415794929789841,0.8147810218978102
1122,0,1,0.08415794929789841,0.8147810218978102
18370,0,0,0.08415794929789841,0.8147810218978102
55201,0,1,0.08415794929789841,0.8147810218978102
86450,0,0,0.08415794929789841,0.8147810218978102
15873,0,0,0.08415794929789841,0.8147810218978102
25668,0,1,0.08415794929789841,0.8147810218978102
96644,0,1,0.08415794929789841,0.8147810218978102
97437,0,1,0.08415794929789841,0.8147810218978102
18209,0,1,0.08415794929789841,0.8147810218978102
61477,0,0,0.08415794929789841,0.8147810218978102
51247,0,0,0.08415794929789841,0.8147810218978102
25985,0,1,0.08415794929789841,0.8147810218978102
600,0,0,0.08415794929789841,0.8147810218978102
52257,0,1,0.08415794929789841,0.8147810218978102
82982,0,1,0.08415794929789841,0.8147810218978102
31492,0,1,0.08415794929789841,0.8147810218978102
22394,0,1,0.08415794929789841,0.8147810218978102
73736,0,1,0.08415794929789841,0.8147810218978102
51635,0,0,0.08415794929789841,0.8147810218978102
15064,0,1,0.08415794929789841,0.8147810218978102
78083,0,1,0.08415794929789841,0.8147810218978102
32029,0,0,0.08415794929789841,0.8147810218978102
47013,0,1,0.08415794929789841,0.8147810218978102
55186,0,0,0.08415794929789841,0.8147810218978102
93600,0,0,0.08415794929789841,0.8147810218978102
83310,0,0,0.08415794929789841,0.8147810218978102
15619,0,0,0.08415794929789841,0.8147810218978102
79005,0,1,0.08415794929789841,0.8147810218978102
10077,0,0,0.08415794929789841,0.8147810218978102
75833,0,1,0.08415794929789841,0.8147810218978102
41362,0,0,0.08415794929789841,0.8147810218978102
66122,0,0,0.08415794929789841,0.8147810218978102
64041,0,1,0.08415794929789841,0.8147810218978102
63199,1,1,0.08415794929789841,0.8147810218978102
54672,0,1,0.08415794929789841,0.8147810218978102
71090,0,1,0.08415794929789841,0.8147810218978102
78035,0,0,0.08415794929789841,0.8147810218978102
5259,0,1,0.08415794929789841,0.8147810218978102
35188,0,0,0.08415794929789841,0.8147810218978102
57606,0,1,0.08415794929789841,0.8147810218978102
59666,0,1,0.08415794929789841,0.8147810218978102
95111,0,1,0.08415794929789841,0.8147810218978102
24782,0,0,0.08415794929789841,0.8147810218978102
27250,0,0,0.08415794929789841,0.8147810218978102
21189,0,1,0.08415794929789841,0.8147810218978102
43680,0,1,0.08415794929789841,0.8147810218978102
73643,0,1,0.08415794929789841,0.8147810218978102
22291,0,0,0.08415794929789841,0.8147810218978102
72417,0,1,0.08415794929789841,0.8147810218978102
33862,0,0,0.08415794929789841,0.8147810218978102
72627,0,0,0.08415794929789841,0.8147810218978102
45103,0,0,0.08415794929789841,0.8147810218978102
42742,0,0,0.08415794929789841,0.8147810218978102
7758,0,0,0.08415794929789841,0.8147810218978102
45911,1,1,0.08415794929789841,0.8147810218978102
47438,0,0,0.08415794929789841,0.8147810218978102
93409,0,0,0.08415794929789841,0.8147810218978102
29017,0,1,0.08415794929789841,0.8147810218978102
51023,0,1,0.08415794929789841,0.8147810218978102
35454,0,0,0.08415794929789841,0.8147810218978102
61640,0,1,0.08415794929789841,0.8147810218978102
35730,0,1,0.08415794929789841,0.8147810218978102
70932,0,0,0.08415794929789841,0.8147810218978102
7987,0,0,0.08415794929789841,0.8147810218978102
44510,0,1,0.08415794929789841,0.8147810218978102
32123,0,1,0.08415794929789841,0.8147810218978102
48308,0,1,0.08415794929789841,0.8147810218978102
60848,0,0,0.08415794929789841,0.8147810218978102
25551,0,1,0.08415794929789841,0.8147810218978102
28968,0,1,0.08415794929789841,0.8147810218978102
42090,0,1,0.08415794929789841,0.8147810218978102
27795,0,1,0.08415794929789841,0.8147810218978102
49232,0,1,0.08415794929789841,0.8147810218978102
38293,0,1,0.08415794929789841,0.8147810218978102
75729,0,1,0.08415794929789841,0.8147810218978102
53873,0,0,0.08415794929789841,0.8147810218978102
47152,0,0,0.08415794929789841,0.8147810218978102
35240,0,1,0.08415794929789841,0.8147810218978102
20264,0,1,0.08415794929789841,0.8147810218978102
12059,0,0,0.08415794929789841,0.8147810218978102
96405,0,1,0.08415794929789841,0.8147810218978102
75964,0,1,0.08415794929789841,0.8147810218978102
21772,0,1,0.08415794929789841,0.8147810218978102
7408,0,1,0.08415794929789841,0.8147810218978102
4229,0,1,0.08415794929789841,0.8147810218978102
47259,0,0,0.08415794929789841,0.8147810218978102
97664,0,0,0.08415794929789841,0.8147810218978102
43064,0,1,0.08415794929789841,0.8147810218978102
66391,0,0,0.08415794929789841,0.8147810218978102
63850,0,0,0.08415794929789841,0.8147810218978102
75812,0,1,0.08415794929789841,0.8147810218978102
60156,0,1,0.08415794929789841,0.8147810218978102
24070,0,1,0.08415794929789841,0.8147810218978102
89054,0,1,0.08415794929789841,0.8147810218978102
65420,0,1,0.08415794929789841,0.8147810218978102
92294,0,0,0.08415794929789841,0.8147810218978102
34274,0,1,0.08415794929789841,0.8147810218978102
52308,0,0,0.08415794929789841,0.8147810218978102
61974,0,1,0.08415794929789841,0.8147810218978102
23965,0,1,0.08415794929789841,0.8147810218978102
28188,0,0,0.08415794929789841,0.8147810218978102
4020,0,1,0.08415794929789841,0.8147810218978102
71443,0,1,0.08415794929789841,0.8147810218978102
82755,0,1,0.08415794929789841,0.8147810218978102
42660,0,1,0.08415794929789841,0.8147810218978102
80190,0,1,0.08415794929789841,0.8147810218978102
65500,0,1,0.08415794929789841,0.8147810218978102
49916,0,1,0.08415794929789841,0.8147810218978102
88101,0,0,0.08415794929789841,0.8147810218978102
75135,0,1,0.08415794929789841,0.8147810218978102
86133,0,1,0.08415794929789841,0.8147810218978102
28128,0,1,0.08415794929789841,0.8147810218978102
30061,0,0,0.08415794929789841,0.8147810218978102
28176,0,1,0.08415794929789841,0.8147810218978102
12696,0,1,0.08415794929789841,0.8147810218978102
25968,0,0,0.08415794929789841,0.8147810218978102
60983,0,1,0.08415794929789841,0.8147810218978102
77834,0,0,0.08415794929789841,0.8147810218978102
42092,0,1,0.08415794929789841,0.8147810218978102
41721,0,0,0.08415794929789841,0.8147810218978102
16698,0,1,0.08415794929789841,0.8147810218978102
56055,0,1,0.08415794929789841,0.8147810218978102
80482,0,0,0.08415794929789841,0.8147810218978102
88421,0,0,0.08415794929789841,0.8147810218978102
74926,0,1,0.08415794929789841,0.8147810218978102
93411,0,1,0.08415794929789841,0.8147810218978102
57384,0,0,0.08415794929789841,0.8147810218978102
7946,0,0,0.08415794929789841,0.8147810218978102
394,1,1,0.08415794929789841,0.8147810218978102
60219,0,0,0.08415794929789841,0.8147810218978102
60485,0,1,0.08415794929789841,0.8147810218978102
47306,0,0,0.08415794929789841,0.8147810218978102
53119,0,1,0.08415794929789841,0.8147810218978102
80336,0,0,0.08415794929789841,0.8147810218978102
74924,0,0,0.08415794929789841,0.8147810218978102
16699,0,1,0.08415794929789841,0.8147810218978102
10789,0,0,0.08415794929789841,0.8147810218978102
76300,0,0,0.08415794929789841,0.8147810218978102
12874,0,0,0.08415794929789841,0.8147810218978102
5162,0,0,0.08415794929789841,0.8147810218978102
4798,0,0,0.08415794929789841,0.8147810218978102
16651,0,1,0.08415794929789841,0.8147810218978102
44701,0,0,0.08415794929789841,0.8147810218978102
18331,0,1,0.08415794929789841,0.8147810218978102
77402,0,1,0.08415794929789841,0.8147810218978102
88947,0,1,0.08415794929789841,0.8147810218978102
42640,0,1,0.08415794929789841,0.8147810218978102
64329,0,0,0.08415794929789841,0.8147810218978102
80110,0,0,0.08415794929789841,0.8147810218978102
53433,0,0,0.08415794929789841,0.8147810218978102
58891,0,0,0.08415794929789841,0.8147810218978102
50967,0,1,0.08415794929789841,0.8147810218978102
64224,0,0,0.08415794929789841,0.8147810218978102
63306,1,0,0.08415794929789841,0.8147810218978102
73344,0,1,0.08415794929789841,0.8147810218978102
81,0,1,0.08415794929789841,0.8147810218978102
90768,0,0,0.08415794929789841,0.8147810218978102
2759,0,0,0.08415794929789841,0.8147810218978102
55869,0,1,0.08415794929789841,0.8147810218978102
36968,0,1,0.08415794929789841,0.8147810218978102
85365,0,0,0.08415794929789841,0.8147810218978102
52938,0,1,0.08415794929789841,0.8147810218978102
26813,0,1,0.08415794929789841,0.8147810218978102
2331,0,1,0.08415794929789841,0.8147810218978102
33522,0,1,0.08415794929789841,0.8147810218978102
60596,0,1,0.08415794929789841,0.8147810218978102
66176,0,1,0.08415794929789841,0.8147810218978102
48198,0,0,0.08415794929789841,0.8147810218978102
59301,1,1,0.08415794929789841,0.8147810218978102
1443,0,0,0.08415794929789841,0.8147810218978102
84901,0,1,0.08415794929789841,0.8147810218978102
28867,0,1,0.08415794929789841,0.8147810218978102
81210,0,0,0.08415794929789841,0.8147810218978102
61170,0,1,0.08415794929789841,0.8147810218978102
73636,0,1,0.08415794929789841,0.8147810218978102
50238,0,1,0.08415794929789841,0.8147810218978102
90986,0,0,0.08415794929789841,0.8147810218978102
15145,0,0,0.08415794929789841,0.8147810218978102
57461,0,1,0.08415794929789841,0.8147810218978102
21672,0,0,0.08415794929789841,0.8147810218978102
43646,0,1,0.08415794929789841,0.8147810218978102
46884,0,0,0.08415794929789841,0.8147810218978102
9488,0,0,0.08415794929789841,0.8147810218978102
64375,0,0,0.08415794929789841,0.8147810218978102
50117,0,0,0.08415794929789841,0.8147810218978102
94006,0,0,0.08415794929789841,0.8147810218978102
62012,0,1,0.08415794929789841,0.8147810218978102
82856,0,1,0.08415794929789841,0.8147810218978102
7822,0,1,0.08415794929789841,0.8147810218978102
82470,1,0,0.08415794929789841,0.8147810218978102
62744,0,1,0.08415794929789841,0.8147810218978102
73315,0,0,0.08415794929789841,0.8147810218978102
27912,0,1,0.08415794929789841,0.8147810218978102
10864,1,0,0.08415794929789841,0.8147810218978102
1344,1,1,0.08415794929789841,0.8147810218978102
61148,0,0,0.08415794929789841,0.8147810218978102
91206,0,1,0.08415794929789841,0.8147810218978102
67271,0,0,0.08415794929789841,0.8147810218978102
67512,0,1,0.08415794929789841,0.8147810218978102
1070,0,0,0.08415794929789841,0.8147810218978102
58563,0,0,0.08415794929789841,0.8147810218978102
7618,0,0,0.08415794929789841,0.8147810218978102
56528,0,1,0.08415794929789841,0.8147810218978102
75013,0,1,0.08415794929789841,0.8147810218978102
69501,0,0,0.08415794929789841,0.8147810218978102
88399,0,0,0.08415794929789841,0.8147810218978102
41266,0,1,0.08415794929789841,0.8147810218978102
35046,0,0,0.08415794929789841,0.8147810218978102
21845,0,1,0.08415794929789841,0.8147810218978102
3847,0,1,0.08415794929789841,0.8147810218978102
34823,0,1,0.08415794929789841,0.8147810218978102
80369,0,1,0.08415794929789841,0.8147810218978102
88514,0,0,0.08415794929789841,0.8147810218978102
92424,0,1,0.08415794929789841,0.8147810218978102
19170,0,0,0.08415794929789841,0.8147810218978102
86186,0,0,0.08415794929789841,0.8147810218978102
64839,0,1,0.08415794929789841,0.8147810218978102
19658,0,0,0.08415794929789841,0.8147810218978102
39327,0,1,0.08415794929789841,0.8147810218978102
85505,0,1,0.08415794929789841,0.8147810218978102
88306,0,0,0.08415794929789841,0.8147810218978102
14224,0,0,0.08415794929789841,0.8147810218978102
33979,0,0,0.08415794929789841,0.8147810218978102
5870,0,0,0.08415794929789841,0.8147810218978102
13164,0,1,0.08415794929789841,0.8147810218978102
12062,1,1,0.08415794929789841,0.8147810218978102
77450,0,0,0.08415794929789841,0.8147810218978102
54270,0,1,0.08415794929789841,0.8147810218978102
27681,0,1,0.08415794929789841,0.8147810218978102
90151,0,1,0.08415794929789841,0.8147810218978102
32824,0,1,0.08415794929789841,0.8147810218978102
13022,0,0,0.08415794929789841,0.8147810218978102
93812,1,1,0.08415794929789841,0.8147810218978102
69473,0,1,0.08415794929789841,0.8147810218978102
22583,0,1,0.08415794929789841,0.8147810218978102
35718,0,0,0.08415794929789841,0.8147810218978102
3425,0,1,0.08415794929789841,0.8147810218978102
48293,0,1,0.08415794929789841,0.8147810218978102
42822,0,1,0.08415794929789841,0.8147810218978102
73869,0,0,0.08415794929789841,0.8147810218978102
65193,0,1,0.08415794929789841,0.8147810218978102
34228,0,0,0.08415794929789841,0.8147810218978102
11174,1,0,0.08415794929789841,0.8147810218978102
57904,0,0,0.08415794929789841,0.8147810218978102
27657,0,1,0.08415794929789841,0.8147810218978102
11857,0,1,0.08415794929789841,0.8147810218978102
39049,0,1,0.08415794929789841,0.8147810218978102
31207,0,1,0.08415794929789841,0.8147810218978102
9179,0,1,0.08415794929789841,0.8147810218978102
22181,0,1,0.08415794929789841,0.8147810218978102
80031,0,1,0.08415794929789841,0.8147810218978102
17709,1,1,0.08415794929789841,0.8147810218978102
45506,0,0,0.08415794929789841,0.8147810218978102
51490,0,0,0.08415794929789841,0.8147810218978102
41594,0,1,0.08415794929789841,0.8147810218978102
23482,0,1,0.08415794929789841,0.8147810218978102
44245,0,1,0.08415794929789841,0.8147810218978102
58253,0,1,0.08415794929789841,0.8147810218978102
20873,0,1,0.08415794929789841,0.8147810218978102
96387,0,1,0.08415794929789841,0.8147810218978102
39230,1,1,0.08415794929789841,0.8147810218978102
90389,0,0,0.08415794929789841,0.8147810218978102
29003,0,1,0.08415794929789841,0.8147810218978102
64094,0,0,0.08415794929789841,0.8147810218978102
29712,0,0,0.08415794929789841,0.8147810218978102
39700,0,1,0.08415794929789841,0.8147810218978102
53897,0,1,0.08415794929789841,0.8147810218978102
40529,0,1,0.08415794929789841,0.8147810218978102
71983,0,1,0.08415794929789841,0.8147810218978102
97789,0,1,0.08415794929789841,0.8147810218978102
16140,1,0,0.08415794929789841,0.8147810218978102
23063,0,0,0.08415794929789841,0.8147810218978102
37516,0,0,0.08415794929789841,0.8147810218978102
48087,0,0,0.08415794929789841,0.8147810218978102
20229,1,1,0.08415794929789841,0.8147810218978102
84430,0,1,0.08415794929789841,0.8147810218978102
11094,0,0,0.08415794929789841,0.8147810218978102
54753,0,1,0.08415794929789841,0.8147810218978102
18420,0,0,0.08415794929789841,0.8147810218978102
12349,0,1,0.08415794929789841,0.8147810218978102
79225,0,0,0.08415794929789841,0.8147810218978102
59686,0,1,0.08415794929789841,0.8147810218978102
86959,0,1,0.08415794929789841,0.8147810218978102
8480,0,0,0.08415794929789841,0.8147810218978102
16713,0,1,0.08415794929789841,0.8147810218978102
80647,0,1,0.08415794929789841,0.8147810218978102
90878,0,1,0.08415794929789841,0.8147810218978102
53204,0,1,0.08415794929789841,0.8147810218978102
34348,0,0,0.08415794929789841,0.8147810218978102
26257,0,1,0.08415794929789841,0.8147810218978102
59501,0,1,0.08415794929789841,0.8147810218978102
80354,0,0,0.08415794929789841,0.8147810218978102
63607,0,1,0.08415794929789841,0.8147810218978102
34965,0,1,0.08415794929789841,0.8147810218978102
22841,0,0,0.08415794929789841,0.8147810218978102
43151,0,0,0.08415794929789841,0.8147810218978102
30775,0,0,0.08415794929789841,0.8147810218978102
39679,0,0,0.08415794929789841,0.8147810218978102
94171,0,1,0.08415794929789841,0.8147810218978102
46756,0,1,0.08415794929789841,0.8147810218978102
74614,0,1,0.08415794929789841,0.8147810218978102
97051,0,1,0.08415794929789841,0.8147810218978102
78510,1,0,0.08415794929789841,0.8147810218978102
1892,0,0,0.08415794929789841,0.8147810218978102
9350,0,1,0.08415794929789841,0.8147810218978102
22651,0,1,0.08415794929789841,0.8147810218978102
81615,0,1,0.08415794929789841,0.8147810218978102
7550,0,0,0.08415794929789841,0.8147810218978102
11566,0,0,0.08415794929789841,0.8147810218978102
72059,0,1,0.08415794929789841,0.8147810218978102
73902,0,0,0.08415794929789841,0.8147810218978102
79999,0,1,0.08415794929789841,0.8147810218978102
66077,0,1,0.08415794929789841,0.8147810218978102
39638,0,0,0.08415794929789841,0.8147810218978102
22525,0,1,0.08415794929789841,0.8147810218978102
39787,0,0,0.08415794929789841,0.8147810218978102
10350,0,0,0.08415794929789841,0.8147810218978102
97603,0,0,0.08415794929789841,0.8147810218978102
88670,0,1,0.08415794929789841,0.8147810218978102
21552,0,1,0.08415794929789841,0.8147810218978102
73131,0,1,0.08415794929789841,0.8147810218978102
86554,0,1,0.08415794929789841,0.8147810218978102
79112,0,1,0.08415794929789841,0.8147810218978102
72718,0,1,0.08415794929789841,0.8147810218978102
3086,0,1,0.08415794929789841,0.8147810218978102
19395,0,1,0.08415794929789841,0.8147810218978102
48643,0,0,0.08415794929789841,0.8147810218978102
14532,0,0,0.08415794929789841,0.8147810218978102
51857,0,1,0.08415794929789841,0.8147810218978102
80870,0,0,0.08415794929789841,0.8147810218978102
5572,0,1,0.08415794929789841,0.8147810218978102
59962,0,1,0.08415794929789841,0.8147810218978102
26511,0,0,0.08415794929789841,0.8147810218978102
78135,0,0,0.08415794929789841,0.8147810218978102
8639,0,1,0.08415794929789841,0.8147810218978102
44380,0,1,0.08415794929789841,0.8147810218978102
61972,0,1,0.08415794929789841,0.8147810218978102
1746,0,0,0.08415794929789841,0.8147810218978102
61866,0,1,0.08415794929789841,0.8147810218978102
72808,0,0,0.08415794929789841,0.8147810218978102
98665,0,0,0.08415794929789841,0.8147810218978102
34593,0,0,0.08415794929789841,0.8147810218978102
91679,0,1,0.08415794929789841,0.8147810218978102
88971,0,1,0.08415794929789841,0.8147810218978102
21419,0,1,0.08415794929789841,0.8147810218978102
64836,0,1,0.08415794929789841,0.8147810218978102
51572,0,0,0.08415794929789841,0.8147810218978102
78716,0,0,0.08415794929789841,0.8147810218978102
17496,0,0,0.08415794929789841,0.8147810218978102
30349,0,1,0.08415794929789841,0.8147810218978102
4808,0,1,0.08415794929789841,0.8147810218978102
88107,0,1,0.08415794929789841,0.8147810218978102
90092,0,0,0.08415794929789841,0.8147810218978102
85740,0,0,0.08415794929789841,0.8147810218978102
73497,0,1,0.08415794929789841,0.8147810218978102
415,0,1,0.08415794929789841,0.8147810218978102
88293,0,1,0.08415794929789841,0.8147810218978102
11439,0,1,0.08415794929789841,0.8147810218978102
63746,0,1,0.08415794929789841,0.8147810218978102
60449,0,0,0.08415794929789841,0.8147810218978102
76000,0,0,0.08415794929789841,0.8147810218978102
18531,0,1,0.08415794929789841,0.8147810218978102
48302,0,0,0.08415794929789841,0.8147810218978102
17996,0,1,0.08415794929789841,0.8147810218978102
3460,0,0,0.08415794929789841,0.8147810218978102
80237,0,0,0.08415794929789841,0.8147810218978102
71845,0,1,0.08415794929789841,0.8147810218978102
80214,0,1,0.08415794929789841,0.8147810218978102
9557,0,1,0.08415794929789841,0.8147810218978102
54573,0,1,0.08415794929789841,0.8147810218978102
53478,0,1,0.08415794929789841,0.8147810218978102
87420,0,1,0.08415794929789841,0.8147810218978102
53956,0,0,0.08415794929789841,0.8147810218978102
55320,0,0,0.08415794929789841,0.8147810218978102
85287,0,0,0.08415794929789841,0.8147810218978102
1396,0,0,0.08415794929789841,0.8147810218978102
42267,0,1,0.08415794929789841,0.8147810218978102
36210,0,1,0.08415794929789841,0.8147810218978102
41058,1,1,0.08415794929789841,0.8147810218978102
62705,0,1,0.08415794929789841,0.8147810218978102
3492,0,1,0.08415794929789841,0.8147810218978102
41661,0,1,0.08415794929789841,0.8147810218978102
98826,0,1,0.08415794929789841,0.8147810218978102
38512,0,0,0.08415794929789841,0.8147810218978102
46927,0,0,0.08415794929789841,0.8147810218978102
79775,0,0,0.08415794929789841,0.8147810218978102
3268,0,0,0.08415794929789841,0.8147810218978102
68485,0,0,0.08415794929789841,0.8147810218978102
48805,0,1,0.08415794929789841,0.8147810218978102
23609,0,1,0.08415794929789841,0.8147810218978102
5965,1,1,0.08415794929789841,0.8147810218978102
33115,1,1,0.08415794929789841,0.8147810218978102
36812,0,0,0.08415794929789841,0.8147810218978102
52206,0,0,0.08415794929789841,0.8147810218978102
64185,0,0,0.08415794929789841,0.8147810218978102
71784,0,0,0.08415794929789841,0.8147810218978102
36804,0,1,0.08415794929789841,0.8147810218978102
90677,0,0,0.08415794929789841,0.8147810218978102
24938,0,1,0.08415794929789841,0.8147810218978102
68922,1,1,0.08415794929789841,0.8147810218978102
21548,0,0,0.08415794929789841,0.8147810218978102
81494,0,1,0.08415794929789841,0.8147810218978102
88833,0,0,0.08415794929789841,0.8147810218978102
54189,0,0,0.08415794929789841,0.8147810218978102
93317,0,0,0.08415794929789841,0.8147810218978102
93415,0,1,0.08415794929789841,0.8147810218978102
28408,0,1,0.08415794929789841,0.8147810218978102
65604,0,0,0.08415794929789841,0.8147810218978102
38531,0,1,0.08415794929789841,0.8147810218978102
59981,0,0,0.08415794929789841,0.8147810218978102
80594,0,0,0.08415794929789841,0.8147810218978102
81758,1,1,0.08415794929789841,0.8147810218978102
41720,0,1,0.08415794929789841,0.8147810218978102
86289,0,1,0.08415794929789841,0.8147810218978102
99383,0,0,0.08415794929789841,0.8147810218978102
1610,0,0,0.08415794929789841,0.8147810218978102
913,0,1,0.08415794929789841,0.8147810218978102
19375,0,1,0.08415794929789841,0.8147810218978102
1172,0,1,0.08415794929789841,0.8147810218978102
83756,0,0,0.08415794929789841,0.8147810218978102
58829,0,1,0.08415794929789841,0.8147810218978102
74319,0,1,0.08415794929789841,0.8147810218978102
20121,0,1,0.08415794929789841,0.8147810218978102
47798,0,0,0.08415794929789841,0.8147810218978102
91005,0,0,0.08415794929789841,0.8147810218978102
83246,0,1,0.08415794929789841,0.8147810218978102
11469,0,1,0.08415794929789841,0.8147810218978102
15477,1,1,0.08415794929789841,0.8147810218978102
24906,0,0,0.08415794929789841,0.8147810218978102
62784,1,0,0.08415794929789841,0.8147810218978102
99847,0,1,0.08415794929789841,0.8147810218978102
10469,0,0,0.08415794929789841,0.8147810218978102
53187,0,1,0.08415794929789841,0.8147810218978102
99093,0,1,0.08415794929789841,0.8147810218978102
82182,0,0,0.08415794929789841,0.8147810218978102
66443,0,0,0.08415794929789841,0.8147810218978102
23262,0,0,0.08415794929789841,0.8147810218978102
84055,0,0,0.08415794929789841,0.8147810218978102
51916,0,1,0.08415794929789841,0.8147810218978102
57319,0,1,0.08415794929789841,0.8147810218978102
11187,0,0,0.08415794929789841,0.8147810218978102
55468,0,1,0.08415794929789841,0.8147810218978102
19869,0,0,0.08415794929789841,0.8147810218978102
11653,0,1,0.08415794929789841,0.8147810218978102
89738,0,0,0.08415794929789841,0.8147810218978102
60747,0,0,0.08415794929789841,0.8147810218978102
71907,0,1,0.08415794929789841,0.8147810218978102
50741,0,1,0.08415794929789841,0.8147810218978102
79698,1,1,0.08415794929789841,0.8147810218978102
77752,0,1,0.08415794929789841,0.8147810218978102
1126,0,0,0.08415794929789841,0.8147810218978102
77812,1,1,0.08415794929789841,0.8147810218978102
11837,0,0,0.08415794929789841,0.8147810218978102
15263,0,1,0.08415794929789841,0.8147810218978102
95237,0,0,0.08415794929789841,0.8147810218978102
83060,0,0,0.08415794929789841,0.8147810218978102
10050,0,0,0.08415794929789841,0.8147810218978102
6548,0,1,0.08415794929789841,0.8147810218978102
31348,0,0,0.08415794929789841,0.8147810218978102
17776,0,0,0.08415794929789841,0.8147810218978102
24130,0,1,0.08415794929789841,0.8147810218978102
89576,0,1,0.08415794929789841,0.8147810218978102
84758,0,0,0.08415794929789841,0.8147810218978102
36008,0,1,0.08415794929789841,0.8147810218978102
74681,0,0,0.08415794929789841,0.8147810218978102
58261,0,0,0.08415794929789841,0.8147810218978102
47142,0,1,0.08415794929789841,0.8147810218978102
24281,0,1,0.08415794929789841,0.8147810218978102
77853,0,0,0.08415794929789841,0.8147810218978102
51273,0,1,0.08415794929789841,0.8147810218978102
36322,0,1,0.08415794929789841,0.8147810218978102
70996,0,0,0.08415794929789841,0.8147810218978102
29330,0,0,0.08415794929789841,0.8147810218978102
59101,0,1,0.08415794929789841,0.8147810218978102
22030,0,0,0.08415794929789841,0.8147810218978102
70494,0,0,0.08415794929789841,0.8147810218978102
62473,0,0,0.08415794929789841,0.8147810218978102
16472,0,1,0.08415794929789841,0.8147810218978102
98236,0,1,0.08415794929789841,0.8147810218978102
87156,1,1,0.08415794929789841,0.8147810218978102
1204,0,0,0.08415794929789841,0.8147810218978102
78154,0,1,0.08415794929789841,0.8147810218978102
2160,0,1,0.08415794929789841,0.8147810218978102
16179,0,0,0.08415794929789841,0.8147810218978102
97396,0,1,0.08415794929789841,0.8147810218978102
26075,0,0,0.08415794929789841,0.8147810218978102
29561,0,0,0.08415794929789841,0.8147810218978102
66884,0,0,0.08415794929789841,0.8147810218978102
32745,0,1,0.08415794929789841,0.8147810218978102
81482,0,1,0.08415794929789841,0.8147810218978102
10342,0,1,0.08415794929789841,0.8147810218978102
25097,0,1,0.08415794929789841,0.8147810218978102
99255,0,1,0.08415794929789841,0.8147810218978102
11654,0,0,0.08415794929789841,0.8147810218978102
47107,0,0,0.08415794929789841,0.8147810218978102
5702,0,1,0.08415794929789841,0.8147810218978102
53414,0,0,0.08415794929789841,0.8147810218978102
53567,0,1,0.08415794929789841,0.8147810218978102
88034,0,1,0.08415794929789841,0.8147810218978102
62237,0,0,0.08415794929789841,0.8147810218978102
26334,0,0,0.08415794929789841,0.8147810218978102
79664,0,1,0.08415794929789841,0.8147810218978102
41,0,0,0.08415794929789841,0.8147810218978102
31777,1,0,0.08415794929789841,0.8147810218978102
25104,0,0,0.08415794929789841,0.8147810218978102
95464,0,0,0.08415794929789841,0.8147810218978102
54958,0,1,0.08415794929789841,0.8147810218978102
55535,0,1,0.08415794929789841,0.8147810218978102
41822,0,0,0.08415794929789841,0.8147810218978102
58043,0,1,0.08415794929789841,0.8147810218978102
49655,0,1,0.08415794929789841,0.8147810218978102
53962,0,1,0.08415794929789841,0.8147810218978102
65674,0,0,0.08415794929789841,0.8147810218978102
73473,0,0,0.08415794929789841,0.8147810218978102
3618,0,1,0.08415794929789841,0.8147810218978102
97791,0,0,0.08415794929789841,0.8147810218978102
62442,0,1,0.08415794929789841,0.8147810218978102
30284,0,1,0.08415794929789841,0.8147810218978102
40630,1,1,0.08415794929789841,0.8147810218978102
39834,0,0,0.08415794929789841,0.8147810218978102
54510,0,0,0.08415794929789841,0.8147810218978102
98581,0,0,0.08415794929789841,0.8147810218978102
28257,0,0,0.08415794929789841,0.8147810218978102
53495,0,0,0.08415794929789841,0.8147810218978102
12290,0,1,0.08415794929789841,0.8147810218978102
41879,0,0,0.08415794929789841,0.8147810218978102
78148,0,0,0.08415794929789841,0.8147810218978102
51906,0,0,0.08415794929789841,0.8147810218978102
48748,0,0,0.08415794929789841,0.8147810218978102
60669,0,1,0.08415794929789841,0.8147810218978102
66808,0,0,0.08415794929789841,0.8147810218978102
38650,0,1,0.08415794929789841,0.8147810218978102
91385,0,1,0.08415794929789841,0.8147810218978102
90244,0,1,0.08415794929789841,0.8147810218978102
79541,0,0,0.08415794929789841,0.8147810218978102
85338,0,0,0.08415794929789841,0.8147810218978102
76270,0,0,0.08415794929789841,0.8147810218978102
25083,0,0,0.08415794929789841,0.8147810218978102
58377,0,1,0.08415794929789841,0.8147810218978102
35299,0,1,0.08415794929789841,0.8147810218978102
61620,0,0,0.08415794929789841,0.8147810218978102
3233,0,1,0.08415794929789841,0.8147810218978102
67864,0,1,0.08415794929789841,0.8147810218978102
23149,0,0,0.08415794929789841,0.8147810218978102
15252,0,1,0.08415794929789841,0.8147810218978102
7842,0,0,0.08415794929789841,0.8147810218978102
72411,0,1,0.08415794929789841,0.8147810218978102
22034,0,1,0.08415794929789841,0.8147810218978102
76426,0,1,0.08415794929789841,0.8147810218978102
58761,0,0,0.08415794929789841,0.8147810218978102
5949,0,1,0.08415794929789841,0.8147810218978102
10481,0,1,0.08415794929789841,0.8147810218978102
66022,0,1,0.08415794929789841,0.8147810218978102
9195,0,1,0.08415794929789841,0.8147810218978102
34893,0,1,0.08415794929789841,0.8147810218978102
53224,0,1,0.08415794929789841,0.8147810218978102
4544,0,0,0.08415794929789841,0.8147810218978102
30216,0,0,0.08415794929789841,0.8147810218978102
41184,0,1,0.08415794929789841,0.8147810218978102
41099,0,1,0.08415794929789841,0.8147810218978102
21965,0,1,0.08415794929789841,0.8147810218978102
78910,0,1,0.08415794929789841,0.8147810218978102
20202,0,0,0.08415794929789841,0.8147810218978102
50099,1,1,0.08415794929789841,0.8147810218978102
19049,0,0,0.08415794929789841,0.8147810218978102
85419,0,0,0.08415794929789841,0.8147810218978102
95321,0,1,0.08415794929789841,0.8147810218978102
47842,0,0,0.08415794929789841,0.8147810218978102
94580,0,0,0.08415794929789841,0.8147810218978102
90117,0,0,0.08415794929789841,0.8147810218978102
32434,0,1,0.08415794929789841,0.8147810218978102
37941,0,1,0.08415794929789841,0.8147810218978102
3641,0,1,0.08415794929789841,0.8147810218978102
36831,0,0,0.08415794929789841,0.8147810218978102
83619,0,1,0.08415794929789841,0.8147810218978102
90087,0,1,0.08415794929789841,0.8147810218978102
17714,0,0,0.08415794929789841,0.8147810218978102
68001,0,0,0.08415794929789841,0.8147810218978102
67673,0,1,0.08415794929789841,0.8147810218978102
56999,1,1,0.08415794929789841,0.8147810218978102
3054,0,0,0.08415794929789841,0.8147810218978102
6479,0,1,0.08415794929789841,0.8147810218978102
29077,0,0,0.08415794929789841,0.8147810218978102
89695,0,0,0.08415794929789841,0.8147810218978102
17055,0,1,0.08415794929789841,0.8147810218978102
33539,0,1,0.08415794929789841,0.8147810218978102
90740,0,0,0.08415794929789841,0.8147810218978102
24835,0,0,0.08415794929789841,0.8147810218978102
60833,0,0,0.08415794929789841,0.8147810218978102
52036,0,1,0.08415794929789841,0.8147810218978102
30475,0,1,0.08415794929789841,0.8147810218978102
66313,0,0,0.08415794929789841,0.8147810218978102
88,0,1,0.08415794929789841,0.8147810218978102
39197,0,1,0.08415794929789841,0.8147810218978102
57300,0,1,0.08415794929789841,0.8147810218978102
83491,0,1,0.08415794929789841,0.8147810218978102
9749,0,0,0.08415794929789841,0.8147810218978102
94736,0,1,0.08415794929789841,0.8147810218978102
80030,0,0,0.08415794929789841,0.8147810218978102
89184,0,0,0.08415794929789841,0.8147810218978102
3740,0,1,0.08415794929789841,0.8147810218978102
56279,0,0,0.08415794929789841,0.8147810218978102
53982,0,1,0.08415794929789841,0.8147810218978102
23046,0,1,0.08415794929789841,0.8147810218978102
36572,0,1,0.08415794929789841,0.8147810218978102
35743,0,0,0.08415794929789841,0.8147810218978102
48421,0,0,0.08415794929789841,0.8147810218978102
94182,0,0,0.08415794929789841,0.8147810218978102
16082,1,1,0.08415794929789841,0.8147810218978102
61044,0,1,0.08415794929789841,0.8147810218978102
32789,0,0,0.08415794929789841,0.8147810218978102
4882,0,0,0.08415794929789841,0.8147810218978102
15999,0,1,0.08415794929789841,0.8147810218978102
80273,0,1,0.08415794929789841,0.8147810218978102
99964,0,1,0.08415794929789841,0.8147810218978102
2002,0,0,0.08415794929789841,0.8147810218978102
4899,0,0,0.08415794929789841,0.8147810218978102
17889,0,0,0.08415794929789841,0.8147810218978102
83940,0,0,0.08415794929789841,0.8147810218978102
21040,1,1,0.08415794929789841,0.8147810218978102
51166,0,0,0.08415794929789841,0.8147810218978102
69664,0,1,0.08415794929789841,0.8147810218978102
96007,0,1,0.08415794929789841,0.8147810218978102
75457,0,0,0.08415794929789841,0.8147810218978102
71339,0,1,0.08415794929789841,0.8147810218978102
85729,0,0,0.08415794929789841,0.8147810218978102
44932,1,1,0.08415794929789841,0.8147810218978102
52744,0,0,0.08415794929789841,0.8147810218978102
51493,0,1,0.08415794929789841,0.8147810218978102
73833,0,1,0.08415794929789841,0.8147810218978102
68843,0,0,0.08415794929789841,0.8147810218978102
24288,0,0,0.08415794929789841,0.8147810218978102
42583,0,1,0.08415794929789841,0.8147810218978102
82343,1,1,0.08415794929789841,0.8147810218978102
41274,0,1,0.08415794929789841,0.8147810218978102
86882,0,1,0.08415794929789841,0.8147810218978102
83392,0,0,0.08415794929789841,0.8147810218978102
5191,0,1,0.08415794929789841,0.8147810218978102
68354,0,0,0.08415794929789841,0.8147810218978102
46309,0,1,0.08415794929789841,0.8147810218978102
82359,0,1,0.08415794929789841,0.8147810218978102
75562,0,1,0.08415794929789841,0.8147810218978102
38755,0,0,0.08415794929789841,0.8147810218978102
1364,0,0,0.08415794929789841,0.8147810218978102
89899,0,0,0.08415794929789841,0.8147810218978102
10,1,0,0.08415794929789841,0.8147810218978102
75109,1,1,0.08415794929789841,0.8147810218978102
15880,0,0,0.08415794929789841,0.8147810218978102
22169,0,1,0.08415794929789841,0.8147810218978102
11248,0,1,0.08415794929789841,0.8147810218978102
14985,0,1,0.08415794929789841,0.8147810218978102
3911,0,1,0.08415794929789841,0.8147810218978102
50184,0,0,0.08415794929789841,0.8147810218978102
17502,0,1,0.08415794929789841,0.8147810218978102
40951,0,1,0.08415794929789841,0.8147810218978102
70185,0,1,0.08415794929789841,0.8147810218978102
31269,0,1,0.08415794929789841,0.8147810218978102
10848,0,1,0.08415794929789841,0.8147810218978102
37631,0,0,0.08415794929789841,0.8147810218978102
3169,0,1,0.08415794929789841,0.8147810218978102
98989,0,0,0.08415794929789841,0.8147810218978102
93639,0,0,0.08415794929789841,0.8147810218978102
62506,1,1,0.08415794929789841,0.8147810218978102
84844,0,1,0.08415794929789841,0.8147810218978102
18399,0,1,0.08415794929789841,0.8147810218978102
21361,0,1,0.08415794929789841,0.8147810218978102
2148,0,0,0.08415794929789841,0.8147810218978102
52825,0,0,0.08415794929789841,0.8147810218978102
95226,0,1,0.08415794929789841,0.8147810218978102
62726,0,1,0.08415794929789841,0.8147810218978102
30000,0,0,0.08415794929789841,0.8147810218978102
24884,0,0,0.08415794929789841,0.8147810218978102
84829,0,1,0.08415794929789841,0.8147810218978102
79697,0,0,0.08415794929789841,0.8147810218978102
90112,0,1,0.08415794929789841,0.8147810218978102
20936,0,0,0.08415794929789841,0.8147810218978102
56431,0,1,0.08415794929789841,0.8147810218978102
26073,0,1,0.08415794929789841,0.8147810218978102
81649,0,1,0.08415794929789841,0.8147810218978102
45920,0,1,0.08415794929789841,0.8147810218978102
20982,0,1,0.08415794929789841,0.8147810218978102
59821,0,0,0.08415794929789841,0.8147810218978102
91130,0,0,0.08415794929789841,0.8147810218978102
80630,0,0,0.08415794929789841,0.8147810218978102
67578,0,0,0.08415794929789841,0.8147810218978102
60712,0,1,0.08415794929789841,0.8147810218978102
61579,0,0,0.08415794929789841,0.8147810218978102
38542,0,0,0.08415794929789841,0.8147810218978102
42256,1,1,0.08415794929789841,0.8147810218978102
71981,0,0,0.08415794929789841,0.8147810218978102
5171,0,0,0.08415794929789841,0.8147810218978102
5199,0,1,0.08415794929789841,0.8147810218978102
63917,0,0,0.08415794929789841,0.8147810218978102
2181,1,1,0.08415794929789841,0.8147810218978102
87862,0,0,0.08415794929789841,0.8147810218978102
40436,0,1,0.08415794929789841,0.8147810218978102
10075,0,1,0.08415794929789841,0.8147810218978102
91754,0,0,0.08415794929789841,0.8147810218978102
64179,0,0,0.08415794929789841,0.8147810218978102
58368,0,0,0.08415794929789841,0.8147810218978102
17071,0,0,0.08415794929789841,0.8147810218978102
44973,0,0,0.08415794929789841,0.8147810218978102
43052,0,0,0.08415794929789841,0.8147810218978102
46037,0,1,0.08415794929789841,0.8147810218978102
19348,0,0,0.08415794929789841,0.8147810218978102
52576,0,1,0.08415794929789841,0.8147810218978102
65924,0,0,0.08415794929789841,0.8147810218978102
93736,0,1,0.08415794929789841,0.8147810218978102
75770,0,1,0.08415794929789841,0.8147810218978102
89403,0,0,0.08415794929789841,0.8147810218978102
63653,0,1,0.08415794929789841,0.8147810218978102
15230,0,1,0.08415794929789841,0.8147810218978102
68052,0,0,0.08415794929789841,0.8147810218978102
87770,0,1,0.08415794929789841,0.8147810218978102
9752,0,0,0.08415794929789841,0.8147810218978102
45463,0,0,0.08415794929789841,0.8147810218978102
81685,0,1,0.08415794929789841,0.8147810218978102
7479,0,0,0.08415794929789841,0.8147810218978102
98671,0,1,0.08415794929789841,0.8147810218978102
42426,0,0,0.08415794929789841,0.8147810218978102
25305,0,1,0.08415794929789841,0.8147810218978102
908,0,1,0.08415794929789841,0.8147810218978102
8150,0,1,0.08415794929789841,0.8147810218978102
96037,0,1,0.08415794929789841,0.8147810218978102
57313,0,0,0.08415794929789841,0.8147810218978102
45566,0,0,0.08415794929789841,0.8147810218978102
58140,0,0,0.08415794929789841,0.8147810218978102
65319,0,1,0.08415794929789841,0.8147810218978102
90461,0,1,0.08415794929789841,0.8147810218978102
61079,1,0,0.08415794929789841,0.8147810218978102
58185,0,0,0.08415794929789841,0.8147810218978102
36935,0,0,0.08415794929789841,0.8147810218978102
7350,1,1,0.08415794929789841,0.8147810218978102
30167,0,0,0.08415794929789841,0.8147810218978102
89416,0,1,0.08415794929789841,0.8147810218978102
12939,0,1,0.08415794929789841,0.8147810218978102
17811,0,1,0.08415794929789841,0.8147810218978102
47064,0,1,0.08415794929789841,0.8147810218978102
79270,0,1,0.08415794929789841,0.8147810218978102
6514,0,0,0.08415794929789841,0.8147810218978102
53325,0,1,0.08415794929789841,0.8147810218978102
52360,0,0,0.08415794929789841,0.8147810218978102
22877,0,0,0.08415794929789841,0.8147810218978102
36686,0,1,0.08415794929789841,0.8147810218978102
37671,0,0,0.08415794929789841,0.8147810218978102
55313,0,0,0.08415794929789841,0.8147810218978102
98927,0,0,0.08415794929789841,0.8147810218978102
5268,0,1,0.08415794929789841,0.8147810218978102
92587,0,1,0.08415794929789841,0.8147810218978102
99749,0,0,0.08415794929789841,0.8147810218978102
66416,0,0,0.08415794929789841,0.8147810218978102
26807,0,1,0.08415794929789841,0.8147810218978102
33327,0,1,0.08415794929789841,0.8147810218978102
80702,0,1,0.08415794929789841,0.8147810218978102
77296,0,0,0.08415794929789841,0.8147810218978102
54728,0,1,0.08415794929789841,0.8147810218978102
1665,0,0,0.08415794929789841,0.8147810218978102
57467,0,0,0.08415794929789841,0.8147810218978102
27163,0,0,0.08415794929789841,0.8147810218978102
90252,0,0,0.08415794929789841,0.8147810218978102
41585,0,1,0.08415794929789841,0.8147810218978102
35202,0,1,0.08415794929789841,0.8147810218978102
18514,0,0,0.08415794929789841,0.8147810218978102
69813,0,1,0.08415794929789841,0.8147810218978102
45767,0,0,0.08415794929789841,0.8147810218978102
52116,0,0,0.08415794929789841,0.8147810218978102
85469,0,1,0.08415794929789841,0.8147810218978102
1220,0,0,0.08415794929789841,0.8147810218978102
80076,0,0,0.08415794929789841,0.8147810218978102
48685,0,1,0.08415794929789841,0.8147810218978102
14508,0,0,0.08415794929789841,0.8147810218978102
26931,0,0,0.08415794929789841,0.8147810218978102
92224,0,1,0.08415794929789841,0.8147810218978102
87117,0,0,0.08415794929789841,0.8147810218978102
92674,0,0,0.08415794929789841,0.8147810218978102
82219,1,1,0.08415794929789841,0.8147810218978102
57049,0,1,0.08415794929789841,0.8147810218978102
15111,0,1,0.08415794929789841,0.8147810218978102
51156,0,0,0.08415794929789841,0.8147810218978102
314,0,1,0.08415794929789841,0.8147810218978102
61859,0,1,0.08415794929789841,0.8147810218978102
40408,0,1,0.08415794929789841,0.8147810218978102
20445,0,0,0.08415794929789841,0.8147810218978102
2715,0,1,0.08415794929789841,0.8147810218978102
84482,0,0,0.08415794929789841,0.8147810218978102
82667,1,1,0.08415794929789841,0.8147810218978102
14793,0,1,0.08415794929789841,0.8147810218978102
34117,0,0,0.08415794929789841,0.8147810218978102
61095,0,0,0.08415794929789841,0.8147810218978102
28610,0,1,0.08415794929789841,0.8147810218978102
1164,0,1,0.08415794929789841,0.8147810218978102
86514,0,1,0.08415794929789841,0.8147810218978102
32952,0,0,0.08415794929789841,0.8147810218978102
45061,0,1,0.08415794929789841,0.8147810218978102
46873,0,0,0.08415794929789841,0.8147810218978102
38556,1,1,0.08415794929789841,0.8147810218978102
47929,0,0,0.08415794929789841,0.8147810218978102
58060,0,1,0.08415794929789841,0.8147810218978102
58314,1,1,0.08415794929789841,0.8147810218978102
11394,1,0,0.08415794929789841,0.8147810218978102
69711,0,0,0.08415794929789841,0.8147810218978102
94122,0,0,0.08415794929789841,0.8147810218978102
53343,0,0,0.08415794929789841,0.8147810218978102
72712,0,1,0.08415794929789841,0.8147810218978102
36450,0,0,0.08415794929789841,0.8147810218978102
78215,0,1,0.08415794929789841,0.8147810218978102
93938,0,0,0.08415794929789841,0.8147810218978102
58670,0,1,0.08415794929789841,0.8147810218978102
94139,0,1,0.08415794929789841,0.8147810218978102
16271,0,1,0.08415794929789841,0.8147810218978102
51603,0,0,0.08415794929789841,0.8147810218978102
68619,0,1,0.08415794929789841,0.8147810218978102
49745,0,0,0.08415794929789841,0.8147810218978102
59457,0,1,0.08415794929789841,0.8147810218978102
44308,0,1,0.08415794929789841,0.8147810218978102
92635,0,0,0.08415794929789841,0.8147810218978102
40353,0,1,0.08415794929789841,0.8147810218978102
702,0,0,0.08415794929789841,0.8147810218978102
25955,0,0,0.08415794929789841,0.8147810218978102
66476,0,0,0.08415794929789841,0.8147810218978102
40404,0,1,0.08415794929789841,0.8147810218978102
91977,0,1,0.08415794929789841,0.8147810218978102
68053,0,1,0.08415794929789841,0.8147810218978102
47724,0,0,0.08415794929789841,0.8147810218978102
47405,0,0,0.08415794929789841,0.8147810218978102
89896,0,0,0.08415794929789841,0.8147810218978102
40494,0,0,0.08415794929789841,0.8147810218978102
51607,0,1,0.08415794929789841,0.8147810218978102
86249,0,0,0.08415794929789841,0.8147810218978102
25357,0,1,0.08415794929789841,0.8147810218978102
63430,0,0,0.08415794929789841,0.8147810218978102
6430,0,0,0.08415794929789841,0.8147810218978102
67584,0,0,0.08415794929789841,0.8147810218978102
51333,0,1,0.08415794929789841,0.8147810218978102
78395,0,0,0.08415794929789841,0.8147810218978102
96455,0,1,0.08415794929789841,0.8147810218978102
36248,0,1,0.08415794929789841,0.8147810218978102
74982,0,1,0.08415794929789841,0.8147810218978102
11673,0,0,0.08415794929789841,0.8147810218978102
92300,0,0,0.08415794929789841,0.8147810218978102
81669,0,0,0.08415794929789841,0.8147810218978102
81433,0,0,0.08415794929789841,0.8147810218978102
48642,0,0,0.08415794929789841,0.8147810218978102
97694,0,1,0.08415794929789841,0.8147810218978102
90930,0,1,0.08415794929789841,0.8147810218978102
52138,0,0,0.08415794929789841,0.8147810218978102
36068,0,0,0.08415794929789841,0.8147810218978102
88561,0,0,0.08415794929789841,0.8147810218978102
11574,0,1,0.08415794929789841,0.8147810218978102
1596,0,0,0.08415794929789841,0.8147810218978102
4938,0,1,0.08415794929789841,0.8147810218978102
70772,0,0,0.08415794929789841,0.8147810218978102
23446,0,1,0.08415794929789841,0.8147810218978102
84155,0,1,0.08415794929789841,0.8147810218978102
32965,0,0,0.08415794929789841,0.8147810218978102
87602,0,1,0.08415794929789841,0.8147810218978102
35347,0,1,0.08415794929789841,0.8147810218978102
8483,1,1,0.08415794929789841,0.8147810218978102
86404,0,1,0.08415794929789841,0.8147810218978102
59673,0,0,0.08415794929789841,0.8147810218978102
42511,0,1,0.08415794929789841,0.8147810218978102
61663,0,0,0.08415794929789841,0.8147810218978102
7852,0,0,0.08415794929789841,0.8147810218978102
35641,0,1,0.08415794929789841,0.8147810218978102
26285,0,1,0.08415794929789841,0.8147810218978102
99641,0,1,0.08415794929789841,0.8147810218978102
74261,0,1,0.08415794929789841,0.8147810218978102
27072,0,0,0.08415794929789841,0.8147810218978102
72716,0,0,0.08415794929789841,0.8147810218978102
86970,0,0,0.08415794929789841,0.8147810218978102
78893,0,0,0.08415794929789841,0.8147810218978102
39467,0,1,0.08415794929789841,0.8147810218978102
90341,0,1,0.08415794929789841,0.8147810218978102
74472,0,0,0.08415794929789841,0.8147810218978102
88755,0,0,0.08415794929789841,0.8147810218978102
83179,0,1,0.08415794929789841,0.8147810218978102
14144,1,1,0.08415794929789841,0.8147810218978102
25924,0,0,0.08415794929789841,0.8147810218978102
35640,0,1,0.08415794929789841,0.8147810218978102
52540,0,0,0.08415794929789841,0.8147810218978102
74126,0,1,0.08415794929789841,0.8147810218978102
15269,0,0,0.08415794929789841,0.8147810218978102
54073,0,1,0.08415794929789841,0.8147810218978102
39768,0,1,0.08415794929789841,0.8147810218978102
54260,0,1,0.08415794929789841,0.8147810218978102
56689,0,0,0.08415794929789841,0.8147810218978102
67809,0,1,0.08415794929789841,0.8147810218978102
49046,0,0,0.08415794929789841,0.8147810218978102
94708,0,1,0.08415794929789841,0.8147810218978102
56426,0,1,0.08415794929789841,0.8147810218978102
52183,0,1,0.08415794929789841,0.8147810218978102
80038,0,1,0.08415794929789841,0.8147810218978102
2424,1,0,0.08415794929789841,0.8147810218978102
22708,0,1,0.08415794929789841,0.8147810218978102
80260,0,1,0.08415794929789841,0.8147810218978102
80394,0,0,0.08415794929789841,0.8147810218978102
66747,1,1,0.08415794929789841,0.8147810218978102
33564,0,0,0.08415794929789841,0.8147810218978102
76993,0,0,0.08415794929789841,0.8147810218978102
91055,0,0,0.08415794929789841,0.8147810218978102
68553,0,0,0.08415794929789841,0.8147810218978102
68562,0,0,0.08415794929789841,0.8147810218978102
43821,0,0,0.08415794929789841,0.8147810218978102
63499,0,1,0.08415794929789841,0.8147810218978102
94983,0,1,0.08415794929789841,0.8147810218978102
84390,0,1,0.08415794929789841,0.8147810218978102
38735,0,1,0.08415794929789841,0.8147810218978102
89892,0,1,0.08415794929789841,0.8147810218978102
97727,0,0,0.08415794929789841,0.8147810218978102
6516,0,0,0.08415794929789841,0.8147810218978102
25727,0,0,0.08415794929789841,0.8147810218978102
86478,0,0,0.08415794929789841,0.8147810218978102
82735,0,1,0.08415794929789841,0.8147810218978102
67169,0,0,0.08415794929789841,0.8147810218978102
35832,0,0,0.08415794929789841,0.8147810218978102
81963,0,0,0.08415794929789841,0.8147810218978102
67892,0,1,0.08415794929789841,0.8147810218978102
81021,0,1,0.08415794929789841,0.8147810218978102
21876,0,0,0.08415794929789841,0.8147810218978102
88382,0,1,0.08415794929789841,0.8147810218978102
36069,0,0,0.08415794929789841,0.8147810218978102
27298,0,1,0.08415794929789841,0.8147810218978102
81496,0,0,0.08415794929789841,0.8147810218978102
8624,0,0,0.08415794929789841,0.8147810218978102
89986,0,1,0.08415794929789841,0.8147810218978102
75776,0,1,0.08415794929789841,0.8147810218978102
99151,0,0,0.08415794929789841,0.8147810218978102
63899,0,0,0.08415794929789841,0.8147810218978102
27933,0,1,0.08415794929789841,0.8147810218978102
81232,0,0,0.08415794929789841,0.8147810218978102
65876,1,1,0.08415794929789841,0.8147810218978102
14900,0,1,0.08415794929789841,0.8147810218978102
50503,0,1,0.08415794929789841,0.8147810218978102
41251,0,1,0.08415794929789841,0.8147810218978102
35247,0,0,0.08415794929789841,0.8147810218978102
19727,0,0,0.08415794929789841,0.8147810218978102
35321,0,1,0.08415794929789841,0.8147810218978102
4122,0,0,0.08415794929789841,0.8147810218978102
72249,0,1,0.08415794929789841,0.8147810218978102
51846,0,0,0.08415794929789841,0.8147810218978102
86279,0,1,0.08415794929789841,0.8147810218978102
3063,0,1,0.08415794929789841,0.8147810218978102
1400,0,1,0.08415794929789841,0.8147810218978102
80816,0,1,0.08415794929789841,0.8147810218978102
56120,0,0,0.08415794929789841,0.8147810218978102
45232,0,0,0.08415794929789841,0.8147810218978102
7391,0,1,0.08415794929789841,0.8147810218978102
30857,0,0,0.08415794929789841,0.8147810218978102
45273,0,1,0.08415794929789841,0.8147810218978102
53941,0,1,0.08415794929789841,0.8147810218978102
34484,0,1,0.08415794929789841,0.8147810218978102
12201,0,0,0.08415794929789841,0.8147810218978102
29400,0,0,0.08415794929789841,0.8147810218978102
13695,0,0,0.08415794929789841,0.8147810218978102
6871,0,0,0.08415794929789841,0.8147810218978102
8206,0,0,0.08415794929789841,0.8147810218978102
22189,0,1,0.08415794929789841,0.8147810218978102
45772,0,0,0.08415794929789841,0.8147810218978102
56595,0,1,0.08415794929789841,0.8147810218978102
59032,0,0,0.08415794929789841,0.8147810218978102
871,0,1,0.08415794929789841,0.8147810218978102
34892,1,1,0.08415794929789841,0.8147810218978102
55556,0,0,0.08415794929789841,0.8147810218978102
1004,0,0,0.08415794929789841,0.8147810218978102
47444,0,0,0.08415794929789841,0.8147810218978102
44174,0,0,0.08415794929789841,0.8147810218978102
42605,0,0,0.08415794929789841,0.8147810218978102
58108,0,1,0.08415794929789841,0.8147810218978102
37553,0,1,0.08415794929789841,0.8147810218978102
4723,0,1,0.08415794929789841,0.8147810218978102
6979,0,0,0.08415794929789841,0.8147810218978102
7214,0,1,0.08415794929789841,0.8147810218978102
76980,0,1,0.08415794929789841,0.8147810218978102
41631,0,0,0.08415794929789841,0.8147810218978102
81997,0,0,0.08415794929789841,0.8147810218978102
56128,0,0,0.08415794929789841,0.8147810218978102
83379,0,1,0.08415794929789841,0.8147810218978102
81317,0,0,0.08415794929789841,0.8147810218978102
50997,0,1,0.08415794929789841,0.8147810218978102
69005,0,0,0.08415794929789841,0.8147810218978102
80689,0,1,0.08415794929789841,0.8147810218978102
89665,0,1,0.08415794929789841,0.8147810218978102
197,1,1,0.08415794929789841,0.8147810218978102
76742,0,1,0.08415794929789841,0.8147810218978102
80082,0,1,0.08415794929789841,0.8147810218978102
81636,0,0,0.08415794929789841,0.8147810218978102
38091,1,1,0.08415794929789841,0.8147810218978102
95713,0,0,0.08415794929789841,0.8147810218978102
41583,0,0,0.08415794929789841,0.8147810218978102
9253,0,0,0.08415794929789841,0.8147810218978102
89196,0,0,0.08415794929789841,0.8147810218978102
12028,0,1,0.08415794929789841,0.8147810218978102
74294,0,0,0.08415794929789841,0.8147810218978102
73804,0,1,0.08415794929789841,0.8147810218978102
90625,0,0,0.08415794929789841,0.8147810218978102
35726,0,0,0.08415794929789841,0.8147810218978102
5138,0,0,0.08415794929789841,0.8147810218978102
95220,0,0,0.08415794929789841,0.8147810218978102
27347,0,0,0.08415794929789841,0.8147810218978102
63450,0,1,0.08415794929789841,0.8147810218978102
6975,1,0,0.08415794929789841,0.8147810218978102
65444,0,0,0.08415794929789841,0.8147810218978102
3694,0,0,0.08415794929789841,0.8147810218978102
17390,0,0,0.08415794929789841,0.8147810218978102
62375,0,1,0.08415794929789841,0.8147810218978102
4785,0,1,0.08415794929789841,0.8147810218978102
51864,0,0,0.08415794929789841,0.8147810218978102
34710,0,1,0.08415794929789841,0.8147810218978102
17466,0,1,0.08415794929789841,0.8147810218978102
90469,0,0,0.08415794929789841,0.8147810218978102
57449,0,1,0.08415794929789841,0.8147810218978102
14554,1,1,0.08415794929789841,0.8147810218978102
68157,1,1,0.08415794929789841,0.8147810218978102
26452,0,1,0.08415794929789841,0.8147810218978102
14546,0,1,0.08415794929789841,0.8147810218978102
68035,0,0,0.08415794929789841,0.8147810218978102
98859,0,0,0.08415794929789841,0.8147810218978102
71379,0,1,0.08415794929789841,0.8147810218978102
90196,0,0,0.08415794929789841,0.8147810218978102
48976,0,1,0.08415794929789841,0.8147810218978102
36465,0,1,0.08415794929789841,0.8147810218978102
40351,0,1,0.08415794929789841,0.8147810218978102
72026,0,0,0.08415794929789841,0.8147810218978102
17713,0,1,0.08415794929789841,0.8147810218978102
49399,0,1,0.08415794929789841,0.8147810218978102
45953,0,1,0.08415794929789841,0.8147810218978102
13886,0,1,0.08415794929789841,0.8147810218978102
21714,0,0,0.08415794929789841,0.8147810218978102
27011,0,1,0.08415794929789841,0.8147810218978102
99830,0,0,0.08415794929789841,0.8147810218978102
54968,1,1,0.08415794929789841,0.8147810218978102
75057,0,1,0.08415794929789841,0.8147810218978102
58118,0,0,0.08415794929789841,0.8147810218978102
1778,0,0,0.08415794929789841,0.8147810218978102
71922,0,0,0.08415794929789841,0.8147810218978102
64074,0,0,0.08415794929789841,0.8147810218978102
74937,0,0,0.08415794929789841,0.8147810218978102
7899,0,1,0.08415794929789841,0.8147810218978102
25359,0,1,0.08415794929789841,0.8147810218978102
17852,0,1,0.08415794929789841,0.8147810218978102
16075,0,1,0.08415794929789841,0.8147810218978102
52821,0,0,0.08415794929789841,0.8147810218978102
66236,0,1,0.08415794929789841,0.8147810218978102
44925,0,1,0.08415794929789841,0.8147810218978102
7201,0,1,0.08415794929789841,0.8147810218978102
35785,0,0,0.08415794929789841,0.8147810218978102
90054,0,1,0.08415794929789841,0.8147810218978102
648,0,1,0.08415794929789841,0.8147810218978102
47150,0,1,0.08415794929789841,0.8147810218978102
1857,0,0,0.08415794929789841,0.8147810218978102
97193,0,0,0.08415794929789841,0.8147810218978102
5079,0,1,0.08415794929789841,0.8147810218978102
81235,1,1,0.08415794929789841,0.8147810218978102
47417,0,0,0.08415794929789841,0.8147810218978102
86663,0,0,0.08415794929789841,0.8147810218978102
69480,0,1,0.08415794929789841,0.8147810218978102
35872,0,0,0.08415794929789841,0.8147810218978102
92013,0,1,0.08415794929789841,0.8147810218978102
23450,0,0,0.08415794929789841,0.8147810218978102
15998,0,1,0.08415794929789841,0.8147810218978102
71288,0,1,0.08415794929789841,0.8147810218978102
65186,0,0,0.08415794929789841,0.8147810218978102
17247,0,1,0.08415794929789841,0.8147810218978102
92163,0,1,0.08415794929789841,0.8147810218978102
73183,0,0,0.08415794929789841,0.8147810218978102
69871,0,1,0.08415794929789841,0.8147810218978102
75573,0,1,0.08415794929789841,0.8147810218978102
92575,0,0,0.08415794929789841,0.8147810218978102
74521,0,1,0.08415794929789841,0.8147810218978102
589,0,1,0.08415794929789841,0.8147810218978102
561,0,1,0.08415794929789841,0.8147810218978102
20719,0,0,0.08415794929789841,0.8147810218978102
73476,0,1,0.08415794929789841,0.8147810218978102
53484,0,1,0.08415794929789841,0.8147810218978102
31485,0,1,0.08415794929789841,0.8147810218978102
73563,0,1,0.08415794929789841,0.8147810218978102
78407,0,0,0.08415794929789841,0.8147810218978102
74883,0,1,0.08415794929789841,0.8147810218978102
36634,0,0,0.08415794929789841,0.8147810218978102
16841,0,1,0.08415794929789841,0.8147810218978102
54758,0,1,0.08415794929789841,0.8147810218978102
61220,1,0,0.08415794929789841,0.8147810218978102
84210,0,0,0.08415794929789841,0.8147810218978102
29869,0,1,0.08415794929789841,0.8147810218978102
20514,0,1,0.08415794929789841,0.8147810218978102
69516,0,0,0.08415794929789841,0.8147810218978102
52128,0,1,0.08415794929789841,0.8147810218978102
50371,0,1,0.08415794929789841,0.8147810218978102
85960,0,0,0.08415794929789841,0.8147810218978102
42466,0,1,0.08415794929789841,0.8147810218978102
58151,0,1,0.08415794929789841,0.8147810218978102
38447,0,1,0.08415794929789841,0.8147810218978102
44767,0,0,0.08415794929789841,0.8147810218978102
40545,0,1,0.08415794929789841,0.8147810218978102
44481,0,0,0.08415794929789841,0.8147810218978102
1634,0,0,0.08415794929789841,0.8147810218978102
83155,0,0,0.08415794929789841,0.8147810218978102
14718,0,0,0.08415794929789841,0.8147810218978102
39217,0,1,0.08415794929789841,0.8147810218978102
82914,0,0,0.08415794929789841,0.8147810218978102
44263,0,1,0.08415794929789841,0.8147810218978102
19980,0,1,0.08415794929789841,0.8147810218978102
59842,0,0,0.08415794929789841,0.8147810218978102
11726,0,1,0.08415794929789841,0.8147810218978102
76385,0,0,0.08415794929789841,0.8147810218978102
31049,0,1,0.08415794929789841,0.8147810218978102
72910,0,1,0.08415794929789841,0.8147810218978102
30586,0,0,0.08415794929789841,0.8147810218978102
99245,0,1,0.08415794929789841,0.8147810218978102
48918,0,1,0.08415794929789841,0.8147810218978102
97202,0,1,0.08415794929789841,0.8147810218978102
39182,0,0,0.08415794929789841,0.8147810218978102
87051,0,1,0.08415794929789841,0.8147810218978102
18860,0,1,0.08415794929789841,0.8147810218978102
35473,0,0,0.08415794929789841,0.8147810218978102
19897,0,0,0.08415794929789841,0.8147810218978102
6771,0,1,0.08415794929789841,0.8147810218978102
74483,0,1,0.08415794929789841,0.8147810218978102
70302,0,0,0.08415794929789841,0.8147810218978102
10856,0,1,0.08415794929789841,0.8147810218978102
86126,0,1,0.08415794929789841,0.8147810218978102
46813,0,1,0.08415794929789841,0.8147810218978102
84385,0,0,0.08415794929789841,0.8147810218978102
21812,0,0,0.08415794929789841,0.8147810218978102
18077,0,1,0.08415794929789841,0.8147810218978102
77628,0,1,0.08415794929789841,0.8147810218978102
83143,0,0,0.08415794929789841,0.8147810218978102
64256,0,1,0.08415794929789841,0.8147810218978102
57935,0,0,0.08415794929789841,0.8147810218978102
11312,0,0,0.08415794929789841,0.8147810218978102
50209,0,1,0.08415794929789841,0.8147810218978102
68967,0,0,0.08415794929789841,0.8147810218978102
56731,0,0,0.08415794929789841,0.8147810218978102
87628,0,1,0.08415794929789841,0.8147810218978102
49520,0,1,0.08415794929789841,0.8147810218978102
86237,0,1,0.08415794929789841,0.8147810218978102
84207,0,1,0.08415794929789841,0.8147810218978102
55431,0,1,0.08415794929789841,0.8147810218978102
52223,0,0,0.08415794929789841,0.8147810218978102
28895,0,0,0.08415794929789841,0.8147810218978102
58683,0,1,0.08415794929789841,0.8147810218978102
5123,0,1,0.08415794929789841,0.8147810218978102
2881,0,0,0.08415794929789841,0.8147810218978102
57967,0,1,0.08415794929789841,0.8147810218978102
97818,0,0,0.08415794929789841,0.8147810218978102
5087,0,0,0.08415794929789841,0.8147810218978102
82608,0,1,0.08415794929789841,0.8147810218978102
6719,0,0,0.08415794929789841,0.8147810218978102
57344,0,1,0.08415794929789841,0.8147810218978102
7887,0,0,0.08415794929789841,0.8147810218978102
61083,0,1,0.08415794929789841,0.8147810218978102
25862,0,0,0.08415794929789841,0.8147810218978102
25495,0,1,0.08415794929789841,0.8147810218978102
64037,0,1,0.08415794929789841,0.8147810218978102
86278,0,1,0.08415794929789841,0.8147810218978102
73690,0,0,0.08415794929789841,0.8147810218978102
71110,0,1,0.08415794929789841,0.8147810218978102
57446,0,0,0.08415794929789841,0.8147810218978102
35316,0,1,0.08415794929789841,0.8147810218978102
61732,0,0,0.08415794929789841,0.8147810218978102
51557,0,1,0.08415794929789841,0.8147810218978102
17130,0,1,0.08415794929789841,0.8147810218978102
23440,0,0,0.08415794929789841,0.8147810218978102
72917,0,1,0.08415794929789841,0.8147810218978102
45187,0,0,0.08415794929789841,0.8147810218978102
63564,0,1,0.08415794929789841,0.8147810218978102
63260,1,1,0.08415794929789841,0.8147810218978102
44092,0,1,0.08415794929789841,0.8147810218978102
76203,0,0,0.08415794929789841,0.8147810218978102
66146,1,0,0.08415794929789841,0.8147810218978102
7335,0,1,0.08415794929789841,0.8147810218978102
78598,0,1,0.08415794929789841,0.8147810218978102
95655,0,0,0.08415794929789841,0.8147810218978102
12126,0,1,0.08415794929789841,0.8147810218978102
57240,0,1,0.08415794929789841,0.8147810218978102
87596,1,1,0.08415794929789841,0.8147810218978102
43343,0,0,0.08415794929789841,0.8147810218978102
65104,0,0,0.08415794929789841,0.8147810218978102
43225,0,0,0.08415794929789841,0.8147810218978102
7565,0,1,0.08415794929789841,0.8147810218978102
37598,0,0,0.08415794929789841,0.8147810218978102
88941,0,0,0.08415794929789841,0.8147810218978102
232,0,1,0.08415794929789841,0.8147810218978102
27284,0,0,0.08415794929789841,0.8147810218978102
69163,0,1,0.08415794929789841,0.8147810218978102
64834,0,1,0.08415794929789841,0.8147810218978102
37194,0,1,0.08415794929789841,0.8147810218978102
30872,0,0,0.08415794929789841,0.8147810218978102
10443,0,0,0.08415794929789841,0.8147810218978102
39380,0,0,0.08415794929789841,0.8147810218978102
80189,0,1,0.08415794929789841,0.8147810218978102
55879,1,1,0.08415794929789841,0.8147810218978102
18918,0,1,0.08415794929789841,0.8147810218978102
79107,0,0,0.08415794929789841,0.8147810218978102
72752,0,1,0.08415794929789841,0.8147810218978102
19873,0,1,0.08415794929789841,0.8147810218978102
7970,1,1,0.08415794929789841,0.8147810218978102
22915,0,0,0.08415794929789841,0.8147810218978102
71041,0,0,0.08415794929789841,0.8147810218978102
57131,0,1,0.08415794929789841,0.8147810218978102
60882,0,1,0.08415794929789841,0.8147810218978102
9909,0,1,0.08415794929789841,0.8147810218978102
48618,0,0,0.08415794929789841,0.8147810218978102
63992,0,0,0.08415794929789841,0.8147810218978102
65667,0,0,0.08415794929789841,0.8147810218978102
21044,0,0,0.08415794929789841,0.8147810218978102
49187,0,1,0.08415794929789841,0.8147810218978102
39053,0,0,0.08415794929789841,0.8147810218978102
50378,0,1,0.08415794929789841,0.8147810218978102
54820,0,0,0.08415794929789841,0.8147810218978102
42967,0,0,0.08415794929789841,0.8147810218978102
62470,0,1,0.08415794929789841,0.8147810218978102
39108,0,0,0.08415794929789841,0.8147810218978102
78995,0,1,0.08415794929789841,0.8147810218978102
84408,0,1,0.08415794929789841,0.8147810218978102
29104,1,1,0.08415794929789841,0.8147810218978102
86961,0,1,0.08415794929789841,0.8147810218978102
39626,0,1,0.08415794929789841,0.8147810218978102
50349,0,0,0.08415794929789841,0.8147810218978102
51686,0,0,0.08415794929789841,0.8147810218978102
8207,0,1,0.08415794929789841,0.8147810218978102
26192,0,1,0.08415794929789841,0.8147810218978102
3389,0,1,0.08415794929789841,0.8147810218978102
48210,0,0,0.08415794929789841,0.8147810218978102
120,0,1,0.08415794929789841,0.8147810218978102
11907,0,1,0.08415794929789841,0.8147810218978102
12294,0,1,0.08415794929789841,0.8147810218978102
5816,0,0,0.08415794929789841,0.8147810218978102
36200,0,0,0.08415794929789841,0.8147810218978102
53333,1,1,0.08415794929789841,0.8147810218978102
16967,0,1,0.08415794929789841,0.8147810218978102
94280,0,0,0.08415794929789841,0.8147810218978102
49584,0,1,0.08415794929789841,0.8147810218978102
30176,0,1,0.08415794929789841,0.8147810218978102
90505,0,1,0.08415794929789841,0.8147810218978102
71731,0,0,0.08415794929789841,0.8147810218978102
8447,0,0,0.08415794929789841,0.8147810218978102
14776,0,1,0.08415794929789841,0.8147810218978102
66165,0,0,0.08415794929789841,0.8147810218978102
69255,0,1,0.08415794929789841,0.8147810218978102
14764,0,0,0.08415794929789841,0.8147810218978102
963,0,1,0.08415794929789841,0.8147810218978102
95077,0,1,0.08415794929789841,0.8147810218978102
18230,0,1,0.08415794929789841,0.8147810218978102
35630,0,1,0.08415794929789841,0.8147810218978102
69435,0,1,0.08415794929789841,0.8147810218978102
15638,0,0,0.08415794929789841,0.8147810218978102
45546,0,0,0.08415794929789841,0.8147810218978102
78102,0,1,0.08415794929789841,0.8147810218978102
92849,1,1,0.08415794929789841,0.8147810218978102
60278,0,1,0.08415794929789841,0.8147810218978102
36509,0,0,0.08415794929789841,0.8147810218978102
50645,0,1,0.08415794929789841,0.8147810218978102
14944,0,0,0.08415794929789841,0.8147810218978102
2514,0,0,0.08415794929789841,0.8147810218978102
82293,0,1,0.08415794929789841,0.8147810218978102
87656,0,1,0.08415794929789841,0.8147810218978102
97423,0,1,0.08415794929789841,0.8147810218978102
80837,0,1,0.08415794929789841,0.8147810218978102
15275,0,1,0.08415794929789841,0.8147810218978102
50364,0,1,0.08415794929789841,0.8147810218978102
70039,0,1,0.08415794929789841,0.8147810218978102
7024,0,0,0.08415794929789841,0.8147810218978102
85306,0,1,0.08415794929789841,0.8147810218978102
34140,0,1,0.08415794929789841,0.8147810218978102
40374,0,1,0.08415794929789841,0.8147810218978102
33188,0,1,0.08415794929789841,0.8147810218978102
98752,0,0,0.08415794929789841,0.8147810218978102
78134,0,1,0.08415794929789841,0.8147810218978102
75237,0,1,0.08415794929789841,0.8147810218978102
32174,0,0,0.08415794929789841,0.8147810218978102
11924,0,0,0.08415794929789841,0.8147810218978102
69147,0,1,0.08415794929789841,0.8147810218978102
44421,0,0,0.08415794929789841,0.8147810218978102
39245,0,0,0.08415794929789841,0.8147810218978102
80742,0,1,0.08415794929789841,0.8147810218978102
76652,0,1,0.08415794929789841,0.8147810218978102
74164,0,0,0.08415794929789841,0.8147810218978102
54280,0,1,0.08415794929789841,0.8147810218978102
44236,0,1,0.08415794929789841,0.8147810218978102
24559,0,1,0.08415794929789841,0.8147810218978102
1639,0,1,0.08415794929789841,0.8147810218978102
96205,0,0,0.08415794929789841,0.8147810218978102
3954,0,1,0.08415794929789841,0.8147810218978102
78963,0,0,0.08415794929789841,0.8147810218978102
47778,0,0,0.08415794929789841,0.8147810218978102
53123,0,0,0.08415794929789841,0.8147810218978102
77616,0,0,0.08415794929789841,0.8147810218978102
42019,0,1,0.08415794929789841,0.8147810218978102
56887,0,1,0.08415794929789841,0.8147810218978102
85072,0,1,0.08415794929789841,0.8147810218978102
7596,0,1,0.08415794929789841,0.8147810218978102
87975,0,0,0.08415794929789841,0.8147810218978102
37813,0,1,0.08415794929789841,0.8147810218978102
81050,0,1,0.08415794929789841,0.8147810218978102
83856,0,1,0.08415794929789841,0.8147810218978102
33429,0,1,0.08415794929789841,0.8147810218978102
62002,0,1,0.08415794929789841,0.8147810218978102
70063,0,1,0.08415794929789841,0.8147810218978102
99422,0,0,0.08415794929789841,0.8147810218978102
47090,0,1,0.08415794929789841,0.8147810218978102
57038,0,1,0.08415794929789841,0.8147810218978102
746,0,0,0.08415794929789841,0.8147810218978102
50180,1,1,0.08415794929789841,0.8147810218978102
24107,0,0,0.08415794929789841,0.8147810218978102
40687,0,1,0.08415794929789841,0.8147810218978102
82041,0,1,0.08415794929789841,0.8147810218978102
77610,0,0,0.08415794929789841,0.8147810218978102
24477,0,1,0.08415794929789841,0.8147810218978102
10571,0,0,0.08415794929789841,0.8147810218978102
6192,0,1,0.08415794929789841,0.8147810218978102
40685,0,0,0.08415794929789841,0.8147810218978102
44429,0,0,0.08415794929789841,0.8147810218978102
24217,0,1,0.08415794929789841,0.8147810218978102
77371,0,0,0.08415794929789841,0.8147810218978102
48060,0,0,0.08415794929789841,0.8147810218978102
83341,0,0,0.08415794929789841,0.8147810218978102
24597,0,0,0.08415794929789841,0.8147810218978102
57093,0,0,0.08415794929789841,0.8147810218978102
96810,1,1,0.08415794929789841,0.8147810218978102
89094,0,0,0.08415794929789841,0.8147810218978102
57062,1,1,0.08415794929789841,0.8147810218978102
73701,0,0,0.08415794929789841,0.8147810218978102
23997,0,1,0.08415794929789841,0.8147810218978102
77194,0,0,0.08415794929789841,0.8147810218978102
62825,0,0,0.08415794929789841,0.8147810218978102
42053,0,0,0.08415794929789841,0.8147810218978102
15649,0,0,0.08415794929789841,0.8147810218978102
65860,0,1,0.08415794929789841,0.8147810218978102
99543,0,1,0.08415794929789841,0.8147810218978102
20969,0,0,0.08415794929789841,0.8147810218978102
96790,0,1,0.08415794929789841,0.8147810218978102
61545,0,1,0.08415794929789841,0.8147810218978102
34623,0,1,0.08415794929789841,0.8147810218978102
5236,0,1,0.08415794929789841,0.8147810218978102
98015,0,1,0.08415794929789841,0.8147810218978102
7688,0,0,0.08415794929789841,0.8147810218978102
87076,0,0,0.08415794929789841,0.8147810218978102
2140,0,0,0.08415794929789841,0.8147810218978102
92752,0,0,0.08415794929789841,0.8147810218978102
74001,0,1,0.08415794929789841,0.8147810218978102
25698,0,0,0.08415794929789841,0.8147810218978102
90004,0,0,0.08415794929789841,0.8147810218978102
15685,0,0,0.08415794929789841,0.8147810218978102
9232,0,0,0.08415794929789841,0.8147810218978102
47876,0,1,0.08415794929789841,0.8147810218978102
3065,0,0,0.08415794929789841,0.8147810218978102
12160,0,1,0.08415794929789841,0.8147810218978102
9199,1,1,0.08415794929789841,0.8147810218978102
72849,0,0,0.08415794929789841,0.8147810218978102
68688,0,0,0.08415794929789841,0.8147810218978102
16440,0,1,0.08415794929789841,0.8147810218978102
58754,0,0,0.08415794929789841,0.8147810218978102
42196,0,0,0.08415794929789841,0.8147810218978102
30199,0,1,0.08415794929789841,0.8147810218978102
53978,1,1,0.08415794929789841,0.8147810218978102
62274,0,0,0.08415794929789841,0.8147810218978102
66844,0,0,0.08415794929789841,0.8147810218978102
10175,0,0,0.08415794929789841,0.8147810218978102
41643,1,1,0.08415794929789841,0.8147810218978102
19812,0,1,0.08415794929789841,0.8147810218978102
61057,0,0,0.08415794929789841,0.8147810218978102
53222,0,1,0.08415794929789841,0.8147810218978102
45195,0,1,0.08415794929789841,0.8147810218978102
52793,0,1,0.08415794929789841,0.8147810218978102
35465,1,1,0.08415794929789841,0.8147810218978102
40699,0,1,0.08415794929789841,0.8147810218978102
46087,0,0,0.08415794929789841,0.8147810218978102
4064,0,1,0.08415794929789841,0.8147810218978102
52803,0,0,0.08415794929789841,0.8147810218978102
20724,0,0,0.08415794929789841,0.8147810218978102
34733,0,1,0.08415794929789841,0.8147810218978102
26673,0,0,0.08415794929789841,0.8147810218978102
83254,0,0,0.08415794929789841,0.8147810218978102
40277,0,1,0.08415794929789841,0.8147810218978102
64305,0,0,0.08415794929789841,0.8147810218978102
56060,0,1,0.08415794929789841,0.8147810218978102
71376,0,1,0.08415794929789841,0.8147810218978102
84769,0,1,0.08415794929789841,0.8147810218978102
46448,0,1,0.08415794929789841,0.8147810218978102
79918,0,1,0.08415794929789841,0.8147810218978102
24460,0,0,0.08415794929789841,0.8147810218978102
711,0,1,0.08415794929789841,0.8147810218978102
88585,0,0,0.08415794929789841,0.8147810218978102
48587,0,1,0.08415794929789841,0.8147810218978102
76595,0,0,0.08415794929789841,0.8147810218978102
31438,0,0,0.08415794929789841,0.8147810218978102
24756,0,1,0.08415794929789841,0.8147810218978102
10490,0,1,0.08415794929789841,0.8147810218978102
76269,0,0,0.08415794929789841,0.8147810218978102
85331,0,1,0.08415794929789841,0.8147810218978102
5159,0,1,0.08415794929789841,0.8147810218978102
6993,0,0,0.08415794929789841,0.8147810218978102
76567,0,0,0.08415794929789841,0.8147810218978102
54979,0,1,0.08415794929789841,0.8147810218978102
51786,0,0,0.08415794929789841,0.8147810218978102
59051,0,1,0.08415794929789841,0.8147810218978102
17732,0,1,0.08415794929789841,0.8147810218978102
43797,0,0,0.08415794929789841,0.8147810218978102
45335,0,0,0.08415794929789841,0.8147810218978102
78403,0,1,0.08415794929789841,0.8147810218978102
6866,0,0,0.08415794929789841,0.8147810218978102
66537,0,0,0.08415794929789841,0.8147810218978102
10508,0,0,0.08415794929789841,0.8147810218978102
81042,0,0,0.08415794929789841,0.8147810218978102
43197,0,1,0.08415794929789841,0.8147810218978102
76804,0,0,0.08415794929789841,0.8147810218978102
43353,0,1,0.08415794929789841,0.8147810218978102
8037,0,0,0.08415794929789841,0.8147810218978102
52941,0,0,0.08415794929789841,0.8147810218978102
33770,0,0,0.08415794929789841,0.8147810218978102
21707,0,0,0.08415794929789841,0.8147810218978102
78242,1,1,0.08415794929789841,0.8147810218978102
28880,0,1,0.08415794929789841,0.8147810218978102
36261,0,0,0.08415794929789841,0.8147810218978102
4591,0,1,0.08415794929789841,0.8147810218978102
37224,0,0,0.08415794929789841,0.8147810218978102
20431,0,1,0.08415794929789841,0.8147810218978102
39324,0,1,0.08415794929789841,0.8147810218978102
55358,0,0,0.08415794929789841,0.8147810218978102
2338,0,0,0.08415794929789841,0.8147810218978102
68352,0,0,0.08415794929789841,0.8147810218978102
94418,0,0,0.08415794929789841,0.8147810218978102
25755,0,1,0.08415794929789841,0.8147810218978102
22552,0,1,0.08415794929789841,0.8147810218978102
64038,0,0,0.08415794929789841,0.8147810218978102
68031,0,1,0.08415794929789841,0.8147810218978102
86494,0,1,0.08415794929789841,0.8147810218978102
65864,0,1,0.08415794929789841,0.8147810218978102
567,0,0,0.08415794929789841,0.8147810218978102
46933,0,1,0.08415794929789841,0.8147810218978102
85384,0,0,0.08415794929789841,0.8147810218978102
92443,0,1,0.08415794929789841,0.8147810218978102
31274,1,1,0.08415794929789841,0.8147810218978102
13657,0,0,0.08415794929789841,0.8147810218978102
95636,0,0,0.08415794929789841,0.8147810218978102
46624,0,1,0.08415794929789841,0.8147810218978102
80534,0,0,0.08415794929789841,0.8147810218978102
18880,0,1,0.08415794929789841,0.8147810218978102
46941,0,0,0.08415794929789841,0.8147810218978102
48383,0,1,0.08415794929789841,0.8147810218978102
90027,0,1,0.08415794929789841,0.8147810218978102
97622,0,0,0.08415794929789841,0.8147810218978102
98915,0,0,0.08415794929789841,0.8147810218978102
49333,0,0,0.08415794929789841,0.8147810218978102
2740,0,1,0.08415794929789841,0.8147810218978102
98857,0,0,0.08415794929789841,0.8147810218978102
27903,0,1,0.08415794929789841,0.8147810218978102
35475,0,0,0.08415794929789841,0.8147810218978102
22781,0,1,0.08415794929789841,0.8147810218978102
44870,0,1,0.08415794929789841,0.8147810218978102
31249,0,1,0.08415794929789841,0.8147810218978102
58260,0,1,0.08415794929789841,0.8147810218978102
94592,0,1,0.08415794929789841,0.8147810218978102
55520,0,1,0.08415794929789841,0.8147810218978102
66049,0,1,0.08415794929789841,0.8147810218978102
65303,0,0,0.08415794929789841,0.8147810218978102
49258,0,0,0.08415794929789841,0.8147810218978102
26762,0,1,0.08415794929789841,0.8147810218978102
91297,0,1,0.08415794929789841,0.8147810218978102
25691,0,0,0.08415794929789841,0.8147810218978102
89474,0,1,0.08415794929789841,0.8147810218978102
15550,0,0,0.08415794929789841,0.8147810218978102
31435,0,1,0.08415794929789841,0.8147810218978102
21383,0,0,0.08415794929789841,0.8147810218978102
36502,0,1,0.08415794929789841,0.8147810218978102
4369,0,1,0.08415794929789841,0.8147810218978102
78468,0,0,0.08415794929789841,0.8147810218978102
18414,0,1,0.08415794929789841,0.8147810218978102
93769,0,1,0.08415794929789841,0.8147810218978102
27763,0,1,0.08415794929789841,0.8147810218978102
25505,0,0,0.08415794929789841,0.8147810218978102
9864,0,1,0.08415794929789841,0.8147810218978102
37392,0,1,0.08415794929789841,0.8147810218978102
18705,0,0,0.08415794929789841,0.8147810218978102
77730,0,0,0.08415794929789841,0.8147810218978102
6874,0,0,0.08415794929789841,0.8147810218978102
52606,0,1,0.08415794929789841,0.8147810218978102
80895,0,0,0.08415794929789841,0.8147810218978102
38702,0,1,0.08415794929789841,0.8147810218978102
92839,0,0,0.08415794929789841,0.8147810218978102
61629,0,1,0.08415794929789841,0.8147810218978102
16154,0,1,0.08415794929789841,0.8147810218978102
322,0,0,0.08415794929789841,0.8147810218978102
78576,0,1,0.08415794929789841,0.8147810218978102
76844,0,0,0.08415794929789841,0.8147810218978102
25693,0,1,0.08415794929789841,0.8147810218978102
56069,0,1,0.08415794929789841,0.8147810218978102
64077,0,0,0.08415794929789841,0.8147810218978102
74257,0,0,0.08415794929789841,0.8147810218978102
72655,1,1,0.08415794929789841,0.8147810218978102
4661,0,0,0.08415794929789841,0.8147810218978102
65986,0,0,0.08415794929789841,0.8147810218978102
22020,0,1,0.08415794929789841,0.8147810218978102
11787,0,0,0.08415794929789841,0.8147810218978102
78355,0,0,0.08415794929789841,0.8147810218978102
33662,0,0,0.08415794929789841,0.8147810218978102
2710,0,0,0.08415794929789841,0.8147810218978102
57539,0,0,0.08415794929789841,0.8147810218978102
7245,0,1,0.08415794929789841,0.8147810218978102
62599,0,0,0.08415794929789841,0.8147810218978102
34270,0,0,0.08415794929789841,0.8147810218978102
58521,1,0,0.08415794929789841,0.8147810218978102
79509,0,0,0.08415794929789841,0.8147810218978102
78873,0,1,0.08415794929789841,0.8147810218978102
22853,0,0,0.08415794929789841,0.8147810218978102
99051,0,0,0.08415794929789841,0.8147810218978102
97263,0,1,0.08415794929789841,0.8147810218978102
11433,0,0,0.08415794929789841,0.8147810218978102
92314,0,0,0.08415794929789841,0.8147810218978102
87282,0,1,0.08415794929789841,0.8147810218978102
20605,0,0,0.08415794929789841,0.8147810218978102
21508,0,1,0.08415794929789841,0.8147810218978102
69230,0,1,0.08415794929789841,0.8147810218978102
58196,0,1,0.08415794929789841,0.8147810218978102
60207,0,0,0.08415794929789841,0.8147810218978102
92400,0,1,0.08415794929789841,0.8147810218978102
97448,0,1,0.08415794929789841,0.8147810218978102
79958,0,0,0.08415794929789841,0.8147810218978102
59525,0,1,0.08415794929789841,0.8147810218978102
14286,0,1,0.08415794929789841,0.8147810218978102
48970,0,1,0.08415794929789841,0.8147810218978102
94863,0,1,0.08415794929789841,0.8147810218978102
36432,0,0,0.08415794929789841,0.8147810218978102
21751,0,1,0.08415794929789841,0.8147810218978102
52476,0,1,0.08415794929789841,0.8147810218978102
99522,0,0,0.08415794929789841,0.8147810218978102
11729,0,1,0.08415794929789841,0.8147810218978102
30037,0,1,0.08415794929789841,0.8147810218978102
59033,0,0,0.08415794929789841,0.8147810218978102
12827,0,1,0.08415794929789841,0.8147810218978102
94249,0,0,0.08415794929789841,0.8147810218978102
83139,0,1,0.08415794929789841,0.8147810218978102
52530,0,1,0.08415794929789841,0.8147810218978102
92438,0,0,0.08415794929789841,0.8147810218978102
98726,0,0,0.08415794929789841,0.8147810218978102
47101,0,1,0.08415794929789841,0.8147810218978102
34681,0,0,0.08415794929789841,0.8147810218978102
339,0,1,0.08415794929789841,0.8147810218978102
76093,0,1,0.08415794929789841,0.8147810218978102
96471,0,1,0.08415794929789841,0.8147810218978102
24293,0,0,0.08415794929789841,0.8147810218978102
59384,0,0,0.08415794929789841,0.8147810218978102
35811,0,0,0.08415794929789841,0.8147810218978102
26627,1,1,0.08415794929789841,0.8147810218978102
52953,0,1,0.08415794929789841,0.8147810218978102
46101,0,1,0.08415794929789841,0.8147810218978102
30997,0,1,0.08415794929789841,0.8147810218978102
84007,0,0,0.08415794929789841,0.8147810218978102
50383,0,1,0.08415794929789841,0.8147810218978102
7820,0,1,0.08415794929789841,0.8147810218978102
28292,0,0,0.08415794929789841,0.8147810218978102
10335,0,0,0.08415794929789841,0.8147810218978102
28847,0,1,0.08415794929789841,0.8147810218978102
4888,0,0,0.08415794929789841,0.8147810218978102
90583,0,0,0.08415794929789841,0.8147810218978102
31416,0,0,0.08415794929789841,0.8147810218978102
53953,0,1,0.08415794929789841,0.8147810218978102
62665,0,1,0.08415794929789841,0.8147810218978102
17098,0,1,0.08415794929789841,0.8147810218978102
22309,0,1,0.08415794929789841,0.8147810218978102
79029,0,0,0.08415794929789841,0.8147810218978102
83177,0,1,0.08415794929789841,0.8147810218978102
10687,0,0,0.08415794929789841,0.8147810218978102
69430,0,0,0.08415794929789841,0.8147810218978102
26600,0,0,0.08415794929789841,0.8147810218978102
43502,0,1,0.08415794929789841,0.8147810218978102
60653,0,1,0.08415794929789841,0.8147810218978102
38950,0,1,0.08415794929789841,0.8147810218978102
67617,1,1,0.08415794929789841,0.8147810218978102
72794,1,1,0.08415794929789841,0.8147810218978102
40435,0,1,0.08415794929789841,0.8147810218978102
66357,0,1,0.08415794929789841,0.8147810218978102
75294,0,1,0.08415794929789841,0.8147810218978102
16384,0,0,0.08415794929789841,0.8147810218978102
78512,0,1,0.08415794929789841,0.8147810218978102
53216,0,0,0.08415794929789841,0.8147810218978102
93370,0,0,0.08415794929789841,0.8147810218978102
35903,0,0,0.08415794929789841,0.8147810218978102
17778,0,1,0.08415794929789841,0.8147810218978102
97353,0,0,0.08415794929789841,0.8147810218978102
95293,0,0,0.08415794929789841,0.8147810218978102
80811,0,0,0.08415794929789841,0.8147810218978102
1544,0,1,0.08415794929789841,0.8147810218978102
44173,0,0,0.08415794929789841,0.8147810218978102
81145,0,0,0.08415794929789841,0.8147810218978102
33096,0,1,0.08415794929789841,0.8147810218978102
87977,0,0,0.08415794929789841,0.8147810218978102
33246,0,0,0.08415794929789841,0.8147810218978102
57877,0,1,0.08415794929789841,0.8147810218978102
66130,0,1,0.08415794929789841,0.8147810218978102
31952,0,1,0.08415794929789841,0.8147810218978102
90503,0,0,0.08415794929789841,0.8147810218978102
980,0,1,0.08415794929789841,0.8147810218978102
45277,0,0,0.08415794929789841,0.8147810218978102
82178,0,0,0.08415794929789841,0.8147810218978102
30285,1,1,0.08415794929789841,0.8147810218978102
14995,0,0,0.08415794929789841,0.8147810218978102
4598,0,1,0.08415794929789841,0.8147810218978102
89513,0,0,0.08415794929789841,0.8147810218978102
17176,0,0,0.08415794929789841,0.8147810218978102
23991,0,0,0.08415794929789841,0.8147810218978102
85848,0,0,0.08415794929789841,0.8147810218978102
51021,0,1,0.08415794929789841,0.8147810218978102
35773,0,0,0.08415794929789841,0.8147810218978102
8588,0,0,0.08415794929789841,0.8147810218978102
65411,0,0,0.08415794929789841,0.8147810218978102
27536,0,0,0.08415794929789841,0.8147810218978102
79660,0,1,0.08415794929789841,0.8147810218978102
92376,0,1,0.08415794929789841,0.8147810218978102
53234,0,0,0.08415794929789841,0.8147810218978102
39003,0,1,0.08415794929789841,0.8147810218978102
65849,0,1,0.08415794929789841,0.8147810218978102
6439,0,0,0.08415794929789841,0.8147810218978102
32983,0,0,0.08415794929789841,0.8147810218978102
35152,0,1,0.08415794929789841,0.8147810218978102
56370,0,1,0.08415794929789841,0.8147810218978102
72,0,1,0.08415794929789841,0.8147810218978102
92993,0,0,0.08415794929789841,0.8147810218978102
49810,0,1,0.08415794929789841,0.8147810218978102
48413,0,0,0.08415794929789841,0.8147810218978102
66474,0,0,0.08415794929789841,0.8147810218978102
16341,0,1,0.08415794929789841,0.8147810218978102
39865,0,0,0.08415794929789841,0.8147810218978102
14295,0,0,0.08415794929789841,0.8147810218978102
40010,0,0,0.08415794929789841,0.8147810218978102
99289,0,0,0.08415794929789841,0.8147810218978102
54974,0,0,0.08415794929789841,0.8147810218978102
65,0,0,0.08415794929789841,0.8147810218978102
20617,0,1,0.08415794929789841,0.8147810218978102
62112,0,0,0.08415794929789841,0.8147810218978102
74566,1,1,0.08415794929789841,0.8147810218978102
47547,0,1,0.08415794929789841,0.8147810218978102
93713,0,0,0.08415794929789841,0.8147810218978102
81073,0,1,0.08415794929789841,0.8147810218978102
70195,0,0,0.08415794929789841,0.8147810218978102
45353,0,0,0.08415794929789841,0.8147810218978102
59482,0,0,0.08415794929789841,0.8147810218978102
62959,0,1,0.08415794929789841,0.8147810218978102
90277,0,1,0.08415794929789841,0.8147810218978102
27194,1,1,0.08415794929789841,0.8147810218978102
46480,0,0,0.08415794929789841,0.8147810218978102
51190,0,0,0.08415794929789841,0.8147810218978102
42524,0,1,0.08415794929789841,0.8147810218978102
25550,0,0,0.08415794929789841,0.8147810218978102
18516,0,0,0.08415794929789841,0.8147810218978102
79352,0,1,0.08415794929789841,0.8147810218978102
85372,0,0,0.08415794929789841,0.8147810218978102
39165,0,0,0.08415794929789841,0.8147810218978102
13388,0,0,0.08415794929789841,0.8147810218978102
12482,0,0,0.08415794929789841,0.8147810218978102
24953,0,1,0.08415794929789841,0.8147810218978102
6772,0,0,0.08415794929789841,0.8147810218978102
18457,1,1,0.08415794929789841,0.8147810218978102
37535,0,1,0.08415794929789841,0.8147810218978102
65598,0,0,0.08415794929789841,0.8147810218978102
7092,0,0,0.08415794929789841,0.8147810218978102
14252,0,0,0.08415794929789841,0.8147810218978102
67044,0,0,0.08415794929789841,0.8147810218978102
41695,0,0,0.08415794929789841,0.8147810218978102
87890,1,1,0.08415794929789841,0.8147810218978102
99419,0,0,0.08415794929789841,0.8147810218978102
51978,0,1,0.08415794929789841,0.8147810218978102
60196,0,0,0.08415794929789841,0.8147810218978102
84474,1,1,0.08415794929789841,0.8147810218978102
86658,0,1,0.08415794929789841,0.8147810218978102
48072,0,1,0.08415794929789841,0.8147810218978102
5659,0,0,0.08415794929789841,0.8147810218978102
33143,0,0,0.08415794929789841,0.8147810218978102
5085,0,1,0.08415794929789841,0.8147810218978102
84694,0,0,0.08415794929789841,0.8147810218978102
19931,0,1,0.08415794929789841,0.8147810218978102
42412,0,0,0.08415794929789841,0.8147810218978102
945,0,0,0.08415794929789841,0.8147810218978102
11308,0,1,0.08415794929789841,0.8147810218978102
37341,0,0,0.08415794929789841,0.8147810218978102
7827,0,0,0.08415794929789841,0.8147810218978102
13844,1,1,0.08415794929789841,0.8147810218978102
64636,0,1,0.08415794929789841,0.8147810218978102
2166,0,1,0.08415794929789841,0.8147810218978102
30175,0,1,0.08415794929789841,0.8147810218978102
2182,0,1,0.08415794929789841,0.8147810218978102
62249,0,1,0.08415794929789841,0.8147810218978102
41260,0,1,0.08415794929789841,0.8147810218978102
97397,0,1,0.08415794929789841,0.8147810218978102
48053,0,1,0.08415794929789841,0.8147810218978102
89691,0,0,0.08415794929789841,0.8147810218978102
22007,0,1,0.08415794929789841,0.8147810218978102
18461,0,0,0.08415794929789841,0.8147810218978102
15470,0,0,0.08415794929789841,0.8147810218978102
19813,0,0,0.08415794929789841,0.8147810218978102
86764,0,1,0.08415794929789841,0.8147810218978102
59799,0,0,0.08415794929789841,0.8147810218978102
33541,0,1,0.08415794929789841,0.8147810218978102
8930,0,0,0.08415794929789841,0.8147810218978102
94079,0,0,0.08415794929789841,0.8147810218978102
41517,0,0,0.08415794929789841,0.8147810218978102
8927,1,1,0.08415794929789841,0.8147810218978102
45961,0,0,0.08415794929789841,0.8147810218978102
30735,0,0,0.08415794929789841,0.8147810218978102
65302,0,1,0.08415794929789841,0.8147810218978102
52046,0,1,0.08415794929789841,0.8147810218978102
80208,1,1,0.08415794929789841,0.8147810218978102
36387,0,1,0.08415794929789841,0.8147810218978102
37976,0,0,0.08415794929789841,0.8147810218978102
72127,0,1,0.08415794929789841,0.8147810218978102
10997,0,1,0.08415794929789841,0.8147810218978102
48858,0,1,0.08415794929789841,0.8147810218978102
28206,0,1,0.08415794929789841,0.8147810218978102
92988,0,1,0.08415794929789841,0.8147810218978102
29424,0,0,0.08415794929789841,0.8147810218978102
55578,0,0,0.08415794929789841,0.8147810218978102
20988,0,1,0.08415794929789841,0.8147810218978102
61055,0,0,0.08415794929789841,0.8147810218978102
95921,0,0,0.08415794929789841,0.8147810218978102
19204,0,0,0.08415794929789841,0.8147810218978102
39087,0,0,0.08415794929789841,0.8147810218978102
70816,0,1,0.08415794929789841,0.8147810218978102
24062,0,0,0.08415794929789841,0.8147810218978102
54051,0,0,0.08415794929789841,0.8147810218978102
71720,0,1,0.08415794929789841,0.8147810218978102
8794,1,1,0.08415794929789841,0.8147810218978102
86238,0,1,0.08415794929789841,0.8147810218978102
57794,0,0,0.08415794929789841,0.8147810218978102
84791,0,0,0.08415794929789841,0.8147810218978102
21159,0,0,0.08415794929789841,0.8147810218978102
39927,0,1,0.08415794929789841,0.8147810218978102
76019,0,1,0.08415794929789841,0.8147810218978102
34204,0,0,0.08415794929789841,0.8147810218978102
52544,0,0,0.08415794929789841,0.8147810218978102
85803,0,1,0.08415794929789841,0.8147810218978102
83889,0,1,0.08415794929789841,0.8147810218978102
91465,0,1,0.08415794929789841,0.8147810218978102
52950,0,1,0.08415794929789841,0.8147810218978102
32748,0,0,0.08415794929789841,0.8147810218978102
25355,0,0,0.08415794929789841,0.8147810218978102
52531,0,1,0.08415794929789841,0.8147810218978102
42172,0,1,0.08415794929789841,0.8147810218978102
5351,0,0,0.08415794929789841,0.8147810218978102
69726,0,1,0.08415794929789841,0.8147810218978102
85022,0,1,0.08415794929789841,0.8147810218978102
9608,0,1,0.08415794929789841,0.8147810218978102
13416,0,1,0.08415794929789841,0.8147810218978102
42134,0,1,0.08415794929789841,0.8147810218978102
98992,0,0,0.08415794929789841,0.8147810218978102
14598,0,1,0.08415794929789841,0.8147810218978102
66191,1,1,0.08415794929789841,0.8147810218978102
60946,0,1,0.08415794929789841,0.8147810218978102
4234,0,0,0.08415794929789841,0.8147810218978102
76978,0,0,0.08415794929789841,0.8147810218978102
86029,0,1,0.08415794929789841,0.8147810218978102
34817,0,0,0.08415794929789841,0.8147810218978102
10429,0,0,0.08415794929789841,0.8147810218978102
25602,0,0,0.08415794929789841,0.8147810218978102
65878,0,0,0.08415794929789841,0.8147810218978102
29260,0,0,0.08415794929789841,0.8147810218978102
48741,0,1,0.08415794929789841,0.8147810218978102
40258,0,0,0.08415794929789841,0.8147810218978102
3653,0,0,0.08415794929789841,0.8147810218978102
5203,0,0,0.08415794929789841,0.8147810218978102
13068,0,1,0.08415794929789841,0.8147810218978102
32573,0,0,0.08415794929789841,0.8147810218978102
95344,0,0,0.08415794929789841,0.8147810218978102
62879,0,0,0.08415794929789841,0.8147810218978102
58110,0,0,0.08415794929789841,0.8147810218978102
16040,0,1,0.08415794929789841,0.8147810218978102
68336,0,0,0.08415794929789841,0.8147810218978102
2054,0,0,0.08415794929789841,0.8147810218978102
95368,0,0,0.08415794929789841,0.8147810218978102
46743,0,0,0.08415794929789841,0.8147810218978102
52177,0,0,0.08415794929789841,0.8147810218978102
58481,0,1,0.08415794929789841,0.8147810218978102
29670,0,0,0.08415794929789841,0.8147810218978102
21961,0,0,0.08415794929789841,0.8147810218978102
30952,0,0,0.08415794929789841,0.8147810218978102
90993,0,0,0.08415794929789841,0.8147810218978102
77029,0,1,0.08415794929789841,0.8147810218978102
8289,0,0,0.08415794929789841,0.8147810218978102
44895,0,0,0.08415794929789841,0.8147810218978102
40955,0,0,0.08415794929789841,0.8147810218978102
42462,0,0,0.08415794929789841,0.8147810218978102
25028,0,0,0.08415794929789841,0.8147810218978102
10030,0,0,0.08415794929789841,0.8147810218978102
49447,1,1,0.08415794929789841,0.8147810218978102
36018,0,0,0.08415794929789841,0.8147810218978102
11022,0,1,0.08415794929789841,0.8147810218978102
96883,0,0,0.08415794929789841,0.8147810218978102
91485,0,0,0.08415794929789841,0.8147810218978102
61368,0,1,0.08415794929789841,0.8147810218978102
65190,1,1,0.08415794929789841,0.8147810218978102
13185,0,0,0.08415794929789841,0.8147810218978102
45049,0,0,0.08415794929789841,0.8147810218978102
83032,0,0,0.08415794929789841,0.8147810218978102
40094,0,0,0.08415794929789841,0.8147810218978102
6296,0,1,0.08415794929789841,0.8147810218978102
55766,0,1,0.08415794929789841,0.8147810218978102
37421,0,1,0.08415794929789841,0.8147810218978102
76944,0,1,0.08415794929789841,0.8147810218978102
55343,0,0,0.08415794929789841,0.8147810218978102
24301,0,1,0.08415794929789841,0.8147810218978102
40203,0,1,0.08415794929789841,0.8147810218978102
55921,0,0,0.08415794929789841,0.8147810218978102
52741,0,0,0.08415794929789841,0.8147810218978102
94167,0,0,0.08415794929789841,0.8147810218978102
32397,0,0,0.08415794929789841,0.8147810218978102
23510,0,1,0.08415794929789841,0.8147810218978102
58977,0,0,0.08415794929789841,0.8147810218978102
33746,0,0,0.08415794929789841,0.8147810218978102
58615,0,1,0.08415794929789841,0.8147810218978102
66986,0,0,0.08415794929789841,0.8147810218978102
41344,0,1,0.08415794929789841,0.8147810218978102
70829,0,1,0.08415794929789841,0.8147810218978102
88466,0,1,0.08415794929789841,0.8147810218978102
42315,0,1,0.08415794929789841,0.8147810218978102
32068,0,0,0.08415794929789841,0.8147810218978102
78106,0,1,0.08415794929789841,0.8147810218978102
2081,0,0,0.08415794929789841,0.8147810218978102
73055,0,1,0.08415794929789841,0.8147810218978102
71205,0,0,0.08415794929789841,0.8147810218978102
33363,0,1,0.08415794929789841,0.8147810218978102
1466,0,0,0.08415794929789841,0.8147810218978102
2495,0,1,0.08415794929789841,0.8147810218978102
23409,0,1,0.08415794929789841,0.8147810218978102
77603,0,0,0.08415794929789841,0.8147810218978102
92149,0,0,0.08415794929789841,0.8147810218978102
6325,0,0,0.08415794929789841,0.8147810218978102
10373,0,1,0.08415794929789841,0.8147810218978102
45828,0,1,0.08415794929789841,0.8147810218978102
43047,0,0,0.08415794929789841,0.8147810218978102
10199,0,1,0.08415794929789841,0.8147810218978102
62328,0,0,0.08415794929789841,0.8147810218978102
7869,0,1,0.08415794929789841,0.8147810218978102
18207,0,0,0.08415794929789841,0.8147810218978102
55615,0,1,0.08415794929789841,0.8147810218978102
57653,0,0,0.08415794929789841,0.8147810218978102
45169,0,1,0.08415794929789841,0.8147810218978102
49435,0,1,0.08415794929789841,0.8147810218978102
84306,0,0,0.08415794929789841,0.8147810218978102
88599,0,0,0.08415794929789841,0.8147810218978102
97642,0,1,0.08415794929789841,0.8147810218978102
20570,0,0,0.08415794929789841,0.8147810218978102
76430,0,1,0.08415794929789841,0.8147810218978102
5334,1,1,0.08415794929789841,0.8147810218978102
70090,0,0,0.08415794929789841,0.8147810218978102
99791,0,0,0.08415794929789841,0.8147810218978102
14945,0,1,0.08415794929789841,0.8147810218978102
4011,0,0,0.08415794929789841,0.8147810218978102
85327,0,1,0.08415794929789841,0.8147810218978102
65637,0,0,0.08415794929789841,0.8147810218978102
49495,0,1,0.08415794929789841,0.8147810218978102
17798,0,1,0.08415794929789841,0.8147810218978102
46843,0,0,0.08415794929789841,0.8147810218978102
34197,0,1,0.08415794929789841,0.8147810218978102
96533,0,0,0.08415794929789841,0.8147810218978102
11522,0,0,0.08415794929789841,0.8147810218978102
93574,0,1,0.08415794929789841,0.8147810218978102
71703,0,0,0.08415794929789841,0.8147810218978102
70138,0,0,0.08415794929789841,0.8147810218978102
66646,0,1,0.08415794929789841,0.8147810218978102
15593,0,1,0.08415794929789841,0.8147810218978102
45752,0,0,0.08415794929789841,0.8147810218978102
33801,0,1,0.08415794929789841,0.8147810218978102
88575,0,0,0.08415794929789841,0.8147810218978102
16798,0,1,0.08415794929789841,0.8147810218978102
55664,0,0,0.08415794929789841,0.8147810218978102
1147,0,1,0.08415794929789841,0.8147810218978102
43905,0,1,0.08415794929789841,0.8147810218978102
68019,0,0,0.08415794929789841,0.8147810218978102
28762,0,0,0.08415794929789841,0.8147810218978102
34457,0,0,0.08415794929789841,0.8147810218978102
27146,0,0,0.08415794929789841,0.8147810218978102
58975,0,0,0.08415794929789841,0.8147810218978102
84329,0,0,0.08415794929789841,0.8147810218978102
82928,0,1,0.08415794929789841,0.8147810218978102
99745,0,0,0.08415794929789841,0.8147810218978102
19207,0,0,0.08415794929789841,0.8147810218978102
90497,0,1,0.08415794929789841,0.8147810218978102
34330,0,1,0.08415794929789841,0.8147810218978102
59986,0,1,0.08415794929789841,0.8147810218978102
99042,0,0,0.08415794929789841,0.8147810218978102
17566,0,0,0.08415794929789841,0.8147810218978102
40934,0,0,0.08415794929789841,0.8147810218978102
51526,0,0,0.08415794929789841,0.8147810218978102
52832,0,0,0.08415794929789841,0.8147810218978102
40571,0,1,0.08415794929789841,0.8147810218978102
77141,1,1,0.08415794929789841,0.8147810218978102
43939,0,1,0.08415794929789841,0.8147810218978102
8719,0,1,0.08415794929789841,0.8147810218978102
90474,0,1,0.08415794929789841,0.8147810218978102
7222,0,0,0.08415794929789841,0.8147810218978102
19174,0,1,0.08415794929789841,0.8147810218978102
8034,0,1,0.08415794929789841,0.8147810218978102
12067,0,1,0.08415794929789841,0.8147810218978102
60274,0,1,0.08415794929789841,0.8147810218978102
66310,0,1,0.08415794929789841,0.8147810218978102
61633,0,1,0.08415794929789841,0.8147810218978102
55349,0,0,0.08415794929789841,0.8147810218978102
8558,0,0,0.08415794929789841,0.8147810218978102
40362,0,0,0.08415794929789841,0.8147810218978102
45663,0,1,0.08415794929789841,0.8147810218978102
95225,0,1,0.08415794929789841,0.8147810218978102
36277,0,1,0.08415794929789841,0.8147810218978102
18717,0,0,0.08415794929789841,0.8147810218978102
69733,0,1,0.08415794929789841,0.8147810218978102
51836,0,1,0.08415794929789841,0.8147810218978102
19606,0,1,0.08415794929789841,0.8147810218978102
52469,0,0,0.08415794929789841,0.8147810218978102
45250,0,0,0.08415794929789841,0.8147810218978102
3396,0,0,0.08415794929789841,0.8147810218978102
71338,0,0,0.08415794929789841,0.8147810218978102
12852,0,1,0.08415794929789841,0.8147810218978102
41969,0,1,0.08415794929789841,0.8147810218978102
62857,0,1,0.08415794929789841,0.8147810218978102
71679,0,0,0.08415794929789841,0.8147810218978102
20226,0,0,0.08415794929789841,0.8147810218978102
37202,0,1,0.08415794929789841,0.8147810218978102
12504,0,1,0.08415794929789841,0.8147810218978102
4921,0,0,0.08415794929789841,0.8147810218978102
90648,0,1,0.08415794929789841,0.8147810218978102
43294,0,1,0.08415794929789841,0.8147810218978102
98945,0,0,0.08415794929789841,0.8147810218978102
54215,0,0,0.08415794929789841,0.8147810218978102
14972,1,1,0.08415794929789841,0.8147810218978102
60242,0,1,0.08415794929789841,0.8147810218978102
88776,0,0,0.08415794929789841,0.8147810218978102
47690,0,0,0.08415794929789841,0.8147810218978102
31068,0,1,0.08415794929789841,0.8147810218978102
31762,0,0,0.08415794929789841,0.8147810218978102
27757,0,0,0.08415794929789841,0.8147810218978102
56390,0,1,0.08415794929789841,0.8147810218978102
48952,1,0,0.08415794929789841,0.8147810218978102
93365,0,1,0.08415794929789841,0.8147810218978102
49687,0,1,0.08415794929789841,0.8147810218978102
59679,1,1,0.08415794929789841,0.8147810218978102
18587,0,1,0.08415794929789841,0.8147810218978102
88442,0,0,0.08415794929789841,0.8147810218978102
87463,0,1,0.08415794929789841,0.8147810218978102
23652,0,0,0.08415794929789841,0.8147810218978102
8600,0,0,0.08415794929789841,0.8147810218978102
51206,0,0,0.08415794929789841,0.8147810218978102
42792,0,0,0.08415794929789841,0.8147810218978102
63862,0,0,0.08415794929789841,0.8147810218978102
95221,0,0,0.08415794929789841,0.8147810218978102
38129,0,0,0.08415794929789841,0.8147810218978102
44524,0,1,0.08415794929789841,0.8147810218978102
64113,0,1,0.08415794929789841,0.8147810218978102
24937,0,0,0.08415794929789841,0.8147810218978102
23486,0,1,0.08415794929789841,0.8147810218978102
76761,0,0,0.08415794929789841,0.8147810218978102
2396,0,0,0.08415794929789841,0.8147810218978102
35330,0,1,0.08415794929789841,0.8147810218978102
6355,0,1,0.08415794929789841,0.8147810218978102
44654,0,1,0.08415794929789841,0.8147810218978102
28825,0,0,0.08415794929789841,0.8147810218978102
89103,0,0,0.08415794929789841,0.8147810218978102
84686,0,1,0.08415794929789841,0.8147810218978102
44703,0,0,0.08415794929789841,0.8147810218978102
22612,0,1,0.08415794929789841,0.8147810218978102
68812,0,0,0.08415794929789841,0.8147810218978102
99167,0,1,0.08415794929789841,0.8147810218978102
64307,0,1,0.08415794929789841,0.8147810218978102
94368,0,0,0.08415794929789841,0.8147810218978102
46141,1,1,0.08415794929789841,0.8147810218978102
40184,0,1,0.08415794929789841,0.8147810218978102
31546,0,0,0.08415794929789841,0.8147810218978102
60898,0,0,0.08415794929789841,0.8147810218978102
24224,0,0,0.08415794929789841,0.8147810218978102
87858,0,1,0.08415794929789841,0.8147810218978102
66725,0,0,0.08415794929789841,0.8147810218978102
64821,0,1,0.08415794929789841,0.8147810218978102
45949,0,1,0.08415794929789841,0.8147810218978102
86599,0,1,0.08415794929789841,0.8147810218978102
85433,1,0,0.08415794929789841,0.8147810218978102
15945,0,0,0.08415794929789841,0.8147810218978102
44089,1,1,0.08415794929789841,0.8147810218978102
67887,0,1,0.08415794929789841,0.8147810218978102
29222,0,0,0.08415794929789841,0.8147810218978102
27027,0,1,0.08415794929789841,0.8147810218978102
26477,0,1,0.08415794929789841,0.8147810218978102
88218,0,0,0.08415794929789841,0.8147810218978102
2087,0,0,0.08415794929789841,0.8147810218978102
70,0,0,0.08415794929789841,0.8147810218978102
77844,0,0,0.08415794929789841,0.8147810218978102
23499,0,1,0.08415794929789841,0.8147810218978102
17185,0,0,0.08415794929789841,0.8147810218978102
50227,1,1,0.08415794929789841,0.8147810218978102
66338,0,0,0.08415794929789841,0.8147810218978102
86912,0,0,0.08415794929789841,0.8147810218978102
83040,0,0,0.08415794929789841,0.8147810218978102
13803,0,1,0.08415794929789841,0.8147810218978102
28007,0,1,0.08415794929789841,0.8147810218978102
23021,0,0,0.08415794929789841,0.8147810218978102
228,0,0,0.08415794929789841,0.8147810218978102
15401,0,1,0.08415794929789841,0.8147810218978102
11778,0,0,0.08415794929789841,0.8147810218978102
33501,0,0,0.08415794929789841,0.8147810218978102
54635,0,1,0.08415794929789841,0.8147810218978102
41708,0,0,0.08415794929789841,0.8147810218978102
79557,1,1,0.08415794929789841,0.8147810218978102
63346,0,1,0.08415794929789841,0.8147810218978102
37829,0,1,0.08415794929789841,0.8147810218978102
90166,0,0,0.08415794929789841,0.8147810218978102
80472,0,1,0.08415794929789841,0.8147810218978102
63590,0,0,0.08415794929789841,0.8147810218978102
95543,0,1,0.08415794929789841,0.8147810218978102
6068,0,0,0.08415794929789841,0.8147810218978102
79936,0,1,0.08415794929789841,0.8147810218978102
57383,0,0,0.08415794929789841,0.8147810218978102
65874,0,0,0.08415794929789841,0.8147810218978102
28552,0,0,0.08415794929789841,0.8147810218978102
35184,0,0,0.08415794929789841,0.8147810218978102
51967,0,1,0.08415794929789841,0.8147810218978102
43873,0,1,0.08415794929789841,0.8147810218978102
74889,1,1,0.08415794929789841,0.8147810218978102
95339,0,0,0.08415794929789841,0.8147810218978102
38319,0,1,0.08415794929789841,0.8147810218978102
77717,0,1,0.08415794929789841,0.8147810218978102
78037,0,0,0.08415794929789841,0.8147810218978102
45776,0,0,0.08415794929789841,0.8147810218978102
8677,0,1,0.08415794929789841,0.8147810218978102
22340,0,0,0.08415794929789841,0.8147810218978102
20919,0,0,0.08415794929789841,0.8147810218978102
22923,0,1,0.08415794929789841,0.8147810218978102
57475,1,1,0.08415794929789841,0.8147810218978102
70543,1,1,0.08415794929789841,0.8147810218978102
51576,0,0,0.08415794929789841,0.8147810218978102
79502,0,1,0.08415794929789841,0.8147810218978102
17376,0,1,0.08415794929789841,0.8147810218978102
13549,0,1,0.08415794929789841,0.8147810218978102
16578,0,1,0.08415794929789841,0.8147810218978102
19272,0,0,0.08415794929789841,0.8147810218978102
19692,0,1,0.08415794929789841,0.8147810218978102
63796,0,0,0.08415794929789841,0.8147810218978102
3980,0,0,0.08415794929789841,0.8147810218978102
95374,0,0,0.08415794929789841,0.8147810218978102
34854,0,0,0.08415794929789841,0.8147810218978102
26378,0,1,0.08415794929789841,0.8147810218978102
15635,0,0,0.08415794929789841,0.8147810218978102
87262,0,0,0.08415794929789841,0.8147810218978102
59570,0,1,0.08415794929789841,0.8147810218978102
26161,0,0,0.08415794929789841,0.8147810218978102
91071,0,0,0.08415794929789841,0.8147810218978102
29531,0,1,0.08415794929789841,0.8147810218978102
10507,0,1,0.08415794929789841,0.8147810218978102
96116,0,0,0.08415794929789841,0.8147810218978102
86050,0,0,0.08415794929789841,0.8147810218978102
47129,0,1,0.08415794929789841,0.8147810218978102
82886,1,1,0.08415794929789841,0.8147810218978102
78009,0,1,0.08415794929789841,0.8147810218978102
88069,0,0,0.08415794929789841,0.8147810218978102
51154,1,1,0.08415794929789841,0.8147810218978102
20151,0,0,0.08415794929789841,0.8147810218978102
20895,0,0,0.08415794929789841,0.8147810218978102
91321,0,0,0.08415794929789841,0.8147810218978102
2527,0,1,0.08415794929789841,0.8147810218978102
92566,0,1,0.08415794929789841,0.8147810218978102
32859,0,0,0.08415794929789841,0.8147810218978102
46650,0,0,0.08415794929789841,0.8147810218978102
134,0,0,0.08415794929789841,0.8147810218978102
23079,0,0,0.08415794929789841,0.8147810218978102
51217,0,1,0.08415794929789841,0.8147810218978102
90368,0,1,0.08415794929789841,0.8147810218978102
83894,0,1,0.08415794929789841,0.8147810218978102
7221,0,0,0.08415794929789841,0.8147810218978102
25816,0,1,0.08415794929789841,0.8147810218978102
83059,0,1,0.08415794929789841,0.8147810218978102
45607,0,1,0.08415794929789841,0.8147810218978102
82163,0,1,0.08415794929789841,0.8147810218978102
33240,0,1,0.08415794929789841,0.8147810218978102
51447,0,1,0.08415794929789841,0.8147810218978102
78742,0,0,0.08415794929789841,0.8147810218978102
14814,1,1,0.08415794929789841,0.8147810218978102
40819,0,1,0.08415794929789841,0.8147810218978102
87752,0,0,0.08415794929789841,0.8147810218978102
42408,0,0,0.08415794929789841,0.8147810218978102
92329,0,1,0.08415794929789841,0.8147810218978102
79868,0,0,0.08415794929789841,0.8147810218978102
4571,0,1,0.08415794929789841,0.8147810218978102
86308,0,0,0.08415794929789841,0.8147810218978102
3774,0,1,0.08415794929789841,0.8147810218978102
22822,0,0,0.08415794929789841,0.8147810218978102
55770,0,1,0.08415794929789841,0.8147810218978102
87176,0,1,0.08415794929789841,0.8147810218978102
99234,0,0,0.08415794929789841,0.8147810218978102
1394,0,1,0.08415794929789841,0.8147810218978102
10060,0,1,0.08415794929789841,0.8147810218978102
45366,0,1,0.08415794929789841,0.8147810218978102
22794,0,1,0.08415794929789841,0.8147810218978102
92415,0,0,0.08415794929789841,0.8147810218978102
68433,1,1,0.08415794929789841,0.8147810218978102
87669,0,0,0.08415794929789841,0.8147810218978102
31810,0,1,0.08415794929789841,0.8147810218978102
42919,0,1,0.08415794929789841,0.8147810218978102
7702,0,1,0.08415794929789841,0.8147810218978102
21413,0,0,0.08415794929789841,0.8147810218978102
29303,1,0,0.08415794929789841,0.8147810218978102
88046,0,0,0.08415794929789841,0.8147810218978102
25152,0,0,0.08415794929789841,0.8147810218978102
63779,0,0,0.08415794929789841,0.8147810218978102
63086,0,0,0.08415794929789841,0.8147810218978102
24533,0,0,0.08415794929789841,0.8147810218978102
74383,0,1,0.08415794929789841,0.8147810218978102
34352,0,0,0.08415794929789841,0.8147810218978102
11279,0,1,0.08415794929789841,0.8147810218978102
57874,0,1,0.08415794929789841,0.8147810218978102
37362,0,0,0.08415794929789841,0.8147810218978102
86574,0,0,0.08415794929789841,0.8147810218978102
79422,1,1,0.08415794929789841,0.8147810218978102
86804,0,1,0.08415794929789841,0.8147810218978102
80392,0,0,0.08415794929789841,0.8147810218978102
16902,0,0,0.08415794929789841,0.8147810218978102
20479,1,1,0.08415794929789841,0.8147810218978102
64159,0,0,0.08415794929789841,0.8147810218978102
52286,0,0,0.08415794929789841,0.8147810218978102
88886,0,1,0.08415794929789841,0.8147810218978102
5245,0,1,0.08415794929789841,0.8147810218978102
17372,0,0,0.08415794929789841,0.8147810218978102
23029,0,0,0.08415794929789841,0.8147810218978102
82987,0,1,0.08415794929789841,0.8147810218978102
89239,1,1,0.08415794929789841,0.8147810218978102
71705,0,1,0.08415794929789841,0.8147810218978102
12522,0,1,0.08415794929789841,0.8147810218978102
53275,0,1,0.08415794929789841,0.8147810218978102
92681,0,0,0.08415794929789841,0.8147810218978102
33924,1,1,0.08415794929789841,0.8147810218978102
41287,0,1,0.08415794929789841,0.8147810218978102
33397,0,1,0.08415794929789841,0.8147810218978102
99188,0,1,0.08415794929789841,0.8147810218978102
32730,0,1,0.08415794929789841,0.8147810218978102
93019,0,1,0.08415794929789841,0.8147810218978102
43552,0,0,0.08415794929789841,0.8147810218978102
97526,0,0,0.08415794929789841,0.8147810218978102
89711,0,0,0.08415794929789841,0.8147810218978102
32662,0,0,0.08415794929789841,0.8147810218978102
30128,0,1,0.08415794929789841,0.8147810218978102
94005,0,0,0.08415794929789841,0.8147810218978102
27385,0,0,0.08415794929789841,0.8147810218978102
29015,0,0,0.08415794929789841,0.8147810218978102
72451,0,1,0.08415794929789841,0.8147810218978102
19369,0,0,0.08415794929789841,0.8147810218978102
37473,0,0,0.08415794929789841,0.8147810218978102
78497,0,0,0.08415794929789841,0.8147810218978102
75416,0,1,0.08415794929789841,0.8147810218978102
91451,0,1,0.08415794929789841,0.8147810218978102
49515,0,1,0.08415794929789841,0.8147810218978102
69665,0,1,0.08415794929789841,0.8147810218978102
95909,0,1,0.08415794929789841,0.8147810218978102
5686,0,1,0.08415794929789841,0.8147810218978102
80315,0,0,0.08415794929789841,0.8147810218978102
57518,0,0,0.08415794929789841,0.8147810218978102
59965,0,0,0.08415794929789841,0.8147810218978102
985,0,1,0.08415794929789841,0.8147810218978102
96731,0,1,0.08415794929789841,0.8147810218978102
59190,0,1,0.08415794929789841,0.8147810218978102
72367,0,0,0.08415794929789841,0.8147810218978102
1384,0,1,0.08415794929789841,0.8147810218978102
2139,1,0,0.08415794929789841,0.8147810218978102
87850,0,1,0.08415794929789841,0.8147810218978102
59386,0,1,0.08415794929789841,0.8147810218978102
50694,0,1,0.08415794929789841,0.8147810218978102
61279,0,1,0.08415794929789841,0.8147810218978102
15954,0,1,0.08415794929789841,0.8147810218978102
16171,0,1,0.08415794929789841,0.8147810218978102
2887,0,1,0.08415794929789841,0.8147810218978102
84234,0,0,0.08415794929789841,0.8147810218978102
27666,0,1,0.08415794929789841,0.8147810218978102
5466,0,1,0.08415794929789841,0.8147810218978102
92997,0,0,0.08415794929789841,0.8147810218978102
90994,0,0,0.08415794929789841,0.8147810218978102
25673,0,0,0.08415794929789841,0.8147810218978102
71564,0,0,0.08415794929789841,0.8147810218978102
42282,0,0,0.08415794929789841,0.8147810218978102
53969,0,1,0.08415794929789841,0.8147810218978102
2950,0,0,0.08415794929789841,0.8147810218978102
91603,0,0,0.08415794929789841,0.8147810218978102
79314,0,0,0.08415794929789841,0.8147810218978102
28057,0,0,0.08415794929789841,0.8147810218978102
44393,0,0,0.08415794929789841,0.8147810218978102
92185,0,0,0.08415794929789841,0.8147810218978102
71804,0,0,0.08415794929789841,0.8147810218978102
10941,0,0,0.08415794929789841,0.8147810218978102
91317,0,0,0.08415794929789841,0.8147810218978102
78552,0,0,0.08415794929789841,0.8147810218978102
8360,0,1,0.08415794929789841,0.8147810218978102
91063,0,1,0.08415794929789841,0.8147810218978102
3486,0,1,0.08415794929789841,0.8147810218978102
17230,0,1,0.08415794929789841,0.8147810218978102
7459,0,0,0.08415794929789841,0.8147810218978102
12937,0,1,0.08415794929789841,0.8147810218978102
54227,0,1,0.08415794929789841,0.8147810218978102
81680,0,1,0.08415794929789841,0.8147810218978102
6878,0,0,0.08415794929789841,0.8147810218978102
39335,0,1,0.08415794929789841,0.8147810218978102
22908,0,0,0.08415794929789841,0.8147810218978102
18937,0,0,0.08415794929789841,0.8147810218978102
38089,0,1,0.08415794929789841,0.8147810218978102
81127,0,1,0.08415794929789841,0.8147810218978102
26694,0,1,0.08415794929789841,0.8147810218978102
10291,0,1,0.08415794929789841,0.8147810218978102
48134,0,1,0.08415794929789841,0.8147810218978102
13398,0,1,0.08415794929789841,0.8147810218978102
60722,0,1,0.08415794929789841,0.8147810218978102
33491,0,0,0.08415794929789841,0.8147810218978102
61867,0,1,0.08415794929789841,0.8147810218978102
94740,0,0,0.08415794929789841,0.8147810218978102
3246,0,1,0.08415794929789841,0.8147810218978102
16996,1,1,0.08415794929789841,0.8147810218978102
49541,0,1,0.08415794929789841,0.8147810218978102
12868,0,1,0.08415794929789841,0.8147810218978102
52432,0,1,0.08415794929789841,0.8147810218978102
18455,0,0,0.08415794929789841,0.8147810218978102
48019,0,0,0.08415794929789841,0.8147810218978102
6983,0,0,0.08415794929789841,0.8147810218978102
8016,0,1,0.08415794929789841,0.8147810218978102
72645,0,1,0.08415794929789841,0.8147810218978102
28617,0,0,0.08415794929789841,0.8147810218978102
60218,0,0,0.08415794929789841,0.8147810218978102
11956,0,0,0.08415794929789841,0.8147810218978102
9265,0,0,0.08415794929789841,0.8147810218978102
45363,0,1,0.08415794929789841,0.8147810218978102
77999,0,1,0.08415794929789841,0.8147810218978102
45779,0,0,0.08415794929789841,0.8147810218978102
18394,0,1,0.08415794929789841,0.8147810218978102
23082,0,1,0.08415794929789841,0.8147810218978102
35506,0,0,0.08415794929789841,0.8147810218978102
86095,0,1,0.08415794929789841,0.8147810218978102
63933,1,0,0.08415794929789841,0.8147810218978102
82194,0,1,0.08415794929789841,0.8147810218978102
2101,1,0,0.08415794929789841,0.8147810218978102
79444,0,1,0.08415794929789841,0.8147810218978102
48246,0,1,0.08415794929789841,0.8147810218978102
47284,0,1,0.08415794929789841,0.8147810218978102
65181,0,0,0.08415794929789841,0.8147810218978102
85655,0,1,0.08415794929789841,0.8147810218978102
54911,0,1,0.08415794929789841,0.8147810218978102
60359,0,1,0.08415794929789841,0.8147810218978102
57957,0,0,0.08415794929789841,0.8147810218978102
8455,0,1,0.08415794929789841,0.8147810218978102
31482,0,0,0.08415794929789841,0.8147810218978102
73285,0,0,0.08415794929789841,0.8147810218978102
77491,0,1,0.08415794929789841,0.8147810218978102
3990,0,1,0.08415794929789841,0.8147810218978102
40744,0,1,0.08415794929789841,0.8147810218978102
30142,0,1,0.08415794929789841,0.8147810218978102
10068,0,0,0.08415794929789841,0.8147810218978102
81908,0,1,0.08415794929789841,0.8147810218978102
7813,0,1,0.08415794929789841,0.8147810218978102
96250,0,0,0.08415794929789841,0.8147810218978102
49483,0,0,0.08415794929789841,0.8147810218978102
58243,0,0,0.08415794929789841,0.8147810218978102
4584,0,1,0.08415794929789841,0.8147810218978102
85041,0,0,0.08415794929789841,0.8147810218978102
27005,0,1,0.08415794929789841,0.8147810218978102
29861,0,0,0.08415794929789841,0.8147810218978102
39862,0,0,0.08415794929789841,0.8147810218978102
6473,0,0,0.08415794929789841,0.8147810218978102
90538,0,0,0.08415794929789841,0.8147810218978102
15174,0,1,0.08415794929789841,0.8147810218978102
84236,1,1,0.08415794929789841,0.8147810218978102
80691,0,0,0.08415794929789841,0.8147810218978102
78793,0,0,0.08415794929789841,0.8147810218978102
98453,1,1,0.08415794929789841,0.8147810218978102
80808,0,1,0.08415794929789841,0.8147810218978102
7700,0,1,0.08415794929789841,0.8147810218978102
48125,0,1,0.08415794929789841,0.8147810218978102
59335,1,1,0.08415794929789841,0.8147810218978102
13461,0,0,0.08415794929789841,0.8147810218978102
35072,0,0,0.08415794929789841,0.8147810218978102
57350,0,0,0.08415794929789841,0.8147810218978102
99809,0,0,0.08415794929789841,0.8147810218978102
99990,0,1,0.08415794929789841,0.8147810218978102
26078,0,0,0.08415794929789841,0.8147810218978102
72490,0,0,0.08415794929789841,0.8147810218978102
26361,0,0,0.08415794929789841,0.8147810218978102
6059,0,0,0.08415794929789841,0.8147810218978102
97066,0,1,0.08415794929789841,0.8147810218978102
51663,0,0,0.08415794929789841,0.8147810218978102
71539,0,1,0.08415794929789841,0.8147810218978102
90223,0,0,0.08415794929789841,0.8147810218978102
49550,0,1,0.08415794929789841,0.8147810218978102
36341,0,1,0.08415794929789841,0.8147810218978102
25657,0,0,0.08415794929789841,0.8147810218978102
41494,0,0,0.08415794929789841,0.8147810218978102
99249,1,1,0.08415794929789841,0.8147810218978102
30263,0,1,0.08415794929789841,0.8147810218978102
97674,0,1,0.08415794929789841,0.8147810218978102
52968,0,1,0.08415794929789841,0.8147810218978102
28601,0,1,0.08415794929789841,0.8147810218978102
74765,1,1,0.08415794929789841,0.8147810218978102
35174,0,0,0.08415794929789841,0.8147810218978102
16431,0,1,0.08415794929789841,0.8147810218978102
48950,0,1,0.08415794929789841,0.8147810218978102
99410,1,1,0.08415794929789841,0.8147810218978102
28031,0,0,0.08415794929789841,0.8147810218978102
98487,0,0,0.08415794929789841,0.8147810218978102
25185,1,1,0.08415794929789841,0.8147810218978102
65469,0,1,0.08415794929789841,0.8147810218978102
21922,0,0,0.08415794929789841,0.8147810218978102
77164,0,0,0.08415794929789841,0.8147810218978102
55071,0,1,0.08415794929789841,0.8147810218978102
3589,0,1,0.08415794929789841,0.8147810218978102
94191,0,0,0.08415794929789841,0.8147810218978102
42808,0,0,0.08415794929789841,0.8147810218978102
43154,0,0,0.08415794929789841,0.8147810218978102
84362,0,0,0.08415794929789841,0.8147810218978102
32628,0,0,0.08415794929789841,0.8147810218978102
94535,0,1,0.08415794929789841,0.8147810218978102
75552,0,1,0.08415794929789841,0.8147810218978102
51715,0,1,0.08415794929789841,0.8147810218978102
55158,0,1,0.08415794929789841,0.8147810218978102
37069,0,0,0.08415794929789841,0.8147810218978102
54770,0,0,0.08415794929789841,0.8147810218978102
83630,0,0,0.08415794929789841,0.8147810218978102
54901,0,1,0.08415794929789841,0.8147810218978102
41324,0,1,0.08415794929789841,0.8147810218978102
58623,0,1,0.08415794929789841,0.8147810218978102
94452,0,1,0.08415794929789841,0.8147810218978102
84267,0,1,0.08415794929789841,0.8147810218978102
60081,0,0,0.08415794929789841,0.8147810218978102
74332,0,1,0.08415794929789841,0.8147810218978102
90257,0,0,0.08415794929789841,0.8147810218978102
93671,0,1,0.08415794929789841,0.8147810218978102
51375,0,0,0.08415794929789841,0.8147810218978102
97371,0,0,0.08415794929789841,0.8147810218978102
13924,0,1,0.08415794929789841,0.8147810218978102
30211,0,0,0.08415794929789841,0.8147810218978102
8531,0,1,0.08415794929789841,0.8147810218978102
43209,0,0,0.08415794929789841,0.8147810218978102
27865,0,1,0.08415794929789841,0.8147810218978102
78791,0,1,0.08415794929789841,0.8147810218978102
61345,0,1,0.08415794929789841,0.8147810218978102
30565,0,1,0.08415794929789841,0.8147810218978102
66610,0,1,0.08415794929789841,0.8147810218978102
20075,0,0,0.08415794929789841,0.8147810218978102
35869,0,0,0.08415794929789841,0.8147810218978102
87364,0,1,0.08415794929789841,0.8147810218978102
93589,0,1,0.08415794929789841,0.8147810218978102
8392,0,1,0.08415794929789841,0.8147810218978102
2727,0,0,0.08415794929789841,0.8147810218978102
57476,0,1,0.08415794929789841,0.8147810218978102
49403,0,0,0.08415794929789841,0.8147810218978102
45454,0,0,0.08415794929789841,0.8147810218978102
634,0,1,0.08415794929789841,0.8147810218978102
72772,0,1,0.08415794929789841,0.8147810218978102
83167,0,1,0.08415794929789841,0.8147810218978102
75153,0,0,0.08415794929789841,0.8147810218978102
61067,0,0,0.08415794929789841,0.8147810218978102
86135,0,1,0.08415794929789841,0.8147810218978102
76645,0,0,0.08415794929789841,0.8147810218978102
14893,0,0,0.08415794929789841,0.8147810218978102
90687,0,0,0.08415794929789841,0.8147810218978102
42168,0,1,0.08415794929789841,0.8147810218978102
75315,0,0,0.08415794929789841,0.8147810218978102
40165,0,1,0.08415794929789841,0.8147810218978102
52999,0,0,0.08415794929789841,0.8147810218978102
83806,0,1,0.08415794929789841,0.8147810218978102
99500,0,0,0.08415794929789841,0.8147810218978102
94027,0,1,0.08415794929789841,0.8147810218978102
49699,0,1,0.08415794929789841,0.8147810218978102
91685,0,1,0.08415794929789841,0.8147810218978102
37865,0,1,0.08415794929789841,0.8147810218978102
78974,0,1,0.08415794929789841,0.8147810218978102
97045,0,0,0.08415794929789841,0.8147810218978102
24624,0,1,0.08415794929789841,0.8147810218978102
1437,0,0,0.08415794929789841,0.8147810218978102
85065,0,0,0.08415794929789841,0.8147810218978102
11665,0,0,0.08415794929789841,0.8147810218978102
75678,0,1,0.08415794929789841,0.8147810218978102
9563,0,0,0.08415794929789841,0.8147810218978102
96485,0,1,0.08415794929789841,0.8147810218978102
13783,0,1,0.08415794929789841,0.8147810218978102
19336,0,1,0.08415794929789841,0.8147810218978102
4742,0,0,0.08415794929789841,0.8147810218978102
6103,0,1,0.08415794929789841,0.8147810218978102
4854,0,1,0.08415794929789841,0.8147810218978102
23097,0,0,0.08415794929789841,0.8147810218978102
30133,0,1,0.08415794929789841,0.8147810218978102
99338,0,0,0.08415794929789841,0.8147810218978102
42617,0,1,0.08415794929789841,0.8147810218978102
89269,0,1,0.08415794929789841,0.8147810218978102
9586,0,0,0.08415794929789841,0.8147810218978102
2023,0,1,0.08415794929789841,0.8147810218978102
56023,0,1,0.08415794929789841,0.8147810218978102
65794,0,1,0.08415794929789841,0.8147810218978102
37422,0,0,0.08415794929789841,0.8147810218978102
47671,0,0,0.08415794929789841,0.8147810218978102
70757,0,1,0.08415794929789841,0.8147810218978102
88126,0,1,0.08415794929789841,0.8147810218978102
98959,0,1,0.08415794929789841,0.8147810218978102
81424,0,1,0.08415794929789841,0.8147810218978102
17899,0,0,0.08415794929789841,0.8147810218978102
84823,0,0,0.08415794929789841,0.8147810218978102
53129,0,0,0.08415794929789841,0.8147810218978102
52573,0,1,0.08415794929789841,0.8147810218978102
72329,0,0,0.08415794929789841,0.8147810218978102
70467,0,0,0.08415794929789841,0.8147810218978102
2388,0,0,0.08415794929789841,0.8147810218978102
81946,0,0,0.08415794929789841,0.8147810218978102
68277,0,1,0.08415794929789841,0.8147810218978102
43208,0,1,0.08415794929789841,0.8147810218978102
45588,0,1,0.08415794929789841,0.8147810218978102
462,0,0,0.08415794929789841,0.8147810218978102
4433,0,0,0.08415794929789841,0.8147810218978102
64050,0,1,0.08415794929789841,0.8147810218978102
13479,0,0,0.08415794929789841,0.8147810218978102
96386,0,0,0.08415794929789841,0.8147810218978102
57815,0,1,0.08415794929789841,0.8147810218978102
40380,0,1,0.08415794929789841,0.8147810218978102
60187,0,1,0.08415794929789841,0.8147810218978102
56112,1,0,0.08415794929789841,0.8147810218978102
31842,0,0,0.08415794929789841,0.8147810218978102
58462,0,0,0.08415794929789841,0.8147810218978102
52513,0,0,0.08415794929789841,0.8147810218978102
15857,0,1,0.08415794929789841,0.8147810218978102
49031,0,0,0.08415794929789841,0.8147810218978102
88420,0,1,0.08415794929789841,0.8147810218978102
92241,0,1,0.08415794929789841,0.8147810218978102
91390,1,1,0.08415794929789841,0.8147810218978102
4762,0,0,0.08415794929789841,0.8147810218978102
24082,0,1,0.08415794929789841,0.8147810218978102
8957,0,1,0.08415794929789841,0.8147810218978102
42416,0,0,0.08415794929789841,0.8147810218978102
44000,0,1,0.08415794929789841,0.8147810218978102
21969,0,1,0.08415794929789841,0.8147810218978102
31031,0,1,0.08415794929789841,0.8147810218978102
15906,0,1,0.08415794929789841,0.8147810218978102
91417,0,1,0.08415794929789841,0.8147810218978102
59056,0,0,0.08415794929789841,0.8147810218978102
27692,0,0,0.08415794929789841,0.8147810218978102
25071,0,0,0.08415794929789841,0.8147810218978102
63801,0,1,0.08415794929789841,0.8147810218978102
16434,0,0,0.08415794929789841,0.8147810218978102
79014,0,1,0.08415794929789841,0.8147810218978102
86815,1,1,0.08415794929789841,0.8147810218978102
88211,0,0,0.08415794929789841,0.8147810218978102
7195,0,0,0.08415794929789841,0.8147810218978102
77049,0,0,0.08415794929789841,0.8147810218978102
19521,0,0,0.08415794929789841,0.8147810218978102
14122,0,0,0.08415794929789841,0.8147810218978102
45517,0,0,0.08415794929789841,0.8147810218978102
8473,0,0,0.08415794929789841,0.8147810218978102
35955,1,1,0.08415794929789841,0.8147810218978102
98488,0,0,0.08415794929789841,0.8147810218978102
42743,0,1,0.08415794929789841,0.8147810218978102
35741,0,0,0.08415794929789841,0.8147810218978102
95551,0,0,0.08415794929789841,0.8147810218978102
55302,0,0,0.08415794929789841,0.8147810218978102
46541,0,1,0.08415794929789841,0.8147810218978102
92716,0,0,0.08415794929789841,0.8147810218978102
75014,0,1,0.08415794929789841,0.8147810218978102
80455,0,0,0.08415794929789841,0.8147810218978102
54456,0,1,0.08415794929789841,0.8147810218978102
86705,0,0,0.08415794929789841,0.8147810218978102
72535,0,1,0.08415794929789841,0.8147810218978102
5752,0,0,0.08415794929789841,0.8147810218978102
78169,0,0,0.08415794929789841,0.8147810218978102
8865,0,1,0.08415794929789841,0.8147810218978102
10332,0,0,0.08415794929789841,0.8147810218978102
37965,0,1,0.08415794929789841,0.8147810218978102
40015,0,0,0.08415794929789841,0.8147810218978102
41241,0,1,0.08415794929789841,0.8147810218978102
40835,0,1,0.08415794929789841,0.8147810218978102
75267,1,0,0.08415794929789841,0.8147810218978102
90897,0,0,0.08415794929789841,0.8147810218978102
50356,0,0,0.08415794929789841,0.8147810218978102
66277,0,1,0.08415794929789841,0.8147810218978102
90744,0,1,0.08415794929789841,0.8147810218978102
23590,0,0,0.08415794929789841,0.8147810218978102
30206,0,1,0.08415794929789841,0.8147810218978102
13288,1,1,0.08415794929789841,0.8147810218978102
58383,0,1,0.08415794929789841,0.8147810218978102
37577,0,1,0.08415794929789841,0.8147810218978102
98043,1,1,0.08415794929789841,0.8147810218978102
7824,0,0,0.08415794929789841,0.8147810218978102
70042,0,0,0.08415794929789841,0.8147810218978102
56862,0,0,0.08415794929789841,0.8147810218978102
86264,0,0,0.08415794929789841,0.8147810218978102
50443,0,0,0.08415794929789841,0.8147810218978102
75664,0,0,0.08415794929789841,0.8147810218978102
49404,0,1,0.08415794929789841,0.8147810218978102
17751,0,0,0.08415794929789841,0.8147810218978102
65282,0,1,0.08415794929789841,0.8147810218978102
38923,0,1,0.08415794929789841,0.8147810218978102
47848,0,1,0.08415794929789841,0.8147810218978102
89941,0,0,0.08415794929789841,0.8147810218978102
73366,0,0,0.08415794929789841,0.8147810218978102
48511,0,1,0.08415794929789841,0.8147810218978102
28892,0,0,0.08415794929789841,0.8147810218978102
66988,0,1,0.08415794929789841,0.8147810218978102
11203,0,1,0.08415794929789841,0.8147810218978102
77636,0,1,0.08415794929789841,0.8147810218978102
32410,0,0,0.08415794929789841,0.8147810218978102
93922,0,1,0.08415794929789841,0.8147810218978102
20210,0,0,0.08415794929789841,0.8147810218978102
90909,0,0,0.08415794929789841,0.8147810218978102
64996,0,1,0.08415794929789841,0.8147810218978102
60676,0,1,0.08415794929789841,0.8147810218978102
57343,0,1,0.08415794929789841,0.8147810218978102
70859,0,0,0.08415794929789841,0.8147810218978102
32726,0,0,0.08415794929789841,0.8147810218978102
14622,0,1,0.08415794929789841,0.8147810218978102
12316,0,1,0.08415794929789841,0.8147810218978102
63438,0,1,0.08415794929789841,0.8147810218978102
75867,0,0,0.08415794929789841,0.8147810218978102
61318,0,1,0.08415794929789841,0.8147810218978102
32909,0,0,0.08415794929789841,0.8147810218978102
72470,0,1,0.08415794929789841,0.8147810218978102
24775,0,0,0.08415794929789841,0.8147810218978102
40373,0,1,0.08415794929789841,0.8147810218978102
8883,0,1,0.08415794929789841,0.8147810218978102
46754,0,0,0.08415794929789841,0.8147810218978102
25926,0,0,0.08415794929789841,0.8147810218978102
94162,0,0,0.08415794929789841,0.8147810218978102
62579,1,1,0.08415794929789841,0.8147810218978102
84312,0,0,0.08415794929789841,0.8147810218978102
94378,0,0,0.08415794929789841,0.8147810218978102
94729,0,1,0.08415794929789841,0.8147810218978102
17008,0,1,0.08415794929789841,0.8147810218978102
70527,0,1,0.08415794929789841,0.8147810218978102
49988,0,0,0.08415794929789841,0.8147810218978102
65782,0,0,0.08415794929789841,0.8147810218978102
54162,0,0,0.08415794929789841,0.8147810218978102
99958,0,1,0.08415794929789841,0.8147810218978102
3917,0,0,0.08415794929789841,0.8147810218978102
61115,0,0,0.08415794929789841,0.8147810218978102
70086,0,1,0.08415794929789841,0.8147810218978102
9877,0,1,0.08415794929789841,0.8147810218978102
55852,0,1,0.08415794929789841,0.8147810218978102
47950,0,1,0.08415794929789841,0.8147810218978102
42044,0,0,0.08415794929789841,0.8147810218978102
21928,0,1,0.08415794929789841,0.8147810218978102
70777,0,0,0.08415794929789841,0.8147810218978102
66894,0,0,0.08415794929789841,0.8147810218978102
14594,0,1,0.08415794929789841,0.8147810218978102
30439,0,1,0.08415794929789841,0.8147810218978102
92872,0,0,0.08415794929789841,0.8147810218978102
55131,0,1,0.08415794929789841,0.8147810218978102
14042,0,0,0.08415794929789841,0.8147810218978102
47816,0,0,0.08415794929789841,0.8147810218978102
77634,0,1,0.08415794929789841,0.8147810218978102
12127,0,0,0.08415794929789841,0.8147810218978102
62360,0,1,0.08415794929789841,0.8147810218978102
3103,1,0,0.08415794929789841,0.8147810218978102
71844,0,1,0.08415794929789841,0.8147810218978102
67522,0,1,0.08415794929789841,0.8147810218978102
566,0,1,0.08415794929789841,0.8147810218978102
12904,0,0,0.08415794929789841,0.8147810218978102
95991,0,1,0.08415794929789841,0.8147810218978102
22152,0,1,0.08415794929789841,0.8147810218978102
91147,0,0,0.08415794929789841,0.8147810218978102
24602,0,1,0.08415794929789841,0.8147810218978102
70531,0,1,0.08415794929789841,0.8147810218978102
74354,0,1,0.08415794929789841,0.8147810218978102
21693,0,0,0.08415794929789841,0.8147810218978102
71231,0,1,0.08415794929789841,0.8147810218978102
26449,0,0,0.08415794929789841,0.8147810218978102
65134,0,0,0.08415794929789841,0.8147810218978102
64190,0,1,0.08415794929789841,0.8147810218978102
63372,0,1,0.08415794929789841,0.8147810218978102
36757,0,0,0.08415794929789841,0.8147810218978102
43654,0,0,0.08415794929789841,0.8147810218978102
49325,0,1,0.08415794929789841,0.8147810218978102
97821,0,0,0.08415794929789841,0.8147810218978102
33212,0,1,0.08415794929789841,0.8147810218978102
40760,0,1,0.08415794929789841,0.8147810218978102
33119,0,0,0.08415794929789841,0.8147810218978102
42212,0,0,0.08415794929789841,0.8147810218978102
11718,0,0,0.08415794929789841,0.8147810218978102
77376,0,1,0.08415794929789841,0.8147810218978102
58703,0,0,0.08415794929789841,0.8147810218978102
55145,0,1,0.08415794929789841,0.8147810218978102
33371,0,1,0.08415794929789841,0.8147810218978102
35922,0,1,0.08415794929789841,0.8147810218978102
56596,0,0,0.08415794929789841,0.8147810218978102
52225,0,0,0.08415794929789841,0.8147810218978102
60617,0,1,0.08415794929789841,0.8147810218978102
82576,0,1,0.08415794929789841,0.8147810218978102
53139,0,1,0.08415794929789841,0.8147810218978102
26490,0,1,0.08415794929789841,0.8147810218978102
49139,0,0,0.08415794929789841,0.8147810218978102
88174,0,0,0.08415794929789841,0.8147810218978102
13972,0,0,0.08415794929789841,0.8147810218978102
52287,0,1,0.08415794929789841,0.8147810218978102
92083,0,1,0.08415794929789841,0.8147810218978102
42864,0,1,0.08415794929789841,0.8147810218978102
29485,0,0,0.08415794929789841,0.8147810218978102
60375,0,1,0.08415794929789841,0.8147810218978102
16975,0,0,0.08415794929789841,0.8147810218978102
92525,0,1,0.08415794929789841,0.8147810218978102
38386,0,0,0.08415794929789841,0.8147810218978102
70581,0,0,0.08415794929789841,0.8147810218978102
86207,0,1,0.08415794929789841,0.8147810218978102
67142,0,1,0.08415794929789841,0.8147810218978102
58928,0,1,0.08415794929789841,0.8147810218978102
9771,0,0,0.08415794929789841,0.8147810218978102
46262,0,1,0.08415794929789841,0.8147810218978102
82793,0,0,0.08415794929789841,0.8147810218978102
12492,0,0,0.08415794929789841,0.8147810218978102
86692,0,1,0.08415794929789841,0.8147810218978102
30424,0,0,0.08415794929789841,0.8147810218978102
90381,0,1,0.08415794929789841,0.8147810218978102
2490,0,1,0.08415794929789841,0.8147810218978102
78297,0,0,0.08415794929789841,0.8147810218978102
7088,0,1,0.08415794929789841,0.8147810218978102
87756,1,1,0.08415794929789841,0.8147810218978102
56070,0,1,0.08415794929789841,0.8147810218978102
56510,0,1,0.08415794929789841,0.8147810218978102
84172,0,0,0.08415794929789841,0.8147810218978102
67339,0,1,0.08415794929789841,0.8147810218978102
12539,0,0,0.08415794929789841,0.8147810218978102
62849,0,0,0.08415794929789841,0.8147810218978102
14012,0,0,0.08415794929789841,0.8147810218978102
1157,0,0,0.08415794929789841,0.8147810218978102
44884,0,0,0.08415794929789841,0.8147810218978102
57681,0,1,0.08415794929789841,0.8147810218978102
38264,0,1,0.08415794929789841,0.8147810218978102
50902,0,0,0.08415794929789841,0.8147810218978102
73780,0,0,0.08415794929789841,0.8147810218978102
83147,0,1,0.08415794929789841,0.8147810218978102
37932,0,1,0.08415794929789841,0.8147810218978102
57337,0,1,0.08415794929789841,0.8147810218978102
20915,0,0,0.08415794929789841,0.8147810218978102
92290,0,0,0.08415794929789841,0.8147810218978102
23113,0,0,0.08415794929789841,0.8147810218978102
69822,0,1,0.08415794929789841,0.8147810218978102
66229,0,1,0.08415794929789841,0.8147810218978102
91232,0,0,0.08415794929789841,0.8147810218978102
12054,0,0,0.08415794929789841,0.8147810218978102
87528,0,1,0.08415794929789841,0.8147810218978102
84757,0,0,0.08415794929789841,0.8147810218978102
16011,0,0,0.08415794929789841,0.8147810218978102
99006,0,0,0.08415794929789841,0.8147810218978102
68696,0,0,0.08415794929789841,0.8147810218978102
27480,0,1,0.08415794929789841,0.8147810218978102
47309,0,0,0.08415794929789841,0.8147810218978102
66226,1,1,0.08415794929789841,0.8147810218978102
57455,1,1,0.08415794929789841,0.8147810218978102
50075,0,0,0.08415794929789841,0.8147810218978102
38877,0,0,0.08415794929789841,0.8147810218978102
80909,0,0,0.08415794929789841,0.8147810218978102
52411,0,1,0.08415794929789841,0.8147810218978102
98658,0,1,0.08415794929789841,0.8147810218978102
90449,0,1,0.08415794929789841,0.8147810218978102
26298,0,1,0.08415794929789841,0.8147810218978102
63941,0,1,0.08415794929789841,0.8147810218978102
73210,0,0,0.08415794929789841,0.8147810218978102
76965,0,1,0.08415794929789841,0.8147810218978102
87327,1,1,0.08415794929789841,0.8147810218978102
45362,0,0,0.08415794929789841,0.8147810218978102
36213,0,1,0.08415794929789841,0.8147810218978102
22303,0,1,0.08415794929789841,0.8147810218978102
99783,0,1,0.08415794929789841,0.8147810218978102
95016,0,0,0.08415794929789841,0.8147810218978102
98611,0,1,0.08415794929789841,0.8147810218978102
99308,0,1,0.08415794929789841,0.8147810218978102
65010,0,1,0.08415794929789841,0.8147810218978102
89238,0,1,0.08415794929789841,0.8147810218978102
9306,0,1,0.08415794929789841,0.8147810218978102
40369,0,0,0.08415794929789841,0.8147810218978102
56096,0,0,0.08415794929789841,0.8147810218978102
60255,0,1,0.08415794929789841,0.8147810218978102
2383,0,1,0.08415794929789841,0.8147810218978102
30180,0,0,0.08415794929789841,0.8147810218978102
75197,0,1,0.08415794929789841,0.8147810218978102
44741,1,0,0.08415794929789841,0.8147810218978102
48908,0,1,0.08415794929789841,0.8147810218978102
49510,0,1,0.08415794929789841,0.8147810218978102
52038,0,1,0.08415794929789841,0.8147810218978102
81436,0,0,0.08415794929789841,0.8147810218978102
99091,0,0,0.08415794929789841,0.8147810218978102
52322,0,1,0.08415794929789841,0.8147810218978102
73400,0,1,0.08415794929789841,0.8147810218978102
13502,0,0,0.08415794929789841,0.8147810218978102
34182,0,0,0.08415794929789841,0.8147810218978102
61384,0,0,0.08415794929789841,0.8147810218978102
6283,0,1,0.08415794929789841,0.8147810218978102
97329,0,1,0.08415794929789841,0.8147810218978102
23739,0,1,0.08415794929789841,0.8147810218978102
86906,0,0,0.08415794929789841,0.8147810218978102
85077,0,0,0.08415794929789841,0.8147810218978102
81153,0,1,0.08415794929789841,0.8147810218978102
49013,0,0,0.08415794929789841,0.8147810218978102
35952,0,0,0.08415794929789841,0.8147810218978102
26555,0,1,0.08415794929789841,0.8147810218978102
85946,0,0,0.08415794929789841,0.8147810218978102
58441,0,0,0.08415794929789841,0.8147810218978102
51721,0,0,0.08415794929789841,0.8147810218978102
5374,0,0,0.08415794929789841,0.8147810218978102
23668,0,0,0.08415794929789841,0.8147810218978102
19482,0,0,0.08415794929789841,0.8147810218978102
7680,0,0,0.08415794929789841,0.8147810218978102
24663,0,0,0.08415794929789841,0.8147810218978102
36499,0,0,0.08415794929789841,0.8147810218978102
34467,0,0,0.08415794929789841,0.8147810218978102
20042,0,1,0.08415794929789841,0.8147810218978102
20619,0,0,0.08415794929789841,0.8147810218978102
46267,0,1,0.08415794929789841,0.8147810218978102
78949,0,1,0.08415794929789841,0.8147810218978102
46612,0,0,0.08415794929789841,0.8147810218978102
27739,0,0,0.08415794929789841,0.8147810218978102
35889,0,1,0.08415794929789841,0.8147810218978102
58526,0,0,0.08415794929789841,0.8147810218978102
43177,0,0,0.08415794929789841,0.8147810218978102
31119,0,0,0.08415794929789841,0.8147810218978102
68685,0,0,0.08415794929789841,0.8147810218978102
44223,0,0,0.08415794929789841,0.8147810218978102
48772,0,0,0.08415794929789841,0.8147810218978102
49324,0,1,0.08415794929789841,0.8147810218978102
53277,0,0,0.08415794929789841,0.8147810218978102
40497,0,0,0.08415794929789841,0.8147810218978102
59360,0,0,0.08415794929789841,0.8147810218978102
54123,0,1,0.08415794929789841,0.8147810218978102
72754,0,0,0.08415794929789841,0.8147810218978102
48123,0,0,0.08415794929789841,0.8147810218978102
66013,0,0,0.08415794929789841,0.8147810218978102
48515,0,1,0.08415794929789841,0.8147810218978102
49485,0,1,0.08415794929789841,0.8147810218978102
77944,0,0,0.08415794929789841,0.8147810218978102
24412,0,0,0.08415794929789841,0.8147810218978102
82939,0,0,0.08415794929789841,0.8147810218978102
44893,0,0,0.08415794929789841,0.8147810218978102
84242,0,0,0.08415794929789841,0.8147810218978102
33325,0,0,0.08415794929789841,0.8147810218978102
55012,0,0,0.08415794929789841,0.8147810218978102
93779,0,1,0.08415794929789841,0.8147810218978102
64213,0,0,0.08415794929789841,0.8147810218978102
31772,0,1,0.08415794929789841,0.8147810218978102
63335,0,1,0.08415794929789841,0.8147810218978102
46661,1,1,0.08415794929789841,0.8147810218978102
83993,0,1,0.08415794929789841,0.8147810218978102
43909,0,0,0.08415794929789841,0.8147810218978102
93078,0,1,0.08415794929789841,0.8147810218978102
9654,0,1,0.08415794929789841,0.8147810218978102
62216,0,1,0.08415794929789841,0.8147810218978102
72177,0,1,0.08415794929789841,0.8147810218978102
99866,0,1,0.08415794929789841,0.8147810218978102
43142,0,0,0.08415794929789841,0.8147810218978102
12260,0,0,0.08415794929789841,0.8147810218978102
49432,0,1,0.08415794929789841,0.8147810218978102
30025,0,0,0.08415794929789841,0.8147810218978102
57696,0,0,0.08415794929789841,0.8147810218978102
65452,0,1,0.08415794929789841,0.8147810218978102
6997,0,1,0.08415794929789841,0.8147810218978102
38007,0,0,0.08415794929789841,0.8147810218978102
46405,0,0,0.08415794929789841,0.8147810218978102
94995,0,1,0.08415794929789841,0.8147810218978102
1748,0,1,0.08415794929789841,0.8147810218978102
2256,0,1,0.08415794929789841,0.8147810218978102
9117,0,0,0.08415794929789841,0.8147810218978102
51479,0,0,0.08415794929789841,0.8147810218978102
44408,0,1,0.08415794929789841,0.8147810218978102
87097,0,1,0.08415794929789841,0.8147810218978102
49561,0,0,0.08415794929789841,0.8147810218978102
12949,0,0,0.08415794929789841,0.8147810218978102
78877,0,1,0.08415794929789841,0.8147810218978102
10487,0,0,0.08415794929789841,0.8147810218978102
30444,0,0,0.08415794929789841,0.8147810218978102
50979,0,0,0.08415794929789841,0.8147810218978102
78644,0,1,0.08415794929789841,0.8147810218978102
94428,0,1,0.08415794929789841,0.8147810218978102
11617,0,1,0.08415794929789841,0.8147810218978102
71514,0,0,0.08415794929789841,0.8147810218978102
86629,0,1,0.08415794929789841,0.8147810218978102
37279,0,0,0.08415794929789841,0.8147810218978102
67573,0,0,0.08415794929789841,0.8147810218978102
60813,0,0,0.08415794929789841,0.8147810218978102
74500,0,0,0.08415794929789841,0.8147810218978102
2849,0,0,0.08415794929789841,0.8147810218978102
91031,1,1,0.08415794929789841,0.8147810218978102
98848,0,1,0.08415794929789841,0.8147810218978102
70399,0,1,0.08415794929789841,0.8147810218978102
11944,0,0,0.08415794929789841,0.8147810218978102
90394,0,1,0.08415794929789841,0.8147810218978102
50565,0,1,0.08415794929789841,0.8147810218978102
38695,1,1,0.08415794929789841,0.8147810218978102
53459,0,0,0.08415794929789841,0.8147810218978102
11598,0,1,0.08415794929789841,0.8147810218978102
70727,0,0,0.08415794929789841,0.8147810218978102
1349,0,1,0.08415794929789841,0.8147810218978102
29716,0,0,0.08415794929789841,0.8147810218978102
80213,0,0,0.08415794929789841,0.8147810218978102
83320,0,1,0.08415794929789841,0.8147810218978102
74540,0,0,0.08415794929789841,0.8147810218978102
54863,0,1,0.08415794929789841,0.8147810218978102
91989,0,1,0.08415794929789841,0.8147810218978102
79254,1,1,0.08415794929789841,0.8147810218978102
5944,1,1,0.08415794929789841,0.8147810218978102
52695,0,1,0.08415794929789841,0.8147810218978102
81923,0,0,0.08415794929789841,0.8147810218978102
27345,0,1,0.08415794929789841,0.8147810218978102
9042,0,0,0.08415794929789841,0.8147810218978102
4716,0,0,0.08415794929789841,0.8147810218978102
17586,0,1,0.08415794929789841,0.8147810218978102
76621,0,1,0.08415794929789841,0.8147810218978102
58614,0,0,0.08415794929789841,0.8147810218978102
88850,0,1,0.08415794929789841,0.8147810218978102
79875,0,1,0.08415794929789841,0.8147810218978102
10163,0,0,0.08415794929789841,0.8147810218978102
28082,0,0,0.08415794929789841,0.8147810218978102
49554,0,1,0.08415794929789841,0.8147810218978102
34521,0,0,0.08415794929789841,0.8147810218978102
7131,0,1,0.08415794929789841,0.8147810218978102
59714,0,1,0.08415794929789841,0.8147810218978102
42968,0,1,0.08415794929789841,0.8147810218978102
45382,0,1,0.08415794929789841,0.8147810218978102
50270,0,1,0.08415794929789841,0.8147810218978102
70092,0,1,0.08415794929789841,0.8147810218978102
67075,0,1,0.08415794929789841,0.8147810218978102
70943,0,0,0.08415794929789841,0.8147810218978102
76027,0,1,0.08415794929789841,0.8147810218978102
53018,0,1,0.08415794929789841,0.8147810218978102
19316,0,1,0.08415794929789841,0.8147810218978102
59899,0,0,0.08415794929789841,0.8147810218978102
74553,0,0,0.08415794929789841,0.8147810218978102
52553,0,0,0.08415794929789841,0.8147810218978102
9847,0,0,0.08415794929789841,0.8147810218978102
41345,0,0,0.08415794929789841,0.8147810218978102
59151,0,1,0.08415794929789841,0.8147810218978102
95894,0,1,0.08415794929789841,0.8147810218978102
31888,0,1,0.08415794929789841,0.8147810218978102
69530,0,1,0.08415794929789841,0.8147810218978102
14096,0,0,0.08415794929789841,0.8147810218978102
26421,0,1,0.08415794929789841,0.8147810218978102
51538,0,0,0.08415794929789841,0.8147810218978102
80073,0,1,0.08415794929789841,0.8147810218978102
99699,0,1,0.08415794929789841,0.8147810218978102
88544,1,1,0.08415794929789841,0.8147810218978102
94371,0,0,0.08415794929789841,0.8147810218978102
27411,0,0,0.08415794929789841,0.8147810218978102
47396,0,1,0.08415794929789841,0.8147810218978102
88711,0,1,0.08415794929789841,0.8147810218978102
82438,0,1,0.08415794929789841,0.8147810218978102
33158,0,1,0.08415794929789841,0.8147810218978102
3568,0,0,0.08415794929789841,0.8147810218978102
74609,0,1,0.08415794929789841,0.8147810218978102
86699,0,1,0.08415794929789841,0.8147810218978102
5605,0,1,0.08415794929789841,0.8147810218978102
53327,1,0,0.08415794929789841,0.8147810218978102
61251,0,0,0.08415794929789841,0.8147810218978102
13012,0,0,0.08415794929789841,0.8147810218978102
85930,0,0,0.08415794929789841,0.8147810218978102
95289,0,1,0.08415794929789841,0.8147810218978102
78605,0,0,0.08415794929789841,0.8147810218978102
84154,0,1,0.08415794929789841,0.8147810218978102
46870,0,0,0.08415794929789841,0.8147810218978102
25046,0,0,0.08415794929789841,0.8147810218978102
96453,0,1,0.08415794929789841,0.8147810218978102
10750,0,0,0.08415794929789841,0.8147810218978102
29943,0,0,0.08415794929789841,0.8147810218978102
66124,0,1,0.08415794929789841,0.8147810218978102
79347,0,1,0.08415794929789841,0.8147810218978102
21567,0,1,0.08415794929789841,0.8147810218978102
61542,0,0,0.08415794929789841,0.8147810218978102
357,0,1,0.08415794929789841,0.8147810218978102
68839,0,0,0.08415794929789841,0.8147810218978102
20736,0,0,0.08415794929789841,0.8147810218978102
61418,0,1,0.08415794929789841,0.8147810218978102
24759,0,1,0.08415794929789841,0.8147810218978102
50363,0,1,0.08415794929789841,0.8147810218978102
83567,0,1,0.08415794929789841,0.8147810218978102
50007,0,1,0.08415794929789841,0.8147810218978102
55791,0,1,0.08415794929789841,0.8147810218978102
12289,0,0,0.08415794929789841,0.8147810218978102
46828,0,0,0.08415794929789841,0.8147810218978102
45788,0,1,0.08415794929789841,0.8147810218978102
17978,0,1,0.08415794929789841,0.8147810218978102
84143,0,0,0.08415794929789841,0.8147810218978102
80615,0,0,0.08415794929789841,0.8147810218978102
98443,0,0,0.08415794929789841,0.8147810218978102
39428,0,0,0.08415794929789841,0.8147810218978102
51431,0,0,0.08415794929789841,0.8147810218978102
94261,0,0,0.08415794929789841,0.8147810218978102
92341,0,1,0.08415794929789841,0.8147810218978102
57403,0,0,0.08415794929789841,0.8147810218978102
8477,1,1,0.08415794929789841,0.8147810218978102
437,0,1,0.08415794929789841,0.8147810218978102
18298,0,0,0.08415794929789841,0.8147810218978102
72048,0,0,0.08415794929789841,0.8147810218978102
80763,0,0,0.08415794929789841,0.8147810218978102
48577,1,1,0.08415794929789841,0.8147810218978102
12002,0,0,0.08415794929789841,0.8147810218978102
38082,0,1,0.08415794929789841,0.8147810218978102
83092,0,1,0.08415794929789841,0.8147810218978102
44848,0,0,0.08415794929789841,0.8147810218978102
43191,0,1,0.08415794929789841,0.8147810218978102
44922,0,1,0.08415794929789841,0.8147810218978102
54730,0,0,0.08415794929789841,0.8147810218978102
10128,0,1,0.08415794929789841,0.8147810218978102
14542,0,1,0.08415794929789841,0.8147810218978102
86671,0,0,0.08415794929789841,0.8147810218978102
18627,0,0,0.08415794929789841,0.8147810218978102
86447,0,1,0.08415794929789841,0.8147810218978102
60016,0,0,0.08415794929789841,0.8147810218978102
77246,0,0,0.08415794929789841,0.8147810218978102
57080,0,1,0.08415794929789841,0.8147810218978102
21853,0,0,0.08415794929789841,0.8147810218978102
6071,0,1,0.08415794929789841,0.8147810218978102
50985,0,1,0.08415794929789841,0.8147810218978102
54593,0,1,0.08415794929789841,0.8147810218978102
62640,0,1,0.08415794929789841,0.8147810218978102
94144,1,1,0.08415794929789841,0.8147810218978102
80027,0,0,0.08415794929789841,0.8147810218978102
89678,0,1,0.08415794929789841,0.8147810218978102
76483,0,0,0.08415794929789841,0.8147810218978102
79931,0,0,0.08415794929789841,0.8147810218978102
17149,0,1,0.08415794929789841,0.8147810218978102
97757,0,1,0.08415794929789841,0.8147810218978102
8176,0,1,0.08415794929789841,0.8147810218978102
42380,0,1,0.08415794929789841,0.8147810218978102
85705,0,0,0.08415794929789841,0.8147810218978102
61889,1,1,0.08415794929789841,0.8147810218978102
99466,0,1,0.08415794929789841,0.8147810218978102
2399,0,1,0.08415794929789841,0.8147810218978102
55806,1,1,0.08415794929789841,0.8147810218978102
51937,1,1,0.08415794929789841,0.8147810218978102
54918,0,1,0.08415794929789841,0.8147810218978102
92168,0,0,0.08415794929789841,0.8147810218978102
75079,0,1,0.08415794929789841,0.8147810218978102
5849,0,1,0.08415794929789841,0.8147810218978102
19198,0,0,0.08415794929789841,0.8147810218978102
76750,0,1,0.08415794929789841,0.8147810218978102
83342,0,1,0.08415794929789841,0.8147810218978102
87421,0,0,0.08415794929789841,0.8147810218978102
72737,0,1,0.08415794929789841,0.8147810218978102
9145,0,1,0.08415794929789841,0.8147810218978102
49804,0,1,0.08415794929789841,0.8147810218978102
86247,0,0,0.08415794929789841,0.8147810218978102
76402,0,0,0.08415794929789841,0.8147810218978102
23892,0,1,0.08415794929789841,0.8147810218978102
40915,0,1,0.08415794929789841,0.8147810218978102
873,0,0,0.08415794929789841,0.8147810218978102
50350,0,1,0.08415794929789841,0.8147810218978102
45398,0,1,0.08415794929789841,0.8147810218978102
98017,0,1,0.08415794929789841,0.8147810218978102
33265,0,0,0.08415794929789841,0.8147810218978102
45214,1,1,0.08415794929789841,0.8147810218978102
27134,0,0,0.08415794929789841,0.8147810218978102
15609,0,1,0.08415794929789841,0.8147810218978102
39752,0,0,0.08415794929789841,0.8147810218978102
82169,0,0,0.08415794929789841,0.8147810218978102
69708,0,1,0.08415794929789841,0.8147810218978102
26513,0,0,0.08415794929789841,0.8147810218978102
37917,0,0,0.08415794929789841,0.8147810218978102
85035,0,0,0.08415794929789841,0.8147810218978102
89394,0,1,0.08415794929789841,0.8147810218978102
19332,0,0,0.08415794929789841,0.8147810218978102
43926,0,1,0.08415794929789841,0.8147810218978102
51348,0,1,0.08415794929789841,0.8147810218978102
87146,0,0,0.08415794929789841,0.8147810218978102
16403,0,0,0.08415794929789841,0.8147810218978102
18237,0,1,0.08415794929789841,0.8147810218978102
53248,0,0,0.08415794929789841,0.8147810218978102
20302,0,1,0.08415794929789841,0.8147810218978102
85627,1,1,0.08415794929789841,0.8147810218978102
90018,0,1,0.08415794929789841,0.8147810218978102
42434,0,0,0.08415794929789841,0.8147810218978102
94773,0,1,0.08415794929789841,0.8147810218978102
84184,0,1,0.08415794929789841,0.8147810218978102
55129,0,0,0.08415794929789841,0.8147810218978102
12984,0,1,0.08415794929789841,0.8147810218978102
16813,0,1,0.08415794929789841,0.8147810218978102
42005,0,0,0.08415794929789841,0.8147810218978102
57766,0,1,0.08415794929789841,0.8147810218978102
26635,0,1,0.08415794929789841,0.8147810218978102
69128,0,0,0.08415794929789841,0.8147810218978102
42566,0,1,0.08415794929789841,0.8147810218978102
79179,0,1,0.08415794929789841,0.8147810218978102
47504,0,0,0.08415794929789841,0.8147810218978102
46390,0,0,0.08415794929789841,0.8147810218978102
73607,0,0,0.08415794929789841,0.8147810218978102
53453,0,1,0.08415794929789841,0.8147810218978102
72762,1,1,0.08415794929789841,0.8147810218978102
74459,0,1,0.08415794929789841,0.8147810218978102
5539,0,1,0.08415794929789841,0.8147810218978102
92129,0,0,0.08415794929789841,0.8147810218978102
71523,0,0,0.08415794929789841,0.8147810218978102
36731,0,0,0.08415794929789841,0.8147810218978102
48286,0,0,0.08415794929789841,0.8147810218978102
38260,0,0,0.08415794929789841,0.8147810218978102
85290,0,1,0.08415794929789841,0.8147810218978102
92091,0,1,0.08415794929789841,0.8147810218978102
33818,0,1,0.08415794929789841,0.8147810218978102
95385,0,1,0.08415794929789841,0.8147810218978102
86262,0,1,0.08415794929789841,0.8147810218978102
93434,0,1,0.08415794929789841,0.8147810218978102
76133,0,1,0.08415794929789841,0.8147810218978102
62669,0,0,0.08415794929789841,0.8147810218978102
34770,0,1,0.08415794929789841,0.8147810218978102
13719,0,0,0.08415794929789841,0.8147810218978102
99165,0,0,0.08415794929789841,0.8147810218978102
43188,0,0,0.08415794929789841,0.8147810218978102
81911,0,1,0.08415794929789841,0.8147810218978102
94301,0,0,0.08415794929789841,0.8147810218978102
9263,0,0,0.08415794929789841,0.8147810218978102
5042,0,0,0.08415794929789841,0.8147810218978102
99669,0,0,0.08415794929789841,0.8147810218978102
33387,0,1,0.08415794929789841,0.8147810218978102
45289,0,1,0.08415794929789841,0.8147810218978102
71152,0,1,0.08415794929789841,0.8147810218978102
2993,0,0,0.08415794929789841,0.8147810218978102
95583,0,1,0.08415794929789841,0.8147810218978102
16320,0,1,0.08415794929789841,0.8147810218978102
53513,0,1,0.08415794929789841,0.8147810218978102
49478,0,1,0.08415794929789841,0.8147810218978102
47736,0,0,0.08415794929789841,0.8147810218978102
39510,0,0,0.08415794929789841,0.8147810218978102
91811,0,0,0.08415794929789841,0.8147810218978102
86716,0,0,0.08415794929789841,0.8147810218978102
38704,0,0,0.08415794929789841,0.8147810218978102
43541,0,1,0.08415794929789841,0.8147810218978102
76477,0,1,0.08415794929789841,0.8147810218978102
50165,0,0,0.08415794929789841,0.8147810218978102
92293,0,1,0.08415794929789841,0.8147810218978102
50861,0,1,0.08415794929789841,0.8147810218978102
16162,0,1,0.08415794929789841,0.8147810218978102
2628,0,0,0.08415794929789841,0.8147810218978102
33748,0,1,0.08415794929789841,0.8147810218978102
98499,0,0,0.08415794929789841,0.8147810218978102
23677,1,1,0.08415794929789841,0.8147810218978102
6083,0,1,0.08415794929789841,0.8147810218978102
49931,0,1,0.08415794929789841,0.8147810218978102
96462,0,1,0.08415794929789841,0.8147810218978102
19125,0,0,0.08415794929789841,0.8147810218978102
90697,1,1,0.08415794929789841,0.8147810218978102
48528,0,0,0.08415794929789841,0.8147810218978102
68830,0,0,0.08415794929789841,0.8147810218978102
18788,0,1,0.08415794929789841,0.8147810218978102
76786,0,1,0.08415794929789841,0.8147810218978102
42239,0,1,0.08415794929789841,0.8147810218978102
24589,0,1,0.08415794929789841,0.8147810218978102
9422,0,1,0.08415794929789841,0.8147810218978102
86708,0,0,0.08415794929789841,0.8147810218978102
21564,0,0,0.08415794929789841,0.8147810218978102
81935,0,0,0.08415794929789841,0.8147810218978102
69810,0,1,0.08415794929789841,0.8147810218978102
69285,0,0,0.08415794929789841,0.8147810218978102
74629,0,1,0.08415794929789841,0.8147810218978102
24539,0,0,0.08415794929789841,0.8147810218978102
1984,0,1,0.08415794929789841,0.8147810218978102
60800,0,0,0.08415794929789841,0.8147810218978102
4754,0,1,0.08415794929789841,0.8147810218978102
65214,0,0,0.08415794929789841,0.8147810218978102
92109,0,0,0.08415794929789841,0.8147810218978102
8722,1,1,0.08415794929789841,0.8147810218978102
43132,0,1,0.08415794929789841,0.8147810218978102
13409,0,0,0.08415794929789841,0.8147810218978102
94962,0,1,0.08415794929789841,0.8147810218978102
27667,0,0,0.08415794929789841,0.8147810218978102
18709,0,1,0.08415794929789841,0.8147810218978102
96264,0,0,0.08415794929789841,0.8147810218978102
85833,0,1,0.08415794929789841,0.8147810218978102
7182,0,0,0.08415794929789841,0.8147810218978102
77159,0,0,0.08415794929789841,0.8147810218978102
18619,0,0,0.08415794929789841,0.8147810218978102
46816,0,1,0.08415794929789841,0.8147810218978102
29444,0,1,0.08415794929789841,0.8147810218978102
58454,0,1,0.08415794929789841,0.8147810218978102
87029,0,0,0.08415794929789841,0.8147810218978102
77264,0,0,0.08415794929789841,0.8147810218978102
35593,0,1,0.08415794929789841,0.8147810218978102
67780,0,1,0.08415794929789841,0.8147810218978102
83841,0,0,0.08415794929789841,0.8147810218978102
21800,0,1,0.08415794929789841,0.8147810218978102
17348,0,0,0.08415794929789841,0.8147810218978102
84574,0,1,0.08415794929789841,0.8147810218978102
27498,0,0,0.08415794929789841,0.8147810218978102
58477,0,0,0.08415794929789841,0.8147810218978102
16128,0,1,0.08415794929789841,0.8147810218978102
37458,0,1,0.08415794929789841,0.8147810218978102
67750,0,1,0.08415794929789841,0.8147810218978102
72255,0,1,0.08415794929789841,0.8147810218978102
49683,0,1,0.08415794929789841,0.8147810218978102
85903,0,1,0.08415794929789841,0.8147810218978102
23119,0,0,0.08415794929789841,0.8147810218978102
27691,0,0,0.08415794929789841,0.8147810218978102
50737,0,1,0.08415794929789841,0.8147810218978102
19525,0,1,0.08415794929789841,0.8147810218978102
22983,0,0,0.08415794929789841,0.8147810218978102
61372,0,1,0.08415794929789841,0.8147810218978102
25718,0,1,0.08415794929789841,0.8147810218978102
98117,0,1,0.08415794929789841,0.8147810218978102
97152,0,0,0.08415794929789841,0.8147810218978102
33409,0,1,0.08415794929789841,0.8147810218978102
96787,0,1,0.08415794929789841,0.8147810218978102
83715,0,1,0.08415794929789841,0.8147810218978102
13127,0,1,0.08415794929789841,0.8147810218978102
88113,0,1,0.08415794929789841,0.8147810218978102
67265,0,1,0.08415794929789841,0.8147810218978102
49891,0,0,0.08415794929789841,0.8147810218978102
23243,0,1,0.08415794929789841,0.8147810218978102
41296,0,1,0.08415794929789841,0.8147810218978102
45844,0,1,0.08415794929789841,0.8147810218978102
88975,0,1,0.08415794929789841,0.8147810218978102
74153,0,1,0.08415794929789841,0.8147810218978102
5738,0,0,0.08415794929789841,0.8147810218978102
9129,0,0,0.08415794929789841,0.8147810218978102
97657,0,1,0.08415794929789841,0.8147810218978102
35377,0,1,0.08415794929789841,0.8147810218978102
12695,0,1,0.08415794929789841,0.8147810218978102
68886,0,0,0.08415794929789841,0.8147810218978102
2748,0,0,0.08415794929789841,0.8147810218978102
11859,0,1,0.08415794929789841,0.8147810218978102
67416,0,0,0.08415794929789841,0.8147810218978102
27472,0,1,0.08415794929789841,0.8147810218978102
72807,0,0,0.08415794929789841,0.8147810218978102
12310,0,1,0.08415794929789841,0.8147810218978102
20790,0,1,0.08415794929789841,0.8147810218978102
31504,0,0,0.08415794929789841,0.8147810218978102
5430,0,1,0.08415794929789841,0.8147810218978102
84019,0,1,0.08415794929789841,0.8147810218978102
7892,0,0,0.08415794929789841,0.8147810218978102
19811,0,1,0.08415794929789841,0.8147810218978102
198,0,1,0.08415794929789841,0.8147810218978102
54395,0,0,0.08415794929789841,0.8147810218978102
89575,0,1,0.08415794929789841,0.8147810218978102
5431,0,0,0.08415794929789841,0.8147810218978102
56926,0,0,0.08415794929789841,0.8147810218978102
74914,0,1,0.08415794929789841,0.8147810218978102
3645,0,0,0.08415794929789841,0.8147810218978102
46670,0,1,0.08415794929789841,0.8147810218978102
99663,1,1,0.08415794929789841,0.8147810218978102
85030,0,1,0.08415794929789841,0.8147810218978102
25780,0,0,0.08415794929789841,0.8147810218978102
21805,0,0,0.08415794929789841,0.8147810218978102
17045,0,0,0.08415794929789841,0.8147810218978102
76370,0,1,0.08415794929789841,0.8147810218978102
92320,0,1,0.08415794929789841,0.8147810218978102
81564,0,0,0.08415794929789841,0.8147810218978102
883,0,0,0.08415794929789841,0.8147810218978102
26994,0,1,0.08415794929789841,0.8147810218978102
91119,0,1,0.08415794929789841,0.8147810218978102
20503,0,0,0.08415794929789841,0.8147810218978102
94362,0,1,0.08415794929789841,0.8147810218978102
51632,0,1,0.08415794929789841,0.8147810218978102
53474,0,1,0.08415794929789841,0.8147810218978102
7202,0,1,0.08415794929789841,0.8147810218978102
32958,0,1,0.08415794929789841,0.8147810218978102
63231,1,0,0.08415794929789841,0.8147810218978102
81291,0,1,0.08415794929789841,0.8147810218978102
56967,0,1,0.08415794929789841,0.8147810218978102
56619,0,1,0.08415794929789841,0.8147810218978102
58723,0,0,0.08415794929789841,0.8147810218978102
28966,0,0,0.08415794929789841,0.8147810218978102
87075,0,1,0.08415794929789841,0.8147810218978102
1911,0,0,0.08415794929789841,0.8147810218978102
62275,0,1,0.08415794929789841,0.8147810218978102
23313,0,0,0.08415794929789841,0.8147810218978102
38555,0,0,0.08415794929789841,0.8147810218978102
24702,0,1,0.08415794929789841,0.8147810218978102
98773,0,0,0.08415794929789841,0.8147810218978102
33781,0,0,0.08415794929789841,0.8147810218978102
52232,0,0,0.08415794929789841,0.8147810218978102
63939,0,0,0.08415794929789841,0.8147810218978102
37952,0,0,0.08415794929789841,0.8147810218978102
83976,0,0,0.08415794929789841,0.8147810218978102
98407,0,1,0.08415794929789841,0.8147810218978102
81367,0,0,0.08415794929789841,0.8147810218978102
27838,0,0,0.08415794929789841,0.8147810218978102
33905,0,1,0.08415794929789841,0.8147810218978102
91790,1,1,0.08415794929789841,0.8147810218978102
16010,0,0,0.08415794929789841,0.8147810218978102
29411,0,0,0.08415794929789841,0.8147810218978102
79363,0,0,0.08415794929789841,0.8147810218978102
6986,0,1,0.08415794929789841,0.8147810218978102
53412,0,1,0.08415794929789841,0.8147810218978102
48416,0,1,0.08415794929789841,0.8147810218978102
67691,0,0,0.08415794929789841,0.8147810218978102
52173,0,1,0.08415794929789841,0.8147810218978102
68462,0,0,0.08415794929789841,0.8147810218978102
42969,0,1,0.08415794929789841,0.8147810218978102
67349,0,1,0.08415794929789841,0.8147810218978102
32655,0,0,0.08415794929789841,0.8147810218978102
49208,0,1,0.08415794929789841,0.8147810218978102
4113,0,0,0.08415794929789841,0.8147810218978102
83764,0,1,0.08415794929789841,0.8147810218978102
76850,0,1,0.08415794929789841,0.8147810218978102
17125,0,1,0.08415794929789841,0.8147810218978102
82062,0,1,0.08415794929789841,0.8147810218978102
91697,0,0,0.08415794929789841,0.8147810218978102
70811,0,1,0.08415794929789841,0.8147810218978102
45149,0,1,0.08415794929789841,0.8147810218978102
77939,0,0,0.08415794929789841,0.8147810218978102
24821,1,1,0.08415794929789841,0.8147810218978102
2000,0,1,0.08415794929789841,0.8147810218978102
98069,0,1,0.08415794929789841,0.8147810218978102
50612,0,1,0.08415794929789841,0.8147810218978102
52577,1,1,0.08415794929789841,0.8147810218978102
92922,0,0,0.08415794929789841,0.8147810218978102
54622,0,1,0.08415794929789841,0.8147810218978102
35319,0,0,0.08415794929789841,0.8147810218978102
62269,0,1,0.08415794929789841,0.8147810218978102
50494,0,0,0.08415794929789841,0.8147810218978102
45086,0,1,0.08415794929789841,0.8147810218978102
52917,0,0,0.08415794929789841,0.8147810218978102
41006,0,1,0.08415794929789841,0.8147810218978102
18033,0,0,0.08415794929789841,0.8147810218978102
82493,0,1,0.08415794929789841,0.8147810218978102
51396,0,0,0.08415794929789841,0.8147810218978102
10840,0,1,0.08415794929789841,0.8147810218978102
87355,0,1,0.08415794929789841,0.8147810218978102
34813,0,0,0.08415794929789841,0.8147810218978102
56230,0,1,0.08415794929789841,0.8147810218978102
50062,0,1,0.08415794929789841,0.8147810218978102
70312,0,1,0.08415794929789841,0.8147810218978102
75448,0,1,0.08415794929789841,0.8147810218978102
74172,0,0,0.08415794929789841,0.8147810218978102
32116,0,1,0.08415794929789841,0.8147810218978102
3219,0,0,0.08415794929789841,0.8147810218978102
33807,0,1,0.08415794929789841,0.8147810218978102
66294,0,1,0.08415794929789841,0.8147810218978102
53523,0,1,0.08415794929789841,0.8147810218978102
21999,0,0,0.08415794929789841,0.8147810218978102
75593,0,1,0.08415794929789841,0.8147810218978102
5701,0,0,0.08415794929789841,0.8147810218978102
81850,0,1,0.08415794929789841,0.8147810218978102
82517,0,1,0.08415794929789841,0.8147810218978102
59419,0,1,0.08415794929789841,0.8147810218978102
54806,0,1,0.08415794929789841,0.8147810218978102
64937,0,0,0.08415794929789841,0.8147810218978102
14130,0,0,0.08415794929789841,0.8147810218978102
32343,0,0,0.08415794929789841,0.8147810218978102
34990,0,1,0.08415794929789841,0.8147810218978102
31594,0,1,0.08415794929789841,0.8147810218978102
91470,0,0,0.08415794929789841,0.8147810218978102
20806,0,1,0.08415794929789841,0.8147810218978102
63786,0,0,0.08415794929789841,0.8147810218978102
44913,0,0,0.08415794929789841,0.8147810218978102
74571,0,1,0.08415794929789841,0.8147810218978102
5988,0,1,0.08415794929789841,0.8147810218978102
44374,0,0,0.08415794929789841,0.8147810218978102
23649,0,1,0.08415794929789841,0.8147810218978102
92277,0,0,0.08415794929789841,0.8147810218978102
65502,0,1,0.08415794929789841,0.8147810218978102
58514,0,1,0.08415794929789841,0.8147810218978102
55391,0,0,0.08415794929789841,0.8147810218978102
53246,0,0,0.08415794929789841,0.8147810218978102
88409,0,1,0.08415794929789841,0.8147810218978102
12432,0,0,0.08415794929789841,0.8147810218978102
89536,0,0,0.08415794929789841,0.8147810218978102
89149,0,1,0.08415794929789841,0.8147810218978102
67891,0,1,0.08415794929789841,0.8147810218978102
68803,0,1,0.08415794929789841,0.8147810218978102
57771,0,0,0.08415794929789841,0.8147810218978102
18511,0,1,0.08415794929789841,0.8147810218978102
18396,0,0,0.08415794929789841,0.8147810218978102
7227,0,1,0.08415794929789841,0.8147810218978102
82785,1,1,0.08415794929789841,0.8147810218978102
59068,0,1,0.08415794929789841,0.8147810218978102
83875,0,0,0.08415794929789841,0.8147810218978102
12899,0,1,0.08415794929789841,0.8147810218978102
21737,0,0,0.08415794929789841,0.8147810218978102
55281,0,0,0.08415794929789841,0.8147810218978102
20398,0,0,0.08415794929789841,0.8147810218978102
86336,0,0,0.08415794929789841,0.8147810218978102
37989,0,1,0.08415794929789841,0.8147810218978102
57625,0,1,0.08415794929789841,0.8147810218978102
34806,0,0,0.08415794929789841,0.8147810218978102
70243,0,0,0.08415794929789841,0.8147810218978102
47144,1,1,0.08415794929789841,0.8147810218978102
52678,0,1,0.08415794929789841,0.8147810218978102
56576,0,1,0.08415794929789841,0.8147810218978102
46708,0,1,0.08415794929789841,0.8147810218978102
48972,0,1,0.08415794929789841,0.8147810218978102
93378,0,1,0.08415794929789841,0.8147810218978102
64692,0,0,0.08415794929789841,0.8147810218978102
13980,1,1,0.08415794929789841,0.8147810218978102
32126,0,0,0.08415794929789841,0.8147810218978102
84340,0,0,0.08415794929789841,0.8147810218978102
51911,0,0,0.08415794929789841,0.8147810218978102
96179,0,1,0.08415794929789841,0.8147810218978102
47252,0,1,0.08415794929789841,0.8147810218978102
18204,0,0,0.08415794929789841,0.8147810218978102
81113,0,0,0.08415794929789841,0.8147810218978102
72441,0,1,0.08415794929789841,0.8147810218978102
55127,0,0,0.08415794929789841,0.8147810218978102
24986,0,0,0.08415794929789841,0.8147810218978102
92501,1,1,0.08415794929789841,0.8147810218978102
964,0,1,0.08415794929789841,0.8147810218978102
78614,0,0,0.08415794929789841,0.8147810218978102
15349,0,1,0.08415794929789841,0.8147810218978102
71285,0,0,0.08415794929789841,0.8147810218978102
56195,0,1,0.08415794929789841,0.8147810218978102
33457,0,0,0.08415794929789841,0.8147810218978102
66137,0,1,0.08415794929789841,0.8147810218978102
77453,0,1,0.08415794929789841,0.8147810218978102
90560,0,1,0.08415794929789841,0.8147810218978102
18749,0,1,0.08415794929789841,0.8147810218978102
89226,0,0,0.08415794929789841,0.8147810218978102
38886,0,1,0.08415794929789841,0.8147810218978102
35984,0,0,0.08415794929789841,0.8147810218978102
92024,0,0,0.08415794929789841,0.8147810218978102
51622,0,1,0.08415794929789841,0.8147810218978102
9260,0,1,0.08415794929789841,0.8147810218978102
17446,0,1,0.08415794929789841,0.8147810218978102
46097,0,0,0.08415794929789841,0.8147810218978102
81980,0,0,0.08415794929789841,0.8147810218978102
36132,0,0,0.08415794929789841,0.8147810218978102
694,0,0,0.08415794929789841,0.8147810218978102
20854,0,1,0.08415794929789841,0.8147810218978102
37070,0,0,0.08415794929789841,0.8147810218978102
61649,0,1,0.08415794929789841,0.8147810218978102
15189,0,0,0.08415794929789841,0.8147810218978102
66314,0,0,0.08415794929789841,0.8147810218978102
77764,0,0,0.08415794929789841,0.8147810218978102
41572,0,1,0.08415794929789841,0.8147810218978102
72163,0,1,0.08415794929789841,0.8147810218978102
52334,1,1,0.08415794929789841,0.8147810218978102
36643,0,0,0.08415794929789841,0.8147810218978102
39125,0,1,0.08415794929789841,0.8147810218978102
77532,0,0,0.08415794929789841,0.8147810218978102
92584,0,1,0.08415794929789841,0.8147810218978102
32443,0,1,0.08415794929789841,0.8147810218978102
20209,0,1,0.08415794929789841,0.8147810218978102
26481,0,0,0.08415794929789841,0.8147810218978102
65840,0,0,0.08415794929789841,0.8147810218978102
94001,0,1,0.08415794929789841,0.8147810218978102
10135,0,1,0.08415794929789841,0.8147810218978102
1426,0,0,0.08415794929789841,0.8147810218978102
2539,0,1,0.08415794929789841,0.8147810218978102
56601,0,1,0.08415794929789841,0.8147810218978102
39725,0,1,0.08415794929789841,0.8147810218978102
84284,0,0,0.08415794929789841,0.8147810218978102
18936,1,1,0.08415794929789841,0.8147810218978102
18601,0,0,0.08415794929789841,0.8147810218978102
7020,0,1,0.08415794929789841,0.8147810218978102
47829,0,0,0.08415794929789841,0.8147810218978102
79003,0,0,0.08415794929789841,0.8147810218978102
10098,0,0,0.08415794929789841,0.8147810218978102
36194,0,0,0.08415794929789841,0.8147810218978102
48266,0,1,0.08415794929789841,0.8147810218978102
12090,1,0,0.08415794929789841,0.8147810218978102
50920,0,1,0.08415794929789841,0.8147810218978102
18637,0,0,0.08415794929789841,0.8147810218978102
11921,0,1,0.08415794929789841,0.8147810218978102
5478,0,1,0.08415794929789841,0.8147810218978102
65765,0,1,0.08415794929789841,0.8147810218978102
81948,0,1,0.08415794929789841,0.8147810218978102
60319,0,0,0.08415794929789841,0.8147810218978102
15772,0,1,0.08415794929789841,0.8147810218978102
7914,0,0,0.08415794929789841,0.8147810218978102
98500,0,0,0.08415794929789841,0.8147810218978102
16262,1,1,0.08415794929789841,0.8147810218978102
11429,0,0,0.08415794929789841,0.8147810218978102
38147,0,0,0.08415794929789841,0.8147810218978102
90331,0,1,0.08415794929789841,0.8147810218978102
76845,0,0,0.08415794929789841,0.8147810218978102
41796,0,1,0.08415794929789841,0.8147810218978102
63822,0,1,0.08415794929789841,0.8147810218978102
39150,0,1,0.08415794929789841,0.8147810218978102
64277,0,0,0.08415794929789841,0.8147810218978102
61830,0,1,0.08415794929789841,0.8147810218978102
50883,0,0,0.08415794929789841,0.8147810218978102
45843,0,1,0.08415794929789841,0.8147810218978102
50033,0,0,0.08415794929789841,0.8147810218978102
33869,0,0,0.08415794929789841,0.8147810218978102
15726,0,0,0.08415794929789841,0.8147810218978102
73014,0,0,0.08415794929789841,0.8147810218978102
38399,0,1,0.08415794929789841,0.8147810218978102
81976,0,0,0.08415794929789841,0.8147810218978102
34009,0,1,0.08415794929789841,0.8147810218978102
56424,0,1,0.08415794929789841,0.8147810218978102
11860,0,0,0.08415794929789841,0.8147810218978102
66937,0,0,0.08415794929789841,0.8147810218978102
72763,0,0,0.08415794929789841,0.8147810218978102
41981,0,1,0.08415794929789841,0.8147810218978102
72975,0,1,0.08415794929789841,0.8147810218978102
44116,0,1,0.08415794929789841,0.8147810218978102
1198,0,1,0.08415794929789841,0.8147810218978102
88066,0,0,0.08415794929789841,0.8147810218978102
32277,0,0,0.08415794929789841,0.8147810218978102
2809,0,1,0.08415794929789841,0.8147810218978102
72292,0,0,0.08415794929789841,0.8147810218978102
42971,0,1,0.08415794929789841,0.8147810218978102
53080,0,0,0.08415794929789841,0.8147810218978102
66372,0,0,0.08415794929789841,0.8147810218978102
11806,0,1,0.08415794929789841,0.8147810218978102
12206,0,1,0.08415794929789841,0.8147810218978102
90877,0,0,0.08415794929789841,0.8147810218978102
78339,0,1,0.08415794929789841,0.8147810218978102
68918,0,1,0.08415794929789841,0.8147810218978102
12428,0,1,0.08415794929789841,0.8147810218978102
40511,0,1,0.08415794929789841,0.8147810218978102
64858,0,1,0.08415794929789841,0.8147810218978102
19918,0,1,0.08415794929789841,0.8147810218978102
14847,0,0,0.08415794929789841,0.8147810218978102
44846,0,1,0.08415794929789841,0.8147810218978102
51634,0,0,0.08415794929789841,0.8147810218978102
54592,0,1,0.08415794929789841,0.8147810218978102
37440,0,1,0.08415794929789841,0.8147810218978102
2577,0,1,0.08415794929789841,0.8147810218978102
48683,0,0,0.08415794929789841,0.8147810218978102
42720,0,0,0.08415794929789841,0.8147810218978102
68736,0,0,0.08415794929789841,0.8147810218978102
78655,0,0,0.08415794929789841,0.8147810218978102
89611,0,0,0.08415794929789841,0.8147810218978102
67444,0,0,0.08415794929789841,0.8147810218978102
10277,0,1,0.08415794929789841,0.8147810218978102
49386,0,1,0.08415794929789841,0.8147810218978102
75157,0,1,0.08415794929789841,0.8147810218978102
83213,0,0,0.08415794929789841,0.8147810218978102
66069,0,0,0.08415794929789841,0.8147810218978102
31915,0,1,0.08415794929789841,0.8147810218978102
96948,0,1,0.08415794929789841,0.8147810218978102
43919,0,0,0.08415794929789841,0.8147810218978102
61851,0,1,0.08415794929789841,0.8147810218978102
80459,0,0,0.08415794929789841,0.8147810218978102
34451,0,1,0.08415794929789841,0.8147810218978102
24501,0,0,0.08415794929789841,0.8147810218978102
53166,0,1,0.08415794929789841,0.8147810218978102
54495,0,0,0.08415794929789841,0.8147810218978102
40709,0,0,0.08415794929789841,0.8147810218978102
98053,0,1,0.08415794929789841,0.8147810218978102
71615,0,0,0.08415794929789841,0.8147810218978102
74640,1,1,0.08415794929789841,0.8147810218978102
9111,0,1,0.08415794929789841,0.8147810218978102
79419,0,0,0.08415794929789841,0.8147810218978102
12252,0,1,0.08415794929789841,0.8147810218978102
91045,0,0,0.08415794929789841,0.8147810218978102
25962,0,0,0.08415794929789841,0.8147810218978102
46519,0,0,0.08415794929789841,0.8147810218978102
76090,0,1,0.08415794929789841,0.8147810218978102
85219,0,0,0.08415794929789841,0.8147810218978102
96334,0,1,0.08415794929789841,0.8147810218978102
39303,0,1,0.08415794929789841,0.8147810218978102
65273,0,0,0.08415794929789841,0.8147810218978102
76989,0,0,0.08415794929789841,0.8147810218978102
43724,0,0,0.08415794929789841,0.8147810218978102
91891,0,0,0.08415794929789841,0.8147810218978102
69222,0,1,0.08415794929789841,0.8147810218978102
8835,0,1,0.08415794929789841,0.8147810218978102
87538,0,1,0.08415794929789841,0.8147810218978102
1180,0,0,0.08415794929789841,0.8147810218978102
20128,0,0,0.08415794929789841,0.8147810218978102
87562,0,1,0.08415794929789841,0.8147810218978102
50382,0,0,0.08415794929789841,0.8147810218978102
29553,0,0,0.08415794929789841,0.8147810218978102
43290,0,1,0.08415794929789841,0.8147810218978102
94259,0,1,0.08415794929789841,0.8147810218978102
49167,0,0,0.08415794929789841,0.8147810218978102
7514,0,1,0.08415794929789841,0.8147810218978102
76057,0,0,0.08415794929789841,0.8147810218978102
20774,0,1,0.08415794929789841,0.8147810218978102
5814,1,1,0.08415794929789841,0.8147810218978102
8580,0,0,0.08415794929789841,0.8147810218978102
21234,0,1,0.08415794929789841,0.8147810218978102
77789,0,0,0.08415794929789841,0.8147810218978102
22389,0,0,0.08415794929789841,0.8147810218978102
23823,0,0,0.08415794929789841,0.8147810218978102
33439,0,1,0.08415794929789841,0.8147810218978102
26545,0,0,0.08415794929789841,0.8147810218978102
16747,0,1,0.08415794929789841,0.8147810218978102
31668,0,0,0.08415794929789841,0.8147810218978102
38926,0,1,0.08415794929789841,0.8147810218978102
41414,1,0,0.08415794929789841,0.8147810218978102
84507,0,1,0.08415794929789841,0.8147810218978102
4819,0,1,0.08415794929789841,0.8147810218978102
49278,0,1,0.08415794929789841,0.8147810218978102
15647,0,0,0.08415794929789841,0.8147810218978102
75265,0,1,0.08415794929789841,0.8147810218978102
47910,0,0,0.08415794929789841,0.8147810218978102
5966,0,0,0.08415794929789841,0.8147810218978102
65738,0,0,0.08415794929789841,0.8147810218978102
82433,0,1,0.08415794929789841,0.8147810218978102
67279,0,1,0.08415794929789841,0.8147810218978102
2726,0,1,0.08415794929789841,0.8147810218978102
61664,0,0,0.08415794929789841,0.8147810218978102
37896,0,1,0.08415794929789841,0.8147810218978102
60557,0,1,0.08415794929789841,0.8147810218978102
94894,0,1,0.08415794929789841,0.8147810218978102
50678,0,1,0.08415794929789841,0.8147810218978102
70315,0,0,0.08415794929789841,0.8147810218978102
2966,0,0,0.08415794929789841,0.8147810218978102
53859,0,0,0.08415794929789841,0.8147810218978102
92916,0,1,0.08415794929789841,0.8147810218978102
92280,0,0,0.08415794929789841,0.8147810218978102
86890,0,0,0.08415794929789841,0.8147810218978102
71239,0,1,0.08415794929789841,0.8147810218978102
42445,0,0,0.08415794929789841,0.8147810218978102
69401,0,0,0.08415794929789841,0.8147810218978102
24253,0,1,0.08415794929789841,0.8147810218978102
67462,0,1,0.08415794929789841,0.8147810218978102
51241,0,1,0.08415794929789841,0.8147810218978102
45664,0,0,0.08415794929789841,0.8147810218978102
70966,0,1,0.08415794929789841,0.8147810218978102
97662,1,0,0.08415794929789841,0.8147810218978102
90190,1,1,0.08415794929789841,0.8147810218978102
56957,0,1,0.08415794929789841,0.8147810218978102
87379,0,0,0.08415794929789841,0.8147810218978102
17273,0,1,0.08415794929789841,0.8147810218978102
96811,0,0,0.08415794929789841,0.8147810218978102
55410,0,0,0.08415794929789841,0.8147810218978102
23202,0,1,0.08415794929789841,0.8147810218978102
76937,0,0,0.08415794929789841,0.8147810218978102
60584,0,1,0.08415794929789841,0.8147810218978102
67949,0,0,0.08415794929789841,0.8147810218978102
59009,0,1,0.08415794929789841,0.8147810218978102
58263,1,1,0.08415794929789841,0.8147810218978102
80908,0,0,0.08415794929789841,0.8147810218978102
24852,0,0,0.08415794929789841,0.8147810218978102
90925,0,0,0.08415794929789841,0.8147810218978102
94166,0,0,0.08415794929789841,0.8147810218978102
21003,0,1,0.08415794929789841,0.8147810218978102
7082,0,1,0.08415794929789841,0.8147810218978102
57966,0,1,0.08415794929789841,0.8147810218978102
61523,0,0,0.08415794929789841,0.8147810218978102
77711,0,1,0.08415794929789841,0.8147810218978102
50530,0,1,0.08415794929789841,0.8147810218978102
66212,0,1,0.08415794929789841,0.8147810218978102
14427,0,1,0.08415794929789841,0.8147810218978102
17296,1,1,0.08415794929789841,0.8147810218978102
73821,0,0,0.08415794929789841,0.8147810218978102
89850,0,1,0.08415794929789841,0.8147810218978102
23451,1,1,0.08415794929789841,0.8147810218978102
38744,0,0,0.08415794929789841,0.8147810218978102
11214,0,1,0.08415794929789841,0.8147810218978102
73533,0,1,0.08415794929789841,0.8147810218978102
35959,1,1,0.08415794929789841,0.8147810218978102
36836,0,0,0.08415794929789841,0.8147810218978102
39206,0,1,0.08415794929789841,0.8147810218978102
29807,0,0,0.08415794929789841,0.8147810218978102
4437,0,0,0.08415794929789841,0.8147810218978102
40719,0,1,0.08415794929789841,0.8147810218978102
30013,0,1,0.08415794929789841,0.8147810218978102
41035,0,0,0.08415794929789841,0.8147810218978102
14152,0,1,0.08415794929789841,0.8147810218978102
61535,0,1,0.08415794929789841,0.8147810218978102
7322,0,1,0.08415794929789841,0.8147810218978102
48116,0,0,0.08415794929789841,0.8147810218978102
68860,0,0,0.08415794929789841,0.8147810218978102
37199,0,1,0.08415794929789841,0.8147810218978102
805,0,0,0.08415794929789841,0.8147810218978102
97377,0,0,0.08415794929789841,0.8147810218978102
25814,0,1,0.08415794929789841,0.8147810218978102
409,0,0,0.08415794929789841,0.8147810218978102
3100,0,0,0.08415794929789841,0.8147810218978102
52067,0,1,0.08415794929789841,0.8147810218978102
87575,0,1,0.08415794929789841,0.8147810218978102
92936,0,0,0.08415794929789841,0.8147810218978102
29993,0,1,0.08415794929789841,0.8147810218978102
45684,0,0,0.08415794929789841,0.8147810218978102
97281,0,0,0.08415794929789841,0.8147810218978102
37715,0,0,0.08415794929789841,0.8147810218978102
49680,0,1,0.08415794929789841,0.8147810218978102
24823,0,1,0.08415794929789841,0.8147810218978102
55631,0,0,0.08415794929789841,0.8147810218978102
910,0,0,0.08415794929789841,0.8147810218978102
8165,0,1,0.08415794929789841,0.8147810218978102
16624,1,1,0.08415794929789841,0.8147810218978102
23814,0,0,0.08415794929789841,0.8147810218978102
35839,1,1,0.08415794929789841,0.8147810218978102
26844,0,1,0.08415794929789841,0.8147810218978102
22158,0,0,0.08415794929789841,0.8147810218978102
98880,0,0,0.08415794929789841,0.8147810218978102
77903,0,1,0.08415794929789841,0.8147810218978102
3178,0,1,0.08415794929789841,0.8147810218978102
47661,0,0,0.08415794929789841,0.8147810218978102
48377,0,1,0.08415794929789841,0.8147810218978102
90254,1,1,0.08415794929789841,0.8147810218978102
24813,0,0,0.08415794929789841,0.8147810218978102
55810,0,0,0.08415794929789841,0.8147810218978102
68158,0,0,0.08415794929789841,0.8147810218978102
19436,0,0,0.08415794929789841,0.8147810218978102
28920,0,0,0.08415794929789841,0.8147810218978102
70327,0,0,0.08415794929789841,0.8147810218978102
90676,0,1,0.08415794929789841,0.8147810218978102
83186,0,0,0.08415794929789841,0.8147810218978102
85326,0,1,0.08415794929789841,0.8147810218978102
15151,1,1,0.08415794929789841,0.8147810218978102
92783,0,1,0.08415794929789841,0.8147810218978102
60121,0,0,0.08415794929789841,0.8147810218978102
759,0,1,0.08415794929789841,0.8147810218978102
80286,0,1,0.08415794929789841,0.8147810218978102
9122,0,1,0.08415794929789841,0.8147810218978102
86750,0,1,0.08415794929789841,0.8147810218978102
52820,0,1,0.08415794929789841,0.8147810218978102
94115,0,1,0.08415794929789841,0.8147810218978102
84799,0,0,0.08415794929789841,0.8147810218978102
44137,0,1,0.08415794929789841,0.8147810218978102
19804,0,0,0.08415794929789841,0.8147810218978102
11788,0,1,0.08415794929789841,0.8147810218978102
56106,0,0,0.08415794929789841,0.8147810218978102
97589,0,0,0.08415794929789841,0.8147810218978102
45040,0,0,0.08415794929789841,0.8147810218978102
96394,0,1,0.08415794929789841,0.8147810218978102
84000,0,1,0.08415794929789841,0.8147810218978102
7060,0,0,0.08415794929789841,0.8147810218978102
3416,0,1,0.08415794929789841,0.8147810218978102
95552,0,1,0.08415794929789841,0.8147810218978102
26571,0,1,0.08415794929789841,0.8147810218978102
16785,0,0,0.08415794929789841,0.8147810218978102
21051,0,0,0.08415794929789841,0.8147810218978102
97444,0,1,0.08415794929789841,0.8147810218978102
65100,0,1,0.08415794929789841,0.8147810218978102
64808,0,0,0.08415794929789841,0.8147810218978102
69934,0,1,0.08415794929789841,0.8147810218978102
18089,0,1,0.08415794929789841,0.8147810218978102
5582,0,0,0.08415794929789841,0.8147810218978102
98244,0,1,0.08415794929789841,0.8147810218978102
6247,0,1,0.08415794929789841,0.8147810218978102
66810,0,1,0.08415794929789841,0.8147810218978102
63768,0,1,0.08415794929789841,0.8147810218978102
99946,0,0,0.08415794929789841,0.8147810218978102
23644,0,1,0.08415794929789841,0.8147810218978102
4738,0,1,0.08415794929789841,0.8147810218978102
9925,0,1,0.08415794929789841,0.8147810218978102
51425,0,1,0.08415794929789841,0.8147810218978102
45324,0,0,0.08415794929789841,0.8147810218978102
23686,0,1,0.08415794929789841,0.8147810218978102
45611,0,0,0.08415794929789841,0.8147810218978102
33247,0,0,0.08415794929789841,0.8147810218978102
90127,0,0,0.08415794929789841,0.8147810218978102
49800,0,1,0.08415794929789841,0.8147810218978102
28434,0,1,0.08415794929789841,0.8147810218978102
17739,0,0,0.08415794929789841,0.8147810218978102
17,0,0,0.08415794929789841,0.8147810218978102
65825,0,0,0.08415794929789841,0.8147810218978102
17932,0,0,0.08415794929789841,0.8147810218978102
17587,0,1,0.08415794929789841,0.8147810218978102
99995,0,0,0.08415794929789841,0.8147810218978102
67315,1,1,0.08415794929789841,0.8147810218978102
63000,0,1,0.08415794929789841,0.8147810218978102
5896,0,1,0.08415794929789841,0.8147810218978102
58671,0,0,0.08415794929789841,0.8147810218978102
90388,0,0,0.08415794929789841,0.8147810218978102
34174,0,1,0.08415794929789841,0.8147810218978102
74944,1,1,0.08415794929789841,0.8147810218978102
25995,0,1,0.08415794929789841,0.8147810218978102
36532,0,0,0.08415794929789841,0.8147810218978102
22472,0,0,0.08415794929789841,0.8147810218978102
28775,0,1,0.08415794929789841,0.8147810218978102
11389,0,0,0.08415794929789841,0.8147810218978102
25533,0,0,0.08415794929789841,0.8147810218978102
76481,0,0,0.08415794929789841,0.8147810218978102
6809,0,1,0.08415794929789841,0.8147810218978102
63537,0,1,0.08415794929789841,0.8147810218978102
52434,0,1,0.08415794929789841,0.8147810218978102
15152,1,1,0.08415794929789841,0.8147810218978102
22643,0,1,0.08415794929789841,0.8147810218978102
28280,1,0,0.08415794929789841,0.8147810218978102
76877,0,1,0.08415794929789841,0.8147810218978102
67417,0,0,0.08415794929789841,0.8147810218978102
47648,0,0,0.08415794929789841,0.8147810218978102
41381,0,0,0.08415794929789841,0.8147810218978102
54693,0,0,0.08415794929789841,0.8147810218978102
75421,1,0,0.08415794929789841,0.8147810218978102
6295,0,0,0.08415794929789841,0.8147810218978102
99655,0,0,0.08415794929789841,0.8147810218978102
54667,0,0,0.08415794929789841,0.8147810218978102
20404,0,0,0.08415794929789841,0.8147810218978102
11474,0,0,0.08415794929789841,0.8147810218978102
70666,0,1,0.08415794929789841,0.8147810218978102
77889,0,0,0.08415794929789841,0.8147810218978102
81804,0,0,0.08415794929789841,0.8147810218978102
51035,0,1,0.08415794929789841,0.8147810218978102
28115,0,1,0.08415794929789841,0.8147810218978102
64599,0,0,0.08415794929789841,0.8147810218978102
15650,0,0,0.08415794929789841,0.8147810218978102
43265,0,1,0.08415794929789841,0.8147810218978102
13947,0,0,0.08415794929789841,0.8147810218978102
27835,0,0,0.08415794929789841,0.8147810218978102
70974,0,1,0.08415794929789841,0.8147810218978102
75556,0,1,0.08415794929789841,0.8147810218978102
52460,1,1,0.08415794929789841,0.8147810218978102
7268,0,1,0.08415794929789841,0.8147810218978102
27227,0,0,0.08415794929789841,0.8147810218978102
98254,0,0,0.08415794929789841,0.8147810218978102
47635,0,0,0.08415794929789841,0.8147810218978102
28011,0,0,0.08415794929789841,0.8147810218978102
40314,0,1,0.08415794929789841,0.8147810218978102
42625,0,1,0.08415794929789841,0.8147810218978102
40388,0,0,0.08415794929789841,0.8147810218978102
67062,0,0,0.08415794929789841,0.8147810218978102
72976,0,0,0.08415794929789841,0.8147810218978102
8404,0,1,0.08415794929789841,0.8147810218978102
68870,0,0,0.08415794929789841,0.8147810218978102
97084,0,0,0.08415794929789841,0.8147810218978102
69277,1,1,0.08415794929789841,0.8147810218978102
4397,0,0,0.08415794929789841,0.8147810218978102
7622,0,1,0.08415794929789841,0.8147810218978102
92409,1,1,0.08415794929789841,0.8147810218978102
72402,0,1,0.08415794929789841,0.8147810218978102
147,0,0,0.08415794929789841,0.8147810218978102
94960,0,1,0.08415794929789841,0.8147810218978102
97843,0,1,0.08415794929789841,0.8147810218978102
11855,0,1,0.08415794929789841,0.8147810218978102
67158,0,0,0.08415794929789841,0.8147810218978102
54768,0,1,0.08415794929789841,0.8147810218978102
11547,0,0,0.08415794929789841,0.8147810218978102
29262,0,0,0.08415794929789841,0.8147810218978102
76170,0,1,0.08415794929789841,0.8147810218978102
36128,0,1,0.08415794929789841,0.8147810218978102
30951,0,0,0.08415794929789841,0.8147810218978102
38925,0,1,0.08415794929789841,0.8147810218978102
61868,0,1,0.08415794929789841,0.8147810218978102
44161,0,0,0.08415794929789841,0.8147810218978102
12395,0,0,0.08415794929789841,0.8147810218978102
46991,0,1,0.08415794929789841,0.8147810218978102
71509,0,1,0.08415794929789841,0.8147810218978102
7362,0,1,0.08415794929789841,0.8147810218978102
11913,0,1,0.08415794929789841,0.8147810218978102
39148,1,1,0.08415794929789841,0.8147810218978102
30088,0,1,0.08415794929789841,0.8147810218978102
34035,0,1,0.08415794929789841,0.8147810218978102
88073,0,1,0.08415794929789841,0.8147810218978102
45419,0,0,0.08415794929789841,0.8147810218978102
54948,0,1,0.08415794929789841,0.8147810218978102
20511,0,0,0.08415794929789841,0.8147810218978102
84192,0,0,0.08415794929789841,0.8147810218978102
14992,0,1,0.08415794929789841,0.8147810218978102
67248,0,0,0.08415794929789841,0.8147810218978102
43923,0,1,0.08415794929789841,0.8147810218978102
79423,0,1,0.08415794929789841,0.8147810218978102
82463,0,0,0.08415794929789841,0.8147810218978102
71511,0,0,0.08415794929789841,0.8147810218978102
16229,0,1,0.08415794929789841,0.8147810218978102
83991,0,0,0.08415794929789841,0.8147810218978102
18203,0,1,0.08415794929789841,0.8147810218978102
84144,0,1,0.08415794929789841,0.8147810218978102
40584,0,0,0.08415794929789841,0.8147810218978102
78332,0,1,0.08415794929789841,0.8147810218978102
54105,0,1,0.08415794929789841,0.8147810218978102
29572,0,1,0.08415794929789841,0.8147810218978102
40837,0,1,0.08415794929789841,0.8147810218978102
23881,1,1,0.08415794929789841,0.8147810218978102
92470,0,1,0.08415794929789841,0.8147810218978102
66405,0,1,0.08415794929789841,0.8147810218978102
92513,0,0,0.08415794929789841,0.8147810218978102
94324,0,1,0.08415794929789841,0.8147810218978102
74223,0,1,0.08415794929789841,0.8147810218978102
50820,0,0,0.08415794929789841,0.8147810218978102
41717,0,0,0.08415794929789841,0.8147810218978102
65861,0,0,0.08415794929789841,0.8147810218978102
44434,0,0,0.08415794929789841,0.8147810218978102
32657,0,0,0.08415794929789841,0.8147810218978102
75865,0,1,0.08415794929789841,0.8147810218978102
83677,0,1,0.08415794929789841,0.8147810218978102
74771,0,0,0.08415794929789841,0.8147810218978102
3866,0,1,0.08415794929789841,0.8147810218978102
99723,0,1,0.08415794929789841,0.8147810218978102
18037,0,0,0.08415794929789841,0.8147810218978102
63271,0,1,0.08415794929789841,0.8147810218978102
38732,0,1,0.08415794929789841,0.8147810218978102
33485,0,0,0.08415794929789841,0.8147810218978102
45163,1,1,0.08415794929789841,0.8147810218978102
87526,0,1,0.08415794929789841,0.8147810218978102
85844,0,0,0.08415794929789841,0.8147810218978102
45077,1,0,0.08415794929789841,0.8147810218978102
5040,0,0,0.08415794929789841,0.8147810218978102
10369,0,1,0.08415794929789841,0.8147810218978102
28394,0,1,0.08415794929789841,0.8147810218978102
33803,0,1,0.08415794929789841,0.8147810218978102
544,0,1,0.08415794929789841,0.8147810218978102
42094,0,1,0.08415794929789841,0.8147810218978102
27294,0,1,0.08415794929789841,0.8147810218978102
8402,0,1,0.08415794929789841,0.8147810218978102
44827,0,0,0.08415794929789841,0.8147810218978102
73880,0,1,0.08415794929789841,0.8147810218978102
74757,1,1,0.08415794929789841,0.8147810218978102
67883,0,1,0.08415794929789841,0.8147810218978102
40053,0,1,0.08415794929789841,0.8147810218978102
80933,1,0,0.08415794929789841,0.8147810218978102
73885,0,0,0.08415794929789841,0.8147810218978102
79462,0,1,0.08415794929789841,0.8147810218978102
70663,0,0,0.08415794929789841,0.8147810218978102
58633,0,1,0.08415794929789841,0.8147810218978102
1658,0,1,0.08415794929789841,0.8147810218978102
57474,0,0,0.08415794929789841,0.8147810218978102
6197,0,0,0.08415794929789841,0.8147810218978102
32389,0,1,0.08415794929789841,0.8147810218978102
24738,0,1,0.08415794929789841,0.8147810218978102
26542,0,0,0.08415794929789841,0.8147810218978102
1853,0,0,0.08415794929789841,0.8147810218978102
63840,1,1,0.08415794929789841,0.8147810218978102
24409,0,0,0.08415794929789841,0.8147810218978102
75879,0,1,0.08415794929789841,0.8147810218978102
96672,0,1,0.08415794929789841,0.8147810218978102
73911,0,1,0.08415794929789841,0.8147810218978102
35588,0,0,0.08415794929789841,0.8147810218978102
82275,0,0,0.08415794929789841,0.8147810218978102
97899,0,0,0.08415794929789841,0.8147810218978102
36971,0,0,0.08415794929789841,0.8147810218978102
98721,0,1,0.08415794929789841,0.8147810218978102
45125,0,1,0.08415794929789841,0.8147810218978102
80913,0,0,0.08415794929789841,0.8147810218978102
23319,0,0,0.08415794929789841,0.8147810218978102
17766,0,0,0.08415794929789841,0.8147810218978102
7533,0,0,0.08415794929789841,0.8147810218978102
9440,0,0,0.08415794929789841,0.8147810218978102
29146,0,1,0.08415794929789841,0.8147810218978102
55134,0,0,0.08415794929789841,0.8147810218978102
88913,0,0,0.08415794929789841,0.8147810218978102
80437,0,0,0.08415794929789841,0.8147810218978102
3546,0,1,0.08415794929789841,0.8147810218978102
85652,0,1,0.08415794929789841,0.8147810218978102
78238,0,0,0.08415794929789841,0.8147810218978102
7455,0,0,0.08415794929789841,0.8147810218978102
31609,0,0,0.08415794929789841,0.8147810218978102
90255,1,1,0.08415794929789841,0.8147810218978102
94661,0,1,0.08415794929789841,0.8147810218978102
26681,0,1,0.08415794929789841,0.8147810218978102
69075,0,0,0.08415794929789841,0.8147810218978102
2457,0,0,0.08415794929789841,0.8147810218978102
37383,0,0,0.08415794929789841,0.8147810218978102
23628,0,1,0.08415794929789841,0.8147810218978102
84376,0,1,0.08415794929789841,0.8147810218978102
42724,0,0,0.08415794929789841,0.8147810218978102
38255,0,1,0.08415794929789841,0.8147810218978102
77383,0,1,0.08415794929789841,0.8147810218978102
56361,0,1,0.08415794929789841,0.8147810218978102
77778,0,0,0.08415794929789841,0.8147810218978102
66643,0,1,0.08415794929789841,0.8147810218978102
50569,0,1,0.08415794929789841,0.8147810218978102
95712,0,1,0.08415794929789841,0.8147810218978102
29206,0,1,0.08415794929789841,0.8147810218978102
75317,1,1,0.08415794929789841,0.8147810218978102
20415,0,0,0.08415794929789841,0.8147810218978102
95353,0,1,0.08415794929789841,0.8147810218978102
51299,0,1,0.08415794929789841,0.8147810218978102
42366,0,1,0.08415794929789841,0.8147810218978102
27856,0,0,0.08415794929789841,0.8147810218978102
73180,0,0,0.08415794929789841,0.8147810218978102
18151,0,0,0.08415794929789841,0.8147810218978102
68589,0,0,0.08415794929789841,0.8147810218978102
25005,0,1,0.08415794929789841,0.8147810218978102
27341,1,0,0.08415794929789841,0.8147810218978102
98711,0,1,0.08415794929789841,0.8147810218978102
37618,0,1,0.08415794929789841,0.8147810218978102
43536,0,1,0.08415794929789841,0.8147810218978102
9101,0,0,0.08415794929789841,0.8147810218978102
45028,0,0,0.08415794929789841,0.8147810218978102
79332,0,1,0.08415794929789841,0.8147810218978102
14727,1,1,0.08415794929789841,0.8147810218978102
68700,0,0,0.08415794929789841,0.8147810218978102
82183,0,1,0.08415794929789841,0.8147810218978102
65968,0,0,0.08415794929789841,0.8147810218978102
76118,0,1,0.08415794929789841,0.8147810218978102
21300,0,1,0.08415794929789841,0.8147810218978102
96655,0,0,0.08415794929789841,0.8147810218978102
22447,0,1,0.08415794929789841,0.8147810218978102
82683,0,1,0.08415794929789841,0.8147810218978102
15664,0,0,0.08415794929789841,0.8147810218978102
63560,0,0,0.08415794929789841,0.8147810218978102
56670,0,0,0.08415794929789841,0.8147810218978102
70114,0,0,0.08415794929789841,0.8147810218978102
28017,0,0,0.08415794929789841,0.8147810218978102
57265,0,1,0.08415794929789841,0.8147810218978102
10674,0,1,0.08415794929789841,0.8147810218978102
11258,0,0,0.08415794929789841,0.8147810218978102
63585,0,1,0.08415794929789841,0.8147810218978102
1946,0,1,0.08415794929789841,0.8147810218978102
92289,0,1,0.08415794929789841,0.8147810218978102
98507,0,0,0.08415794929789841,0.8147810218978102
69369,0,0,0.08415794929789841,0.8147810218978102
21390,0,0,0.08415794929789841,0.8147810218978102
30203,0,1,0.08415794929789841,0.8147810218978102
22405,0,1,0.08415794929789841,0.8147810218978102
78231,0,1,0.08415794929789841,0.8147810218978102
87518,0,0,0.08415794929789841,0.8147810218978102
32644,0,0,0.08415794929789841,0.8147810218978102
6444,0,0,0.08415794929789841,0.8147810218978102
59147,0,1,0.08415794929789841,0.8147810218978102
70192,0,0,0.08415794929789841,0.8147810218978102
66354,0,1,0.08415794929789841,0.8147810218978102
11195,0,0,0.08415794929789841,0.8147810218978102
13649,0,0,0.08415794929789841,0.8147810218978102
97216,0,0,0.08415794929789841,0.8147810218978102
49523,0,0,0.08415794929789841,0.8147810218978102
85310,0,0,0.08415794929789841,0.8147810218978102
68249,0,0,0.08415794929789841,0.8147810218978102
75400,0,1,0.08415794929789841,0.8147810218978102
522,0,0,0.08415794929789841,0.8147810218978102
17023,0,1,0.08415794929789841,0.8147810218978102
78648,1,1,0.08415794929789841,0.8147810218978102
73292,0,1,0.08415794929789841,0.8147810218978102
47846,0,0,0.08415794929789841,0.8147810218978102
10442,0,1,0.08415794929789841,0.8147810218978102
55283,0,1,0.08415794929789841,0.8147810218978102
1001,0,1,0.08415794929789841,0.8147810218978102
29115,0,0,0.08415794929789841,0.8147810218978102
8088,0,1,0.08415794929789841,0.8147810218978102
58030,0,0,0.08415794929789841,0.8147810218978102
52963,0,1,0.08415794929789841,0.8147810218978102
18000,0,0,0.08415794929789841,0.8147810218978102
99941,0,0,0.08415794929789841,0.8147810218978102
3749,0,1,0.08415794929789841,0.8147810218978102
3534,0,1,0.08415794929789841,0.8147810218978102
23566,0,1,0.08415794929789841,0.8147810218978102
24940,0,0,0.08415794929789841,0.8147810218978102
80249,0,1,0.08415794929789841,0.8147810218978102
491,0,0,0.08415794929789841,0.8147810218978102
19962,0,1,0.08415794929789841,0.8147810218978102
18132,0,1,0.08415794929789841,0.8147810218978102
28790,0,0,0.08415794929789841,0.8147810218978102
98703,0,1,0.08415794929789841,0.8147810218978102
80203,0,0,0.08415794929789841,0.8147810218978102
80391,0,1,0.08415794929789841,0.8147810218978102
34243,0,0,0.08415794929789841,0.8147810218978102
97796,0,1,0.08415794929789841,0.8147810218978102
10095,0,1,0.08415794929789841,0.8147810218978102
58285,0,0,0.08415794929789841,0.8147810218978102
58356,0,1,0.08415794929789841,0.8147810218978102
71204,0,0,0.08415794929789841,0.8147810218978102
36743,0,0,0.08415794929789841,0.8147810218978102
9482,0,0,0.08415794929789841,0.8147810218978102
63143,0,1,0.08415794929789841,0.8147810218978102
5271,0,0,0.08415794929789841,0.8147810218978102
12396,0,1,0.08415794929789841,0.8147810218978102
41368,0,0,0.08415794929789841,0.8147810218978102
8843,0,0,0.08415794929789841,0.8147810218978102
71207,1,0,0.08415794929789841,0.8147810218978102
20512,0,1,0.08415794929789841,0.8147810218978102
8099,0,1,0.08415794929789841,0.8147810218978102
57497,0,1,0.08415794929789841,0.8147810218978102
52696,0,1,0.08415794929789841,0.8147810218978102
84752,0,1,0.08415794929789841,0.8147810218978102
99387,0,0,0.08415794929789841,0.8147810218978102
1572,0,1,0.08415794929789841,0.8147810218978102
48129,0,0,0.08415794929789841,0.8147810218978102
94158,1,0,0.08415794929789841,0.8147810218978102
81403,0,0,0.08415794929789841,0.8147810218978102
87762,0,1,0.08415794929789841,0.8147810218978102
78586,0,1,0.08415794929789841,0.8147810218978102
66369,0,1,0.08415794929789841,0.8147810218978102
85007,0,1,0.08415794929789841,0.8147810218978102
37668,0,0,0.08415794929789841,0.8147810218978102
44927,0,0,0.08415794929789841,0.8147810218978102
68497,1,1,0.08415794929789841,0.8147810218978102
85482,0,1,0.08415794929789841,0.8147810218978102
62103,0,1,0.08415794929789841,0.8147810218978102
51390,1,1,0.08415794929789841,0.8147810218978102
53452,0,0,0.08415794929789841,0.8147810218978102
32016,0,1,0.08415794929789841,0.8147810218978102
57365,0,0,0.08415794929789841,0.8147810218978102
48304,0,0,0.08415794929789841,0.8147810218978102
42479,0,1,0.08415794929789841,0.8147810218978102
3025,0,1,0.08415794929789841,0.8147810218978102
88498,0,1,0.08415794929789841,0.8147810218978102
51698,0,1,0.08415794929789841,0.8147810218978102
41982,0,1,0.08415794929789841,0.8147810218978102
46713,0,1,0.08415794929789841,0.8147810218978102
55667,0,1,0.08415794929789841,0.8147810218978102
42778,0,0,0.08415794929789841,0.8147810218978102
34418,0,1,0.08415794929789841,0.8147810218978102
18025,0,0,0.08415794929789841,0.8147810218978102
23642,0,0,0.08415794929789841,0.8147810218978102
38989,0,1,0.08415794929789841,0.8147810218978102
34684,0,1,0.08415794929789841,0.8147810218978102
58167,0,0,0.08415794929789841,0.8147810218978102
64258,1,1,0.08415794929789841,0.8147810218978102
66649,0,0,0.08415794929789841,0.8147810218978102
35626,0,1,0.08415794929789841,0.8147810218978102
63808,0,1,0.08415794929789841,0.8147810218978102
34722,0,1,0.08415794929789841,0.8147810218978102
87189,0,0,0.08415794929789841,0.8147810218978102
75891,0,0,0.08415794929789841,0.8147810218978102
46414,1,0,0.08415794929789841,0.8147810218978102
71505,0,1,0.08415794929789841,0.8147810218978102
58740,0,1,0.08415794929789841,0.8147810218978102
63,0,0,0.08415794929789841,0.8147810218978102
79267,0,0,0.08415794929789841,0.8147810218978102
59029,0,1,0.08415794929789841,0.8147810218978102
87623,0,0,0.08415794929789841,0.8147810218978102
22957,0,1,0.08415794929789841,0.8147810218978102
88656,0,0,0.08415794929789841,0.8147810218978102
5540,0,1,0.08415794929789841,0.8147810218978102
86848,0,0,0.08415794929789841,0.8147810218978102
13188,0,0,0.08415794929789841,0.8147810218978102
736,0,1,0.08415794929789841,0.8147810218978102
17015,0,1,0.08415794929789841,0.8147810218978102
95014,0,1,0.08415794929789841,0.8147810218978102
8029,0,0,0.08415794929789841,0.8147810218978102
7870,0,0,0.08415794929789841,0.8147810218978102
70542,1,1,0.08415794929789841,0.8147810218978102
50510,0,0,0.08415794929789841,0.8147810218978102
53968,0,1,0.08415794929789841,0.8147810218978102
66325,0,1,0.08415794929789841,0.8147810218978102
17726,0,0,0.08415794929789841,0.8147810218978102
95789,0,1,0.08415794929789841,0.8147810218978102
46869,1,1,0.08415794929789841,0.8147810218978102
27538,1,0,0.08415794929789841,0.8147810218978102
94204,0,0,0.08415794929789841,0.8147810218978102
67228,1,0,0.08415794929789841,0.8147810218978102
3785,1,1,0.08415794929789841,0.8147810218978102
8149,0,0,0.08415794929789841,0.8147810218978102
34941,0,0,0.08415794929789841,0.8147810218978102
28272,0,1,0.08415794929789841,0.8147810218978102
55086,0,1,0.08415794929789841,0.8147810218978102
70750,1,0,0.08415794929789841,0.8147810218978102
18991,0,0,0.08415794929789841,0.8147810218978102
5581,0,1,0.08415794929789841,0.8147810218978102
53791,0,1,0.08415794929789841,0.8147810218978102
39578,0,0,0.08415794929789841,0.8147810218978102
92981,0,0,0.08415794929789841,0.8147810218978102
91970,0,0,0.08415794929789841,0.8147810218978102
51330,0,1,0.08415794929789841,0.8147810218978102
20858,0,1,0.08415794929789841,0.8147810218978102
97806,0,0,0.08415794929789841,0.8147810218978102
85680,0,1,0.08415794929789841,0.8147810218978102
8597,0,1,0.08415794929789841,0.8147810218978102
97777,0,0,0.08415794929789841,0.8147810218978102
62188,0,0,0.08415794929789841,0.8147810218978102
62472,0,1,0.08415794929789841,0.8147810218978102
98304,0,1,0.08415794929789841,0.8147810218978102
88124,0,1,0.08415794929789841,0.8147810218978102
37300,0,0,0.08415794929789841,0.8147810218978102
95343,0,0,0.08415794929789841,0.8147810218978102
95490,0,1,0.08415794929789841,0.8147810218978102
6151,0,0,0.08415794929789841,0.8147810218978102
68509,0,1,0.08415794929789841,0.8147810218978102
914,0,0,0.08415794929789841,0.8147810218978102
94462,0,0,0.08415794929789841,0.8147810218978102
82227,0,1,0.08415794929789841,0.8147810218978102
4381,0,1,0.08415794929789841,0.8147810218978102
79913,0,1,0.08415794929789841,0.8147810218978102
74869,0,1,0.08415794929789841,0.8147810218978102
90177,0,1,0.08415794929789841,0.8147810218978102
22757,0,1,0.08415794929789841,0.8147810218978102
27674,0,1,0.08415794929789841,0.8147810218978102
42392,0,1,0.08415794929789841,0.8147810218978102
73031,0,1,0.08415794929789841,0.8147810218978102
77107,0,0,0.08415794929789841,0.8147810218978102
7189,1,1,0.08415794929789841,0.8147810218978102
4372,0,0,0.08415794929789841,0.8147810218978102
17580,0,1,0.08415794929789841,0.8147810218978102
81541,0,0,0.08415794929789841,0.8147810218978102
71960,0,1,0.08415794929789841,0.8147810218978102
92992,0,1,0.08415794929789841,0.8147810218978102
7981,0,0,0.08415794929789841,0.8147810218978102
91967,0,0,0.08415794929789841,0.8147810218978102
67628,0,0,0.08415794929789841,0.8147810218978102
64628,1,0,0.08415794929789841,0.8147810218978102
62772,0,0,0.08415794929789841,0.8147810218978102
5517,0,1,0.08415794929789841,0.8147810218978102
11442,0,0,0.08415794929789841,0.8147810218978102
17818,0,0,0.08415794929789841,0.8147810218978102
60368,0,1,0.08415794929789841,0.8147810218978102
79026,0,0,0.08415794929789841,0.8147810218978102
10365,0,1,0.08415794929789841,0.8147810218978102
85914,0,1,0.08415794929789841,0.8147810218978102
68716,0,0,0.08415794929789841,0.8147810218978102
20065,0,0,0.08415794929789841,0.8147810218978102
47304,0,1,0.08415794929789841,0.8147810218978102
17360,0,1,0.08415794929789841,0.8147810218978102
10178,0,0,0.08415794929789841,0.8147810218978102
92242,0,1,0.08415794929789841,0.8147810218978102
34905,0,1,0.08415794929789841,0.8147810218978102
5895,0,0,0.08415794929789841,0.8147810218978102
26679,0,1,0.08415794929789841,0.8147810218978102
49201,0,1,0.08415794929789841,0.8147810218978102
57275,1,1,0.08415794929789841,0.8147810218978102
85382,0,0,0.08415794929789841,0.8147810218978102
73700,1,1,0.08415794929789841,0.8147810218978102
20556,1,1,0.08415794929789841,0.8147810218978102
56294,0,1,0.08415794929789841,0.8147810218978102
94570,0,0,0.08415794929789841,0.8147810218978102
47548,0,1,0.08415794929789841,0.8147810218978102
16528,0,0,0.08415794929789841,0.8147810218978102
59791,0,0,0.08415794929789841,0.8147810218978102
22769,0,0,0.08415794929789841,0.8147810218978102
89957,0,0,0.08415794929789841,0.8147810218978102
46205,0,0,0.08415794929789841,0.8147810218978102
84579,0,1,0.08415794929789841,0.8147810218978102
3271,0,1,0.08415794929789841,0.8147810218978102
64779,0,0,0.08415794929789841,0.8147810218978102
76781,0,0,0.08415794929789841,0.8147810218978102
98836,0,1,0.08415794929789841,0.8147810218978102
48745,0,1,0.08415794929789841,0.8147810218978102
16436,0,1,0.08415794929789841,0.8147810218978102
69887,0,1,0.08415794929789841,0.8147810218978102
30501,0,1,0.08415794929789841,0.8147810218978102
25403,0,0,0.08415794929789841,0.8147810218978102
64589,0,0,0.08415794929789841,0.8147810218978102
59888,0,1,0.08415794929789841,0.8147810218978102
32224,0,0,0.08415794929789841,0.8147810218978102
20823,0,1,0.08415794929789841,0.8147810218978102
87903,0,0,0.08415794929789841,0.8147810218978102
71676,1,0,0.08415794929789841,0.8147810218978102
16382,0,0,0.08415794929789841,0.8147810218978102
69895,0,0,0.08415794929789841,0.8147810218978102
44479,0,0,0.08415794929789841,0.8147810218978102
65809,0,0,0.08415794929789841,0.8147810218978102
83892,0,1,0.08415794929789841,0.8147810218978102
6191,0,0,0.08415794929789841,0.8147810218978102
64181,0,1,0.08415794929789841,0.8147810218978102
38929,0,1,0.08415794929789841,0.8147810218978102
58504,0,0,0.08415794929789841,0.8147810218978102
35510,0,0,0.08415794929789841,0.8147810218978102
5396,0,0,0.08415794929789841,0.8147810218978102
21730,0,0,0.08415794929789841,0.8147810218978102
35115,0,0,0.08415794929789841,0.8147810218978102
16425,0,0,0.08415794929789841,0.8147810218978102
58148,0,0,0.08415794929789841,0.8147810218978102
24030,0,0,0.08415794929789841,0.8147810218978102
99671,0,1,0.08415794929789841,0.8147810218978102
51589,0,1,0.08415794929789841,0.8147810218978102
76728,0,1,0.08415794929789841,0.8147810218978102
678,0,1,0.08415794929789841,0.8147810218978102
40559,0,0,0.08415794929789841,0.8147810218978102
49135,0,1,0.08415794929789841,0.8147810218978102
35964,0,0,0.08415794929789841,0.8147810218978102
67680,0,0,0.08415794929789841,0.8147810218978102
90944,0,0,0.08415794929789841,0.8147810218978102
58093,0,1,0.08415794929789841,0.8147810218978102
77850,0,1,0.08415794929789841,0.8147810218978102
38579,0,0,0.08415794929789841,0.8147810218978102
23931,0,0,0.08415794929789841,0.8147810218978102
81661,0,1,0.08415794929789841,0.8147810218978102
86010,0,1,0.08415794929789841,0.8147810218978102
84383,0,1,0.08415794929789841,0.8147810218978102
93018,0,1,0.08415794929789841,0.8147810218978102
89313,0,0,0.08415794929789841,0.8147810218978102
63636,0,1,0.08415794929789841,0.8147810218978102
51202,0,0,0.08415794929789841,0.8147810218978102
11154,0,0,0.08415794929789841,0.8147810218978102
83090,0,0,0.08415794929789841,0.8147810218978102
9184,0,0,0.08415794929789841,0.8147810218978102
53722,0,0,0.08415794929789841,0.8147810218978102
20748,0,1,0.08415794929789841,0.8147810218978102
12478,0,1,0.08415794929789841,0.8147810218978102
70223,0,0,0.08415794929789841,0.8147810218978102
2051,0,1,0.08415794929789841,0.8147810218978102
71555,0,1,0.08415794929789841,0.8147810218978102
43468,0,0,0.08415794929789841,0.8147810218978102
97590,0,0,0.08415794929789841,0.8147810218978102
41566,0,1,0.08415794929789841,0.8147810218978102
53650,0,1,0.08415794929789841,0.8147810218978102
1926,0,1,0.08415794929789841,0.8147810218978102
47923,0,0,0.08415794929789841,0.8147810218978102
95137,0,0,0.08415794929789841,0.8147810218978102
75471,0,0,0.08415794929789841,0.8147810218978102
76951,0,1,0.08415794929789841,0.8147810218978102
87698,0,0,0.08415794929789841,0.8147810218978102
54136,0,0,0.08415794929789841,0.8147810218978102
39494,0,0,0.08415794929789841,0.8147810218978102
50504,0,1,0.08415794929789841,0.8147810218978102
56058,0,0,0.08415794929789841,0.8147810218978102
4331,0,0,0.08415794929789841,0.8147810218978102
31144,0,1,0.08415794929789841,0.8147810218978102
2739,0,1,0.08415794929789841,0.8147810218978102
58359,0,0,0.08415794929789841,0.8147810218978102
99081,0,0,0.08415794929789841,0.8147810218978102
81388,0,1,0.08415794929789841,0.8147810218978102
94787,0,0,0.08415794929789841,0.8147810218978102
6332,0,0,0.08415794929789841,0.8147810218978102
70670,1,1,0.08415794929789841,0.8147810218978102
87062,0,0,0.08415794929789841,0.8147810218978102
3956,0,0,0.08415794929789841,0.8147810218978102
39835,0,0,0.08415794929789841,0.8147810218978102
25885,0,0,0.08415794929789841,0.8147810218978102
49999,0,0,0.08415794929789841,0.8147810218978102
73176,0,1,0.08415794929789841,0.8147810218978102
58373,0,0,0.08415794929789841,0.8147810218978102
20,0,0,0.08415794929789841,0.8147810218978102
46736,0,1,0.08415794929789841,0.8147810218978102
74776,0,0,0.08415794929789841,0.8147810218978102
86004,0,1,0.08415794929789841,0.8147810218978102
32612,0,1,0.08415794929789841,0.8147810218978102
23001,0,1,0.08415794929789841,0.8147810218978102
68184,0,0,0.08415794929789841,0.8147810218978102
64497,0,1,0.08415794929789841,0.8147810218978102
75742,0,1,0.08415794929789841,0.8147810218978102
31490,0,1,0.08415794929789841,0.8147810218978102
15392,0,1,0.08415794929789841,0.8147810218978102
91506,0,1,0.08415794929789841,0.8147810218978102
12623,0,1,0.08415794929789841,0.8147810218978102
72359,0,1,0.08415794929789841,0.8147810218978102
25724,0,1,0.08415794929789841,0.8147810218978102
15127,0,1,0.08415794929789841,0.8147810218978102
54917,1,1,0.08415794929789841,0.8147810218978102
42388,0,0,0.08415794929789841,0.8147810218978102
37738,0,1,0.08415794929789841,0.8147810218978102
64737,0,1,0.08415794929789841,0.8147810218978102
68552,1,1,0.08415794929789841,0.8147810218978102
63031,0,0,0.08415794929789841,0.8147810218978102
84440,0,0,0.08415794929789841,0.8147810218978102
75445,1,1,0.08415794929789841,0.8147810218978102
19832,0,1,0.08415794929789841,0.8147810218978102
67790,0,1,0.08415794929789841,0.8147810218978102
36487,0,0,0.08415794929789841,0.8147810218978102
26990,0,1,0.08415794929789841,0.8147810218978102
87141,0,0,0.08415794929789841,0.8147810218978102
35550,0,1,0.08415794929789841,0.8147810218978102
66033,0,1,0.08415794929789841,0.8147810218978102
38254,0,1,0.08415794929789841,0.8147810218978102
68566,0,0,0.08415794929789841,0.8147810218978102
918,0,1,0.08415794929789841,0.8147810218978102
86163,1,0,0.08415794929789841,0.8147810218978102
77137,0,0,0.08415794929789841,0.8147810218978102
21461,0,1,0.08415794929789841,0.8147810218978102
24375,0,1,0.08415794929789841,0.8147810218978102
66561,0,0,0.08415794929789841,0.8147810218978102
21902,1,1,0.08415794929789841,0.8147810218978102
50231,0,0,0.08415794929789841,0.8147810218978102
77521,0,1,0.08415794929789841,0.8147810218978102
43104,0,1,0.08415794929789841,0.8147810218978102
97983,0,0,0.08415794929789841,0.8147810218978102
83045,0,0,0.08415794929789841,0.8147810218978102
46692,0,1,0.08415794929789841,0.8147810218978102
28222,0,0,0.08415794929789841,0.8147810218978102
21360,0,1,0.08415794929789841,0.8147810218978102
24012,0,0,0.08415794929789841,0.8147810218978102
97076,0,1,0.08415794929789841,0.8147810218978102
51676,0,0,0.08415794929789841,0.8147810218978102
82851,0,1,0.08415794929789841,0.8147810218978102
43807,0,0,0.08415794929789841,0.8147810218978102
13119,0,1,0.08415794929789841,0.8147810218978102
25329,0,1,0.08415794929789841,0.8147810218978102
63144,0,0,0.08415794929789841,0.8147810218978102
93833,0,1,0.08415794929789841,0.8147810218978102
14046,0,1,0.08415794929789841,0.8147810218978102
83931,0,1,0.08415794929789841,0.8147810218978102
7597,0,1,0.08415794929789841,0.8147810218978102
23489,0,0,0.08415794929789841,0.8147810218978102
64624,0,0,0.08415794929789841,0.8147810218978102
38148,0,0,0.08415794929789841,0.8147810218978102
10912,0,0,0.08415794929789841,0.8147810218978102
3042,0,0,0.08415794929789841,0.8147810218978102
33420,0,0,0.08415794929789841,0.8147810218978102
72318,0,0,0.08415794929789841,0.8147810218978102
4094,0,0,0.08415794929789841,0.8147810218978102
91976,0,1,0.08415794929789841,0.8147810218978102
84605,0,0,0.08415794929789841,0.8147810218978102
8956,0,0,0.08415794929789841,0.8147810218978102
11380,0,1,0.08415794929789841,0.8147810218978102
91046,0,0,0.08415794929789841,0.8147810218978102
8519,0,0,0.08415794929789841,0.8147810218978102
9411,0,1,0.08415794929789841,0.8147810218978102
4326,0,1,0.08415794929789841,0.8147810218978102
66262,0,1,0.08415794929789841,0.8147810218978102
35169,0,0,0.08415794929789841,0.8147810218978102
85078,0,1,0.08415794929789841,0.8147810218978102
86684,0,1,0.08415794929789841,0.8147810218978102
32783,0,1,0.08415794929789841,0.8147810218978102
98381,0,0,0.08415794929789841,0.8147810218978102
33229,0,1,0.08415794929789841,0.8147810218978102
79008,0,1,0.08415794929789841,0.8147810218978102
27544,0,0,0.08415794929789841,0.8147810218978102
42028,0,0,0.08415794929789841,0.8147810218978102
39134,0,1,0.08415794929789841,0.8147810218978102
71990,0,1,0.08415794929789841,0.8147810218978102
1076,0,1,0.08415794929789841,0.8147810218978102
10954,0,0,0.08415794929789841,0.8147810218978102
3929,0,1,0.08415794929789841,0.8147810218978102
15686,0,1,0.08415794929789841,0.8147810218978102
3201,0,0,0.08415794929789841,0.8147810218978102
43180,0,0,0.08415794929789841,0.8147810218978102
48674,0,0,0.08415794929789841,0.8147810218978102
64995,0,1,0.08415794929789841,0.8147810218978102
97457,0,1,0.08415794929789841,0.8147810218978102
3613,0,1,0.08415794929789841,0.8147810218978102
82734,0,0,0.08415794929789841,0.8147810218978102
57729,0,0,0.08415794929789841,0.8147810218978102
67447,0,1,0.08415794929789841,0.8147810218978102
31796,0,0,0.08415794929789841,0.8147810218978102
2174,0,1,0.08415794929789841,0.8147810218978102
91353,0,0,0.08415794929789841,0.8147810218978102
79177,0,1,0.08415794929789841,0.8147810218978102
50316,0,1,0.08415794929789841,0.8147810218978102
60084,0,1,0.08415794929789841,0.8147810218978102
3388,0,0,0.08415794929789841,0.8147810218978102
41327,0,0,0.08415794929789841,0.8147810218978102
20730,0,0,0.08415794929789841,0.8147810218978102
52119,0,1,0.08415794929789841,0.8147810218978102
45120,0,1,0.08415794929789841,0.8147810218978102
86067,0,0,0.08415794929789841,0.8147810218978102
44003,1,0,0.08415794929789841,0.8147810218978102
10228,1,0,0.08415794929789841,0.8147810218978102
97148,0,1,0.08415794929789841,0.8147810218978102
21981,0,1,0.08415794929789841,0.8147810218978102
5536,0,1,0.08415794929789841,0.8147810218978102
36060,0,1,0.08415794929789841,0.8147810218978102
23755,0,1,0.08415794929789841,0.8147810218978102
59759,0,1,0.08415794929789841,0.8147810218978102
35201,0,1,0.08415794929789841,0.8147810218978102
33169,0,0,0.08415794929789841,0.8147810218978102
68043,0,1,0.08415794929789841,0.8147810218978102
61209,0,1,0.08415794929789841,0.8147810218978102
16254,0,0,0.08415794929789841,0.8147810218978102
21911,0,1,0.08415794929789841,0.8147810218978102
59078,1,1,0.08415794929789841,0.8147810218978102
22698,0,1,0.08415794929789841,0.8147810218978102
16540,0,0,0.08415794929789841,0.8147810218978102
5935,0,1,0.08415794929789841,0.8147810218978102
63912,0,1,0.08415794929789841,0.8147810218978102
99975,1,0,0.08415794929789841,0.8147810218978102
70036,0,0,0.08415794929789841,0.8147810218978102
13050,0,0,0.08415794929789841,0.8147810218978102
99589,0,1,0.08415794929789841,0.8147810218978102
12403,0,1,0.08415794929789841,0.8147810218978102
7216,0,1,0.08415794929789841,0.8147810218978102
66710,0,0,0.08415794929789841,0.8147810218978102
44107,0,1,0.08415794929789841,0.8147810218978102
64242,0,0,0.08415794929789841,0.8147810218978102
19243,0,0,0.08415794929789841,0.8147810218978102
48306,0,0,0.08415794929789841,0.8147810218978102
47516,1,1,0.08415794929789841,0.8147810218978102
95081,0,0,0.08415794929789841,0.8147810218978102
41335,0,0,0.08415794929789841,0.8147810218978102
32315,0,0,0.08415794929789841,0.8147810218978102
62463,0,1,0.08415794929789841,0.8147810218978102
5848,0,0,0.08415794929789841,0.8147810218978102
86710,0,1,0.08415794929789841,0.8147810218978102
78954,0,1,0.08415794929789841,0.8147810218978102
77895,0,1,0.08415794929789841,0.8147810218978102
76177,0,1,0.08415794929789841,0.8147810218978102
38183,0,1,0.08415794929789841,0.8147810218978102
58519,0,0,0.08415794929789841,0.8147810218978102
28044,0,0,0.08415794929789841,0.8147810218978102
85184,0,0,0.08415794929789841,0.8147810218978102
98081,0,0,0.08415794929789841,0.8147810218978102
61269,0,0,0.08415794929789841,0.8147810218978102
73961,0,0,0.08415794929789841,0.8147810218978102
71128,1,1,0.08415794929789841,0.8147810218978102
30611,0,1,0.08415794929789841,0.8147810218978102
59676,0,0,0.08415794929789841,0.8147810218978102
6257,0,1,0.08415794929789841,0.8147810218978102
32346,0,0,0.08415794929789841,0.8147810218978102
59910,0,1,0.08415794929789841,0.8147810218978102
80303,0,0,0.08415794929789841,0.8147810218978102
70469,0,1,0.08415794929789841,0.8147810218978102
49751,0,1,0.08415794929789841,0.8147810218978102
4241,0,0,0.08415794929789841,0.8147810218978102
77804,0,1,0.08415794929789841,0.8147810218978102
8863,0,0,0.08415794929789841,0.8147810218978102
38355,1,1,0.08415794929789841,0.8147810218978102
32323,0,1,0.08415794929789841,0.8147810218978102
62485,0,1,0.08415794929789841,0.8147810218978102
51224,1,1,0.08415794929789841,0.8147810218978102
39111,0,0,0.08415794929789841,0.8147810218978102
44640,0,0,0.08415794929789841,0.8147810218978102
26960,0,1,0.08415794929789841,0.8147810218978102
97331,0,0,0.08415794929789841,0.8147810218978102
56486,0,0,0.08415794929789841,0.8147810218978102
73303,1,1,0.08415794929789841,0.8147810218978102
10998,0,1,0.08415794929789841,0.8147810218978102
11497,0,1,0.08415794929789841,0.8147810218978102
48847,0,0,0.08415794929789841,0.8147810218978102
87620,0,0,0.08415794929789841,0.8147810218978102
92054,0,0,0.08415794929789841,0.8147810218978102
7679,0,0,0.08415794929789841,0.8147810218978102
68601,0,0,0.08415794929789841,0.8147810218978102
80730,0,1,0.08415794929789841,0.8147810218978102
11179,0,0,0.08415794929789841,0.8147810218978102
93567,0,1,0.08415794929789841,0.8147810218978102
84058,0,1,0.08415794929789841,0.8147810218978102
40850,1,0,0.08415794929789841,0.8147810218978102
75887,0,0,0.08415794929789841,0.8147810218978102
84629,0,0,0.08415794929789841,0.8147810218978102
10524,0,0,0.08415794929789841,0.8147810218978102
10921,0,1,0.08415794929789841,0.8147810218978102
40530,0,1,0.08415794929789841,0.8147810218978102
93890,0,1,0.08415794929789841,0.8147810218978102
74549,0,0,0.08415794929789841,0.8147810218978102
42527,0,1,0.08415794929789841,0.8147810218978102
54421,0,0,0.08415794929789841,0.8147810218978102
11090,0,1,0.08415794929789841,0.8147810218978102
30480,0,1,0.08415794929789841,0.8147810218978102
90920,0,0,0.08415794929789841,0.8147810218978102
86646,0,0,0.08415794929789841,0.8147810218978102
80088,0,1,0.08415794929789841,0.8147810218978102
86283,0,1,0.08415794929789841,0.8147810218978102
59993,1,1,0.08415794929789841,0.8147810218978102
3580,0,1,0.08415794929789841,0.8147810218978102
80662,0,0,0.08415794929789841,0.8147810218978102
78012,0,0,0.08415794929789841,0.8147810218978102
87333,0,0,0.08415794929789841,0.8147810218978102
68388,0,0,0.08415794929789841,0.8147810218978102
77034,0,0,0.08415794929789841,0.8147810218978102
49195,0,1,0.08415794929789841,0.8147810218978102
55607,0,0,0.08415794929789841,0.8147810218978102
82186,0,1,0.08415794929789841,0.8147810218978102
45113,0,0,0.08415794929789841,0.8147810218978102
84936,0,1,0.08415794929789841,0.8147810218978102
19472,0,1,0.08415794929789841,0.8147810218978102
99320,0,0,0.08415794929789841,0.8147810218978102
20857,0,0,0.08415794929789841,0.8147810218978102
56610,0,1,0.08415794929789841,0.8147810218978102
91706,0,1,0.08415794929789841,0.8147810218978102
3428,0,1,0.08415794929789841,0.8147810218978102
97214,0,1,0.08415794929789841,0.8147810218978102
92187,0,0,0.08415794929789841,0.8147810218978102
83665,0,0,0.08415794929789841,0.8147810218978102
82435,0,0,0.08415794929789841,0.8147810218978102
75599,0,0,0.08415794929789841,0.8147810218978102
69627,0,0,0.08415794929789841,0.8147810218978102
79891,0,1,0.08415794929789841,0.8147810218978102
70904,0,0,0.08415794929789841,0.8147810218978102
58711,0,0,0.08415794929789841,0.8147810218978102
65461,0,0,0.08415794929789841,0.8147810218978102
14214,0,0,0.08415794929789841,0.8147810218978102
99563,0,1,0.08415794929789841,0.8147810218978102
89056,1,1,0.08415794929789841,0.8147810218978102
26254,0,0,0.08415794929789841,0.8147810218978102
16461,0,1,0.08415794929789841,0.8147810218978102
88739,0,1,0.08415794929789841,0.8147810218978102
75077,0,1,0.08415794929789841,0.8147810218978102
1230,0,1,0.08415794929789841,0.8147810218978102
77780,0,1,0.08415794929789841,0.8147810218978102
30851,0,0,0.08415794929789841,0.8147810218978102
52575,0,1,0.08415794929789841,0.8147810218978102
49354,0,1,0.08415794929789841,0.8147810218978102
76898,0,0,0.08415794929789841,0.8147810218978102
24842,0,0,0.08415794929789841,0.8147810218978102
21704,0,0,0.08415794929789841,0.8147810218978102
72781,0,0,0.08415794929789841,0.8147810218978102
89442,0,1,0.08415794929789841,0.8147810218978102
4257,0,1,0.08415794929789841,0.8147810218978102
21671,0,1,0.08415794929789841,0.8147810218978102
75258,0,1,0.08415794929789841,0.8147810218978102
83712,0,1,0.08415794929789841,0.8147810218978102
1478,0,1,0.08415794929789841,0.8147810218978102
93043,0,1,0.08415794929789841,0.8147810218978102
82230,0,0,0.08415794929789841,0.8147810218978102
86850,1,0,0.08415794929789841,0.8147810218978102
76926,0,0,0.08415794929789841,0.8147810218978102
22192,0,1,0.08415794929789841,0.8147810218978102
9994,0,0,0.08415794929789841,0.8147810218978102
73694,0,1,0.08415794929789841,0.8147810218978102
81397,0,1,0.08415794929789841,0.8147810218978102
37249,0,1,0.08415794929789841,0.8147810218978102
69013,0,1,0.08415794929789841,0.8147810218978102
26220,0,1,0.08415794929789841,0.8147810218978102
19790,0,1,0.08415794929789841,0.8147810218978102
58689,0,1,0.08415794929789841,0.8147810218978102
60329,0,1,0.08415794929789841,0.8147810218978102
79196,0,1,0.08415794929789841,0.8147810218978102
30776,0,0,0.08415794929789841,0.8147810218978102
95117,0,0,0.08415794929789841,0.8147810218978102
12622,0,0,0.08415794929789841,0.8147810218978102
21312,0,0,0.08415794929789841,0.8147810218978102
83674,0,0,0.08415794929789841,0.8147810218978102
96965,0,0,0.08415794929789841,0.8147810218978102
39154,0,0,0.08415794929789841,0.8147810218978102
7422,0,0,0.08415794929789841,0.8147810218978102
86513,0,0,0.08415794929789841,0.8147810218978102
29233,0,1,0.08415794929789841,0.8147810218978102
87039,0,0,0.08415794929789841,0.8147810218978102
30826,0,1,0.08415794929789841,0.8147810218978102
41530,0,0,0.08415794929789841,0.8147810218978102
36544,0,1,0.08415794929789841,0.8147810218978102
35306,0,1,0.08415794929789841,0.8147810218978102
52383,1,1,0.08415794929789841,0.8147810218978102
72881,0,1,0.08415794929789841,0.8147810218978102
41590,0,1,0.08415794929789841,0.8147810218978102
85186,0,1,0.08415794929789841,0.8147810218978102
79728,0,0,0.08415794929789841,0.8147810218978102
95573,0,0,0.08415794929789841,0.8147810218978102
6527,0,1,0.08415794929789841,0.8147810218978102
95027,0,1,0.08415794929789841,0.8147810218978102
64271,0,0,0.08415794929789841,0.8147810218978102
71054,0,1,0.08415794929789841,0.8147810218978102
80591,0,0,0.08415794929789841,0.8147810218978102
73383,0,0,0.08415794929789841,0.8147810218978102
1111,0,0,0.08415794929789841,0.8147810218978102
3275,0,0,0.08415794929789841,0.8147810218978102
76532,0,1,0.08415794929789841,0.8147810218978102
15393,0,1,0.08415794929789841,0.8147810218978102
733,0,1,0.08415794929789841,0.8147810218978102
18017,0,0,0.08415794929789841,0.8147810218978102
63535,0,1,0.08415794929789841,0.8147810218978102
88856,0,0,0.08415794929789841,0.8147810218978102
9075,0,0,0.08415794929789841,0.8147810218978102
94645,0,0,0.08415794929789841,0.8147810218978102
29098,0,0,0.08415794929789841,0.8147810218978102
33806,0,1,0.08415794929789841,0.8147810218978102
29350,0,1,0.08415794929789841,0.8147810218978102
67952,1,0,0.08415794929789841,0.8147810218978102
97378,0,1,0.08415794929789841,0.8147810218978102
29583,0,1,0.08415794929789841,0.8147810218978102
10540,0,1,0.08415794929789841,0.8147810218978102
61534,0,1,0.08415794929789841,0.8147810218978102
10603,0,0,0.08415794929789841,0.8147810218978102
88950,0,1,0.08415794929789841,0.8147810218978102
26259,0,1,0.08415794929789841,0.8147810218978102
61850,0,1,0.08415794929789841,0.8147810218978102
1830,0,1,0.08415794929789841,0.8147810218978102
75980,0,1,0.08415794929789841,0.8147810218978102
10883,0,1,0.08415794929789841,0.8147810218978102
22258,0,0,0.08415794929789841,0.8147810218978102
35471,0,1,0.08415794929789841,0.8147810218978102
71870,0,0,0.08415794929789841,0.8147810218978102
58717,0,0,0.08415794929789841,0.8147810218978102
75322,0,1,0.08415794929789841,0.8147810218978102
99049,0,1,0.08415794929789841,0.8147810218978102
98746,0,0,0.08415794929789841,0.8147810218978102
54379,0,1,0.08415794929789841,0.8147810218978102
15579,0,0,0.08415794929789841,0.8147810218978102
73492,0,1,0.08415794929789841,0.8147810218978102
56507,1,1,0.08415794929789841,0.8147810218978102
51656,0,0,0.08415794929789841,0.8147810218978102
92675,0,0,0.08415794929789841,0.8147810218978102
49423,0,0,0.08415794929789841,0.8147810218978102
4345,0,0,0.08415794929789841,0.8147810218978102
84821,0,1,0.08415794929789841,0.8147810218978102
89709,0,1,0.08415794929789841,0.8147810218978102
1051,0,1,0.08415794929789841,0.8147810218978102
89284,0,0,0.08415794929789841,0.8147810218978102
60301,1,1,0.08415794929789841,0.8147810218978102
5647,0,1,0.08415794929789841,0.8147810218978102
84239,0,0,0.08415794929789841,0.8147810218978102
14194,0,1,0.08415794929789841,0.8147810218978102
60264,0,0,0.08415794929789841,0.8147810218978102
69984,0,1,0.08415794929789841,0.8147810218978102
96249,0,0,0.08415794929789841,0.8147810218978102
2313,0,0,0.08415794929789841,0.8147810218978102
33097,0,1,0.08415794929789841,0.8147810218978102
45870,0,1,0.08415794929789841,0.8147810218978102
92627,0,1,0.08415794929789841,0.8147810218978102
79192,0,1,0.08415794929789841,0.8147810218978102
19763,0,0,0.08415794929789841,0.8147810218978102
22363,0,1,0.08415794929789841,0.8147810218978102
98998,0,0,0.08415794929789841,0.8147810218978102
54154,0,1,0.08415794929789841,0.8147810218978102
18753,0,0,0.08415794929789841,0.8147810218978102
49078,0,0,0.08415794929789841,0.8147810218978102
85267,0,1,0.08415794929789841,0.8147810218978102
73304,0,0,0.08415794929789841,0.8147810218978102
53864,0,1,0.08415794929789841,0.8147810218978102
94140,0,1,0.08415794929789841,0.8147810218978102
862,0,1,0.08415794929789841,0.8147810218978102
12157,1,1,0.08415794929789841,0.8147810218978102
48463,0,0,0.08415794929789841,0.8147810218978102
35062,0,0,0.08415794929789841,0.8147810218978102
96269,0,1,0.08415794929789841,0.8147810218978102
57632,0,1,0.08415794929789841,0.8147810218978102
82603,0,1,0.08415794929789841,0.8147810218978102
13714,0,1,0.08415794929789841,0.8147810218978102
66799,0,0,0.08415794929789841,0.8147810218978102
26474,0,0,0.08415794929789841,0.8147810218978102
126,0,0,0.08415794929789841,0.8147810218978102
77250,0,1,0.08415794929789841,0.8147810218978102
24323,0,1,0.08415794929789841,0.8147810218978102
54928,0,1,0.08415794929789841,0.8147810218978102
33341,0,0,0.08415794929789841,0.8147810218978102
82291,1,0,0.08415794929789841,0.8147810218978102
81737,0,1,0.08415794929789841,0.8147810218978102
11480,0,0,0.08415794929789841,0.8147810218978102
76207,0,1,0.08415794929789841,0.8147810218978102
83141,0,0,0.08415794929789841,0.8147810218978102
81626,0,1,0.08415794929789841,0.8147810218978102
90063,0,1,0.08415794929789841,0.8147810218978102
72408,0,1,0.08415794929789841,0.8147810218978102
48851,0,1,0.08415794929789841,0.8147810218978102
66407,1,1,0.08415794929789841,0.8147810218978102
20661,0,0,0.08415794929789841,0.8147810218978102
52246,0,1,0.08415794929789841,0.8147810218978102
37711,1,1,0.08415794929789841,0.8147810218978102
30686,0,0,0.08415794929789841,0.8147810218978102
16182,0,1,0.08415794929789841,0.8147810218978102
33198,0,1,0.08415794929789841,0.8147810218978102
95334,0,0,0.08415794929789841,0.8147810218978102
35211,0,0,0.08415794929789841,0.8147810218978102
14156,0,0,0.08415794929789841,0.8147810218978102
49287,0,1,0.08415794929789841,0.8147810218978102
96376,0,0,0.08415794929789841,0.8147810218978102
37401,0,1,0.08415794929789841,0.8147810218978102
99885,0,0,0.08415794929789841,0.8147810218978102
76990,0,0,0.08415794929789841,0.8147810218978102
97549,0,0,0.08415794929789841,0.8147810218978102
4561,0,1,0.08415794929789841,0.8147810218978102
36038,0,1,0.08415794929789841,0.8147810218978102
64918,0,0,0.08415794929789841,0.8147810218978102
20321,0,1,0.08415794929789841,0.8147810218978102
84305,0,0,0.08415794929789841,0.8147810218978102
33183,0,0,0.08415794929789841,0.8147810218978102
48521,0,1,0.08415794929789841,0.8147810218978102
29170,0,1,0.08415794929789841,0.8147810218978102
72789,0,1,0.08415794929789841,0.8147810218978102
63284,0,0,0.08415794929789841,0.8147810218978102
10311,0,0,0.08415794929789841,0.8147810218978102
77839,0,1,0.08415794929789841,0.8147810218978102
18085,0,0,0.08415794929789841,0.8147810218978102
64802,0,0,0.08415794929789841,0.8147810218978102
80248,0,1,0.08415794929789841,0.8147810218978102
36396,0,1,0.08415794929789841,0.8147810218978102
67000,0,1,0.08415794929789841,0.8147810218978102
50159,0,0,0.08415794929789841,0.8147810218978102
33609,0,0,0.08415794929789841,0.8147810218978102
44012,0,0,0.08415794929789841,0.8147810218978102
79058,0,1,0.08415794929789841,0.8147810218978102
59396,0,0,0.08415794929789841,0.8147810218978102
83462,0,0,0.08415794929789841,0.8147810218978102
29289,0,1,0.08415794929789841,0.8147810218978102
29218,0,1,0.08415794929789841,0.8147810218978102
3971,0,0,0.08415794929789841,0.8147810218978102
97164,0,1,0.08415794929789841,0.8147810218978102
92237,0,1,0.08415794929789841,0.8147810218978102
37602,1,1,0.08415794929789841,0.8147810218978102
14328,0,1,0.08415794929789841,0.8147810218978102
94137,0,0,0.08415794929789841,0.8147810218978102
7944,0,0,0.08415794929789841,0.8147810218978102
4129,0,1,0.08415794929789841,0.8147810218978102
85283,0,1,0.08415794929789841,0.8147810218978102
83308,0,0,0.08415794929789841,0.8147810218978102
96163,0,0,0.08415794929789841,0.8147810218978102
6019,1,1,0.08415794929789841,0.8147810218978102
46592,0,1,0.08415794929789841,0.8147810218978102
81320,0,1,0.08415794929789841,0.8147810218978102
7767,0,0,0.08415794929789841,0.8147810218978102
62313,0,1,0.08415794929789841,0.8147810218978102
33658,0,1,0.08415794929789841,0.8147810218978102
69757,0,0,0.08415794929789841,0.8147810218978102
90380,0,0,0.08415794929789841,0.8147810218978102
26446,1,0,0.08415794929789841,0.8147810218978102
10584,0,0,0.08415794929789841,0.8147810218978102
50120,0,1,0.08415794929789841,0.8147810218978102
99822,0,1,0.08415794929789841,0.8147810218978102
74279,0,0,0.08415794929789841,0.8147810218978102
66399,0,0,0.08415794929789841,0.8147810218978102
83881,0,0,0.08415794929789841,0.8147810218978102
35273,0,0,0.08415794929789841,0.8147810218978102
38625,0,1,0.08415794929789841,0.8147810218978102
75992,0,1,0.08415794929789841,0.8147810218978102
61020,0,1,0.08415794929789841,0.8147810218978102
44240,0,0,0.08415794929789841,0.8147810218978102
32153,0,1,0.08415794929789841,0.8147810218978102
19267,0,1,0.08415794929789841,0.8147810218978102
50562,0,1,0.08415794929789841,0.8147810218978102
82869,0,1,0.08415794929789841,0.8147810218978102
26896,0,1,0.08415794929789841,0.8147810218978102
82955,0,0,0.08415794929789841,0.8147810218978102
85949,0,1,0.08415794929789841,0.8147810218978102
56630,0,0,0.08415794929789841,0.8147810218978102
89902,0,1,0.08415794929789841,0.8147810218978102
85816,0,0,0.08415794929789841,0.8147810218978102
15273,1,0,0.08415794929789841,0.8147810218978102
2026,0,1,0.08415794929789841,0.8147810218978102
68280,0,1,0.08415794929789841,0.8147810218978102
50431,0,1,0.08415794929789841,0.8147810218978102
64057,1,1,0.08415794929789841,0.8147810218978102
80071,0,1,0.08415794929789841,0.8147810218978102
3880,0,0,0.08415794929789841,0.8147810218978102
64310,1,1,0.08415794929789841,0.8147810218978102
87838,0,0,0.08415794929789841,0.8147810218978102
3727,0,1,0.08415794929789841,0.8147810218978102
29035,0,1,0.08415794929789841,0.8147810218978102
273,0,1,0.08415794929789841,0.8147810218978102
84828,0,1,0.08415794929789841,0.8147810218978102
48540,0,0,0.08415794929789841,0.8147810218978102
60324,0,0,0.08415794929789841,0.8147810218978102
53143,0,0,0.08415794929789841,0.8147810218978102
12023,0,1,0.08415794929789841,0.8147810218978102
47166,0,0,0.08415794929789841,0.8147810218978102
57339,0,0,0.08415794929789841,0.8147810218978102
98715,0,1,0.08415794929789841,0.8147810218978102
59499,0,0,0.08415794929789841,0.8147810218978102
45033,0,0,0.08415794929789841,0.8147810218978102
3855,0,1,0.08415794929789841,0.8147810218978102
11819,0,1,0.08415794929789841,0.8147810218978102
8472,0,1,0.08415794929789841,0.8147810218978102
87096,0,1,0.08415794929789841,0.8147810218978102
98199,1,1,0.08415794929789841,0.8147810218978102
93418,0,1,0.08415794929789841,0.8147810218978102
90501,0,1,0.08415794929789841,0.8147810218978102
13051,0,1,0.08415794929789841,0.8147810218978102
42477,0,1,0.08415794929789841,0.8147810218978102
42003,0,1,0.08415794929789841,0.8147810218978102
45056,0,0,0.08415794929789841,0.8147810218978102
94573,0,1,0.08415794929789841,0.8147810218978102
42885,0,1,0.08415794929789841,0.8147810218978102
79952,0,0,0.08415794929789841,0.8147810218978102
21538,0,0,0.08415794929789841,0.8147810218978102
99796,1,1,0.08415794929789841,0.8147810218978102
12940,0,1,0.08415794929789841,0.8147810218978102
90702,0,0,0.08415794929789841,0.8147810218978102
12247,0,0,0.08415794929789841,0.8147810218978102
80371,0,0,0.08415794929789841,0.8147810218978102
32867,0,1,0.08415794929789841,0.8147810218978102
98441,0,1,0.08415794929789841,0.8147810218978102
6297,0,1,0.08415794929789841,0.8147810218978102
18775,0,1,0.08415794929789841,0.8147810218978102
70915,0,1,0.08415794929789841,0.8147810218978102
33207,0,1,0.08415794929789841,0.8147810218978102
62488,0,1,0.08415794929789841,0.8147810218978102
61618,0,0,0.08415794929789841,0.8147810218978102
45369,0,0,0.08415794929789841,0.8147810218978102
95537,0,1,0.08415794929789841,0.8147810218978102
2483,0,1,0.08415794929789841,0.8147810218978102
19594,0,1,0.08415794929789841,0.8147810218978102
81822,0,0,0.08415794929789841,0.8147810218978102
7845,0,0,0.08415794929789841,0.8147810218978102
64985,0,1,0.08415794929789841,0.8147810218978102
46038,0,1,0.08415794929789841,0.8147810218978102
20472,0,0,0.08415794929789841,0.8147810218978102
74394,0,1,0.08415794929789841,0.8147810218978102
75430,0,0,0.08415794929789841,0.8147810218978102
23316,0,0,0.08415794929789841,0.8147810218978102
89035,0,0,0.08415794929789841,0.8147810218978102
734,0,0,0.08415794929789841,0.8147810218978102
83985,0,0,0.08415794929789841,0.8147810218978102
71504,0,0,0.08415794929789841,0.8147810218978102
80020,0,0,0.08415794929789841,0.8147810218978102
31112,0,1,0.08415794929789841,0.8147810218978102
96136,0,1,0.08415794929789841,0.8147810218978102
51183,0,0,0.08415794929789841,0.8147810218978102
43325,0,0,0.08415794929789841,0.8147810218978102
28889,0,1,0.08415794929789841,0.8147810218978102
70522,0,0,0.08415794929789841,0.8147810218978102
58622,0,0,0.08415794929789841,0.8147810218978102
47051,0,0,0.08415794929789841,0.8147810218978102
95902,0,1,0.08415794929789841,0.8147810218978102
83117,0,1,0.08415794929789841,0.8147810218978102
20611,0,1,0.08415794929789841,0.8147810218978102
54455,0,0,0.08415794929789841,0.8147810218978102
43386,0,1,0.08415794929789841,0.8147810218978102
25622,0,1,0.08415794929789841,0.8147810218978102
83478,0,0,0.08415794929789841,0.8147810218978102
61719,0,1,0.08415794929789841,0.8147810218978102
96240,0,0,0.08415794929789841,0.8147810218978102
22642,0,1,0.08415794929789841,0.8147810218978102
95687,0,0,0.08415794929789841,0.8147810218978102
45997,0,1,0.08415794929789841,0.8147810218978102
45473,0,0,0.08415794929789841,0.8147810218978102
21373,0,1,0.08415794929789841,0.8147810218978102
63493,0,0,0.08415794929789841,0.8147810218978102
29644,0,1,0.08415794929789841,0.8147810218978102
86260,1,1,0.08415794929789841,0.8147810218978102
57530,0,0,0.08415794929789841,0.8147810218978102
89894,1,1,0.08415794929789841,0.8147810218978102
38944,0,0,0.08415794929789841,0.8147810218978102
42177,0,1,0.08415794929789841,0.8147810218978102
9107,0,0,0.08415794929789841,0.8147810218978102
96689,0,0,0.08415794929789841,0.8147810218978102
96221,0,0,0.08415794929789841,0.8147810218978102
12672,0,1,0.08415794929789841,0.8147810218978102
36050,0,0,0.08415794929789841,0.8147810218978102
36518,0,0,0.08415794929789841,0.8147810218978102
68929,0,0,0.08415794929789841,0.8147810218978102
31838,0,1,0.08415794929789841,0.8147810218978102
29086,0,1,0.08415794929789841,0.8147810218978102
87330,0,0,0.08415794929789841,0.8147810218978102
80866,0,1,0.08415794929789841,0.8147810218978102
70051,0,0,0.08415794929789841,0.8147810218978102
19644,0,1,0.08415794929789841,0.8147810218978102
73540,0,0,0.08415794929789841,0.8147810218978102
31792,1,1,0.08415794929789841,0.8147810218978102
74829,0,0,0.08415794929789841,0.8147810218978102
17248,0,0,0.08415794929789841,0.8147810218978102
7491,0,1,0.08415794929789841,0.8147810218978102
98406,0,0,0.08415794929789841,0.8147810218978102
11756,0,0,0.08415794929789841,0.8147810218978102
45461,0,0,0.08415794929789841,0.8147810218978102
33386,0,0,0.08415794929789841,0.8147810218978102
94228,0,1,0.08415794929789841,0.8147810218978102
64348,0,0,0.08415794929789841,0.8147810218978102
83998,0,1,0.08415794929789841,0.8147810218978102
98408,1,1,0.08415794929789841,0.8147810218978102
54446,0,1,0.08415794929789841,0.8147810218978102
67216,0,1,0.08415794929789841,0.8147810218978102
62658,0,0,0.08415794929789841,0.8147810218978102
71171,0,0,0.08415794929789841,0.8147810218978102
45510,0,1,0.08415794929789841,0.8147810218978102
93109,0,1,0.08415794929789841,0.8147810218978102
60258,0,0,0.08415794929789841,0.8147810218978102
3679,0,1,0.08415794929789841,0.8147810218978102
73310,0,0,0.08415794929789841,0.8147810218978102
21816,0,1,0.08415794929789841,0.8147810218978102
89855,0,0,0.08415794929789841,0.8147810218978102
17573,0,0,0.08415794929789841,0.8147810218978102
62598,0,1,0.08415794929789841,0.8147810218978102
25953,0,1,0.08415794929789841,0.8147810218978102
22944,0,0,0.08415794929789841,0.8147810218978102
88476,0,0,0.08415794929789841,0.8147810218978102
33416,0,1,0.08415794929789841,0.8147810218978102
58994,0,1,0.08415794929789841,0.8147810218978102
30014,0,1,0.08415794929789841,0.8147810218978102
94923,0,0,0.08415794929789841,0.8147810218978102
45114,0,1,0.08415794929789841,0.8147810218978102
49899,0,1,0.08415794929789841,0.8147810218978102
66252,0,0,0.08415794929789841,0.8147810218978102
78519,0,1,0.08415794929789841,0.8147810218978102
96497,0,0,0.08415794929789841,0.8147810218978102
3848,0,0,0.08415794929789841,0.8147810218978102
47187,1,1,0.08415794929789841,0.8147810218978102
88811,0,0,0.08415794929789841,0.8147810218978102
74663,0,0,0.08415794929789841,0.8147810218978102
76168,0,1,0.08415794929789841,0.8147810218978102
89380,0,1,0.08415794929789841,0.8147810218978102
43438,0,0,0.08415794929789841,0.8147810218978102
30853,0,0,0.08415794929789841,0.8147810218978102
90846,0,0,0.08415794929789841,0.8147810218978102
91804,0,1,0.08415794929789841,0.8147810218978102
11288,0,1,0.08415794929789841,0.8147810218978102
12406,0,1,0.08415794929789841,0.8147810218978102
8146,1,1,0.08415794929789841,0.8147810218978102
18253,0,1,0.08415794929789841,0.8147810218978102
24778,0,1,0.08415794929789841,0.8147810218978102
42275,0,1,0.08415794929789841,0.8147810218978102
37121,0,1,0.08415794929789841,0.8147810218978102
36234,0,1,0.08415794929789841,0.8147810218978102
7547,0,1,0.08415794929789841,0.8147810218978102
43589,0,0,0.08415794929789841,0.8147810218978102
10131,0,1,0.08415794929789841,0.8147810218978102
50312,0,0,0.08415794929789841,0.8147810218978102
6565,0,1,0.08415794929789841,0.8147810218978102
411,0,1,0.08415794929789841,0.8147810218978102
22301,0,1,0.08415794929789841,0.8147810218978102
65477,0,0,0.08415794929789841,0.8147810218978102
26585,0,1,0.08415794929789841,0.8147810218978102
91881,0,0,0.08415794929789841,0.8147810218978102
35933,1,1,0.08415794929789841,0.8147810218978102
65617,0,1,0.08415794929789841,0.8147810218978102
47986,0,0,0.08415794929789841,0.8147810218978102
53429,0,1,0.08415794929789841,0.8147810218978102
22901,0,1,0.08415794929789841,0.8147810218978102
72943,0,0,0.08415794929789841,0.8147810218978102
82231,0,1,0.08415794929789841,0.8147810218978102
89750,0,1,0.08415794929789841,0.8147810218978102
16696,0,0,0.08415794929789841,0.8147810218978102
93084,0,1,0.08415794929789841,0.8147810218978102
3992,0,0,0.08415794929789841,0.8147810218978102
69768,0,1,0.08415794929789841,0.8147810218978102
50668,0,1,0.08415794929789841,0.8147810218978102
84907,0,0,0.08415794929789841,0.8147810218978102
39719,0,0,0.08415794929789841,0.8147810218978102
69699,0,0,0.08415794929789841,0.8147810218978102
94700,0,1,0.08415794929789841,0.8147810218978102
74918,0,0,0.08415794929789841,0.8147810218978102
23411,0,1,0.08415794929789841,0.8147810218978102
61156,0,1,0.08415794929789841,0.8147810218978102
88192,0,1,0.08415794929789841,0.8147810218978102
14681,0,1,0.08415794929789841,0.8147810218978102
55102,0,1,0.08415794929789841,0.8147810218978102
17893,0,1,0.08415794929789841,0.8147810218978102
67735,0,0,0.08415794929789841,0.8147810218978102
21106,0,1,0.08415794929789841,0.8147810218978102
90237,0,1,0.08415794929789841,0.8147810218978102
88462,0,0,0.08415794929789841,0.8147810218978102
50488,0,0,0.08415794929789841,0.8147810218978102
34871,0,0,0.08415794929789841,0.8147810218978102
8008,0,1,0.08415794929789841,0.8147810218978102
73162,0,0,0.08415794929789841,0.8147810218978102
65558,0,1,0.08415794929789841,0.8147810218978102
72877,0,0,0.08415794929789841,0.8147810218978102
3400,0,1,0.08415794929789841,0.8147810218978102
57789,0,0,0.08415794929789841,0.8147810218978102
84739,0,1,0.08415794929789841,0.8147810218978102
22960,0,1,0.08415794929789841,0.8147810218978102
41825,0,0,0.08415794929789841,0.8147810218978102
99735,0,0,0.08415794929789841,0.8147810218978102
22295,0,0,0.08415794929789841,0.8147810218978102
43273,1,1,0.08415794929789841,0.8147810218978102
76878,0,0,0.08415794929789841,0.8147810218978102
3730,0,1,0.08415794929789841,0.8147810218978102
38476,0,1,0.08415794929789841,0.8147810218978102
95277,0,0,0.08415794929789841,0.8147810218978102
87467,0,1,0.08415794929789841,0.8147810218978102
31078,0,0,0.08415794929789841,0.8147810218978102
46113,0,0,0.08415794929789841,0.8147810218978102
5504,0,1,0.08415794929789841,0.8147810218978102
79036,0,0,0.08415794929789841,0.8147810218978102
33727,1,1,0.08415794929789841,0.8147810218978102
57182,0,0,0.08415794929789841,0.8147810218978102
22929,0,1,0.08415794929789841,0.8147810218978102
94152,0,1,0.08415794929789841,0.8147810218978102
602,0,1,0.08415794929789841,0.8147810218978102
62285,0,1,0.08415794929789841,0.8147810218978102
54035,1,1,0.08415794929789841,0.8147810218978102
3541,0,0,0.08415794929789841,0.8147810218978102
76321,0,1,0.08415794929789841,0.8147810218978102
8371,0,0,0.08415794929789841,0.8147810218978102
59092,0,0,0.08415794929789841,0.8147810218978102
6860,0,1,0.08415794929789841,0.8147810218978102
91016,0,0,0.08415794929789841,0.8147810218978102
35687,0,0,0.08415794929789841,0.8147810218978102
83000,0,1,0.08415794929789841,0.8147810218978102
45761,1,1,0.08415794929789841,0.8147810218978102
15206,0,0,0.08415794929789841,0.8147810218978102
85619,0,1,0.08415794929789841,0.8147810218978102
97099,0,0,0.08415794929789841,0.8147810218978102
19948,0,1,0.08415794929789841,0.8147810218978102
41148,0,0,0.08415794929789841,0.8147810218978102
17497,0,0,0.08415794929789841,0.8147810218978102
17750,0,1,0.08415794929789841,0.8147810218978102
64813,0,0,0.08415794929789841,0.8147810218978102
99409,0,0,0.08415794929789841,0.8147810218978102
11191,0,0,0.08415794929789841,0.8147810218978102
19091,0,1,0.08415794929789841,0.8147810218978102
30307,0,0,0.08415794929789841,0.8147810218978102
15010,0,1,0.08415794929789841,0.8147810218978102
46642,0,0,0.08415794929789841,0.8147810218978102
95822,1,1,0.08415794929789841,0.8147810218978102
82549,0,1,0.08415794929789841,0.8147810218978102
90814,0,0,0.08415794929789841,0.8147810218978102
87740,0,0,0.08415794929789841,0.8147810218978102
19168,0,0,0.08415794929789841,0.8147810218978102
14765,0,1,0.08415794929789841,0.8147810218978102
40635,0,1,0.08415794929789841,0.8147810218978102
49472,1,1,0.08415794929789841,0.8147810218978102
51349,0,1,0.08415794929789841,0.8147810218978102
31836,0,1,0.08415794929789841,0.8147810218978102
44167,0,1,0.08415794929789841,0.8147810218978102
99777,0,0,0.08415794929789841,0.8147810218978102
59126,0,1,0.08415794929789841,0.8147810218978102
60163,0,1,0.08415794929789841,0.8147810218978102
85746,0,1,0.08415794929789841,0.8147810218978102
42430,0,1,0.08415794929789841,0.8147810218978102
84120,0,0,0.08415794929789841,0.8147810218978102
28596,0,0,0.08415794929789841,0.8147810218978102
42047,0,0,0.08415794929789841,0.8147810218978102
91670,1,0,0.08415794929789841,0.8147810218978102
94668,0,0,0.08415794929789841,0.8147810218978102
42002,0,1,0.08415794929789841,0.8147810218978102
75647,1,1,0.08415794929789841,0.8147810218978102
21980,0,0,0.08415794929789841,0.8147810218978102
83132,0,0,0.08415794929789841,0.8147810218978102
51040,0,1,0.08415794929789841,0.8147810218978102
41779,0,0,0.08415794929789841,0.8147810218978102
87307,0,0,0.08415794929789841,0.8147810218978102
98974,0,0,0.08415794929789841,0.8147810218978102
1716,0,1,0.08415794929789841,0.8147810218978102
52148,0,1,0.08415794929789841,0.8147810218978102
79490,0,0,0.08415794929789841,0.8147810218978102
5856,0,1,0.08415794929789841,0.8147810218978102
37304,0,1,0.08415794929789841,0.8147810218978102
68037,0,0,0.08415794929789841,0.8147810218978102
53957,0,0,0.08415794929789841,0.8147810218978102
76059,0,0,0.08415794929789841,0.8147810218978102
94227,0,0,0.08415794929789841,0.8147810218978102
32355,0,0,0.08415794929789841,0.8147810218978102
28061,0,0,0.08415794929789841,0.8147810218978102
49654,0,0,0.08415794929789841,0.8147810218978102
35665,0,0,0.08415794929789841,0.8147810218978102
1282,0,1,0.08415794929789841,0.8147810218978102
827,0,1,0.08415794929789841,0.8147810218978102
48717,0,0,0.08415794929789841,0.8147810218978102
62197,0,0,0.08415794929789841,0.8147810218978102
6764,0,1,0.08415794929789841,0.8147810218978102
75709,0,1,0.08415794929789841,0.8147810218978102
52053,0,1,0.08415794929789841,0.8147810218978102
54877,0,0,0.08415794929789841,0.8147810218978102
31135,0,0,0.08415794929789841,0.8147810218978102
52801,0,0,0.08415794929789841,0.8147810218978102
59481,0,1,0.08415794929789841,0.8147810218978102
61927,0,1,0.08415794929789841,0.8147810218978102
81283,0,1,0.08415794929789841,0.8147810218978102
38410,0,1,0.08415794929789841,0.8147810218978102
56728,1,1,0.08415794929789841,0.8147810218978102
30064,0,1,0.08415794929789841,0.8147810218978102
39557,0,1,0.08415794929789841,0.8147810218978102
14379,0,0,0.08415794929789841,0.8147810218978102
32568,0,0,0.08415794929789841,0.8147810218978102
81074,0,0,0.08415794929789841,0.8147810218978102
73752,0,1,0.08415794929789841,0.8147810218978102
34992,0,1,0.08415794929789841,0.8147810218978102
64527,0,0,0.08415794929789841,0.8147810218978102
5277,0,0,0.08415794929789841,0.8147810218978102
9453,0,1,0.08415794929789841,0.8147810218978102
93120,0,0,0.08415794929789841,0.8147810218978102
5976,0,1,0.08415794929789841,0.8147810218978102
87633,0,1,0.08415794929789841,0.8147810218978102
50045,0,1,0.08415794929789841,0.8147810218978102
88788,0,1,0.08415794929789841,0.8147810218978102
50682,0,1,0.08415794929789841,0.8147810218978102
27461,0,1,0.08415794929789841,0.8147810218978102
94660,0,0,0.08415794929789841,0.8147810218978102
82700,0,0,0.08415794929789841,0.8147810218978102
90801,0,1,0.08415794929789841,0.8147810218978102
83564,0,0,0.08415794929789841,0.8147810218978102
13667,0,1,0.08415794929789841,0.8147810218978102
46435,0,1,0.08415794929789841,0.8147810218978102
16378,0,1,0.08415794929789841,0.8147810218978102
49642,0,0,0.08415794929789841,0.8147810218978102
45442,0,0,0.08415794929789841,0.8147810218978102
26441,0,0,0.08415794929789841,0.8147810218978102
4991,0,0,0.08415794929789841,0.8147810218978102
59375,0,0,0.08415794929789841,0.8147810218978102
36461,0,1,0.08415794929789841,0.8147810218978102
51229,0,0,0.08415794929789841,0.8147810218978102
26692,1,1,0.08415794929789841,0.8147810218978102
24750,0,1,0.08415794929789841,0.8147810218978102
9068,0,1,0.08415794929789841,0.8147810218978102
39796,0,1,0.08415794929789841,0.8147810218978102
14123,0,0,0.08415794929789841,0.8147810218978102
9326,0,1,0.08415794929789841,0.8147810218978102
95223,1,1,0.08415794929789841,0.8147810218978102
23014,0,1,0.08415794929789841,0.8147810218978102
37626,0,0,0.08415794929789841,0.8147810218978102
24861,0,0,0.08415794929789841,0.8147810218978102
26898,0,0,0.08415794929789841,0.8147810218978102
7056,0,0,0.08415794929789841,0.8147810218978102
78704,0,1,0.08415794929789841,0.8147810218978102
46423,0,1,0.08415794929789841,0.8147810218978102
90414,0,0,0.08415794929789841,0.8147810218978102
45941,0,0,0.08415794929789841,0.8147810218978102
7910,0,0,0.08415794929789841,0.8147810218978102
73718,0,1,0.08415794929789841,0.8147810218978102
17243,0,1,0.08415794929789841,0.8147810218978102
89931,0,1,0.08415794929789841,0.8147810218978102
86200,0,1,0.08415794929789841,0.8147810218978102
14259,0,1,0.08415794929789841,0.8147810218978102
55049,0,1,0.08415794929789841,0.8147810218978102
40533,0,0,0.08415794929789841,0.8147810218978102
47662,0,0,0.08415794929789841,0.8147810218978102
84626,0,1,0.08415794929789841,0.8147810218978102
17203,1,1,0.08415794929789841,0.8147810218978102
88903,0,1,0.08415794929789841,0.8147810218978102
2724,0,0,0.08415794929789841,0.8147810218978102
61264,0,1,0.08415794929789841,0.8147810218978102
61352,0,1,0.08415794929789841,0.8147810218978102
12962,0,1,0.08415794929789841,0.8147810218978102
38675,0,1,0.08415794929789841,0.8147810218978102
39991,0,1,0.08415794929789841,0.8147810218978102
41813,0,1,0.08415794929789841,0.8147810218978102
2757,0,1,0.08415794929789841,0.8147810218978102
17653,0,0,0.08415794929789841,0.8147810218978102
21287,0,0,0.08415794929789841,0.8147810218978102
89139,0,1,0.08415794929789841,0.8147810218978102
46352,0,1,0.08415794929789841,0.8147810218978102
91822,0,1,0.08415794929789841,0.8147810218978102
33665,0,0,0.08415794929789841,0.8147810218978102
87000,0,0,0.08415794929789841,0.8147810218978102
36453,0,1,0.08415794929789841,0.8147810218978102
55427,0,0,0.08415794929789841,0.8147810218978102
67807,0,0,0.08415794929789841,0.8147810218978102
2310,0,0,0.08415794929789841,0.8147810218978102
7250,0,1,0.08415794929789841,0.8147810218978102
6999,0,1,0.08415794929789841,0.8147810218978102
95219,0,0,0.08415794929789841,0.8147810218978102
73021,0,1,0.08415794929789841,0.8147810218978102
4456,0,1,0.08415794929789841,0.8147810218978102
6952,0,1,0.08415794929789841,0.8147810218978102
22205,0,0,0.08415794929789841,0.8147810218978102
83885,0,1,0.08415794929789841,0.8147810218978102
55834,0,0,0.08415794929789841,0.8147810218978102
31713,0,1,0.08415794929789841,0.8147810218978102
59483,0,0,0.08415794929789841,0.8147810218978102
11193,0,0,0.08415794929789841,0.8147810218978102
61547,1,0,0.08415794929789841,0.8147810218978102
1317,0,1,0.08415794929789841,0.8147810218978102
76152,0,0,0.08415794929789841,0.8147810218978102
63685,0,0,0.08415794929789841,0.8147810218978102
21821,0,0,0.08415794929789841,0.8147810218978102
80768,0,1,0.08415794929789841,0.8147810218978102
75032,0,1,0.08415794929789841,0.8147810218978102
96670,0,0,0.08415794929789841,0.8147810218978102
7142,0,1,0.08415794929789841,0.8147810218978102
73577,1,1,0.08415794929789841,0.8147810218978102
12012,0,0,0.08415794929789841,0.8147810218978102
74515,0,0,0.08415794929789841,0.8147810218978102
86122,1,1,0.08415794929789841,0.8147810218978102
78867,1,1,0.08415794929789841,0.8147810218978102
1891,0,1,0.08415794929789841,0.8147810218978102
6674,0,1,0.08415794929789841,0.8147810218978102
77144,0,1,0.08415794929789841,0.8147810218978102
65423,0,1,0.08415794929789841,0.8147810218978102
37569,0,1,0.08415794929789841,0.8147810218978102
47411,0,0,0.08415794929789841,0.8147810218978102
91058,0,1,0.08415794929789841,0.8147810218978102
68653,0,1,0.08415794929789841,0.8147810218978102
54978,0,1,0.08415794929789841,0.8147810218978102
83324,0,1,0.08415794929789841,0.8147810218978102
89092,0,0,0.08415794929789841,0.8147810218978102
48697,0,1,0.08415794929789841,0.8147810218978102
88749,0,1,0.08415794929789841,0.8147810218978102
75826,0,0,0.08415794929789841,0.8147810218978102
83608,0,0,0.08415794929789841,0.8147810218978102
98327,0,1,0.08415794929789841,0.8147810218978102
16363,0,0,0.08415794929789841,0.8147810218978102
61726,0,1,0.08415794929789841,0.8147810218978102
44988,0,0,0.08415794929789841,0.8147810218978102
21717,0,1,0.08415794929789841,0.8147810218978102
46121,0,1,0.08415794929789841,0.8147810218978102
54048,0,0,0.08415794929789841,0.8147810218978102
61988,0,1,0.08415794929789841,0.8147810218978102
17962,0,1,0.08415794929789841,0.8147810218978102
11027,0,1,0.08415794929789841,0.8147810218978102
604,0,0,0.08415794929789841,0.8147810218978102
49690,0,1,0.08415794929789841,0.8147810218978102
70960,0,1,0.08415794929789841,0.8147810218978102
27702,0,0,0.08415794929789841,0.8147810218978102
98057,0,1,0.08415794929789841,0.8147810218978102
95648,0,1,0.08415794929789841,0.8147810218978102
57872,0,0,0.08415794929789841,0.8147810218978102
25942,0,1,0.08415794929789841,0.8147810218978102
3104,0,1,0.08415794929789841,0.8147810218978102
71726,0,0,0.08415794929789841,0.8147810218978102
88646,0,1,0.08415794929789841,0.8147810218978102
75670,0,1,0.08415794929789841,0.8147810218978102
56386,0,0,0.08415794929789841,0.8147810218978102
41252,0,0,0.08415794929789841,0.8147810218978102
57801,0,0,0.08415794929789841,0.8147810218978102
7583,0,1,0.08415794929789841,0.8147810218978102
13736,0,0,0.08415794929789841,0.8147810218978102
75345,0,1,0.08415794929789841,0.8147810218978102
79077,0,1,0.08415794929789841,0.8147810218978102
40941,0,1,0.08415794929789841,0.8147810218978102
94210,0,1,0.08415794929789841,0.8147810218978102
12485,0,0,0.08415794929789841,0.8147810218978102
9572,0,1,0.08415794929789841,0.8147810218978102
9065,0,0,0.08415794929789841,0.8147810218978102
24418,0,0,0.08415794929789841,0.8147810218978102
40049,1,0,0.08415794929789841,0.8147810218978102
86838,0,1,0.08415794929789841,0.8147810218978102
23104,0,0,0.08415794929789841,0.8147810218978102
33772,0,0,0.08415794929789841,0.8147810218978102
31985,0,0,0.08415794929789841,0.8147810218978102
76792,0,0,0.08415794929789841,0.8147810218978102
26027,0,1,0.08415794929789841,0.8147810218978102
93447,0,1,0.08415794929789841,0.8147810218978102
76069,0,1,0.08415794929789841,0.8147810218978102
51181,0,1,0.08415794929789841,0.8147810218978102
57411,0,0,0.08415794929789841,0.8147810218978102
55113,0,1,0.08415794929789841,0.8147810218978102
5786,0,0,0.08415794929789841,0.8147810218978102
2060,0,0,0.08415794929789841,0.8147810218978102
15547,0,0,0.08415794929789841,0.8147810218978102
97710,0,0,0.08415794929789841,0.8147810218978102
55891,0,0,0.08415794929789841,0.8147810218978102
40486,0,0,0.08415794929789841,0.8147810218978102
71825,0,0,0.08415794929789841,0.8147810218978102
78741,0,1,0.08415794929789841,0.8147810218978102
19009,0,1,0.08415794929789841,0.8147810218978102
29309,0,0,0.08415794929789841,0.8147810218978102
76191,0,0,0.08415794929789841,0.8147810218978102
94702,0,0,0.08415794929789841,0.8147810218978102
79546,0,1,0.08415794929789841,0.8147810218978102
5398,0,0,0.08415794929789841,0.8147810218978102
57452,0,0,0.08415794929789841,0.8147810218978102
54499,0,1,0.08415794929789841,0.8147810218978102
81853,0,0,0.08415794929789841,0.8147810218978102
39255,0,1,0.08415794929789841,0.8147810218978102
28556,0,0,0.08415794929789841,0.8147810218978102
96487,0,0,0.08415794929789841,0.8147810218978102
81990,0,1,0.08415794929789841,0.8147810218978102
29842,0,1,0.08415794929789841,0.8147810218978102
22509,0,1,0.08415794929789841,0.8147810218978102
52493,0,1,0.08415794929789841,0.8147810218978102
70640,0,1,0.08415794929789841,0.8147810218978102
17532,0,0,0.08415794929789841,0.8147810218978102
58301,0,0,0.08415794929789841,0.8147810218978102
33926,0,1,0.08415794929789841,0.8147810218978102
76138,0,1,0.08415794929789841,0.8147810218978102
81609,0,0,0.08415794929789841,0.8147810218978102
7166,0,0,0.08415794929789841,0.8147810218978102
11847,0,1,0.08415794929789841,0.8147810218978102
20672,0,1,0.08415794929789841,0.8147810218978102
95302,0,1,0.08415794929789841,0.8147810218978102
45318,0,1,0.08415794929789841,0.8147810218978102
39649,0,1,0.08415794929789841,0.8147810218978102
5130,0,1,0.08415794929789841,0.8147810218978102
42987,0,0,0.08415794929789841,0.8147810218978102
83548,0,1,0.08415794929789841,0.8147810218978102
37195,0,0,0.08415794929789841,0.8147810218978102
24364,0,1,0.08415794929789841,0.8147810218978102
89803,0,0,0.08415794929789841,0.8147810218978102
99792,0,1,0.08415794929789841,0.8147810218978102
44852,0,0,0.08415794929789841,0.8147810218978102
7788,0,0,0.08415794929789841,0.8147810218978102
7241,0,1,0.08415794929789841,0.8147810218978102
41417,0,1,0.08415794929789841,0.8147810218978102
85888,0,0,0.08415794929789841,0.8147810218978102
83327,0,1,0.08415794929789841,0.8147810218978102
41705,0,0,0.08415794929789841,0.8147810218978102
42950,0,1,0.08415794929789841,0.8147810218978102
58905,0,0,0.08415794929789841,0.8147810218978102
15693,1,1,0.08415794929789841,0.8147810218978102
86461,0,0,0.08415794929789841,0.8147810218978102
96491,0,1,0.08415794929789841,0.8147810218978102
72271,0,1,0.08415794929789841,0.8147810218978102
68678,0,1,0.08415794929789841,0.8147810218978102
66172,0,1,0.08415794929789841,0.8147810218978102
65092,0,0,0.08415794929789841,0.8147810218978102
49288,0,1,0.08415794929789841,0.8147810218978102
2609,0,0,0.08415794929789841,0.8147810218978102
53510,0,1,0.08415794929789841,0.8147810218978102
37824,0,0,0.08415794929789841,0.8147810218978102
89872,0,1,0.08415794929789841,0.8147810218978102
48645,0,0,0.08415794929789841,0.8147810218978102
47063,0,0,0.08415794929789841,0.8147810218978102
8782,0,1,0.08415794929789841,0.8147810218978102
2546,0,0,0.08415794929789841,0.8147810218978102
98782,0,0,0.08415794929789841,0.8147810218978102
17282,0,1,0.08415794929789841,0.8147810218978102
69284,0,0,0.08415794929789841,0.8147810218978102
61496,0,0,0.08415794929789841,0.8147810218978102
80426,0,0,0.08415794929789841,0.8147810218978102
92648,0,1,0.08415794929789841,0.8147810218978102
605,0,0,0.08415794929789841,0.8147810218978102
51467,0,0,0.08415794929789841,0.8147810218978102
65160,0,1,0.08415794929789841,0.8147810218978102
45574,0,0,0.08415794929789841,0.8147810218978102
1408,0,1,0.08415794929789841,0.8147810218978102
64487,0,1,0.08415794929789841,0.8147810218978102
48946,0,0,0.08415794929789841,0.8147810218978102
7658,0,1,0.08415794929789841,0.8147810218978102
3864,1,1,0.08415794929789841,0.8147810218978102
67364,0,0,0.08415794929789841,0.8147810218978102
37488,0,1,0.08415794929789841,0.8147810218978102
38328,0,0,0.08415794929789841,0.8147810218978102
97031,0,0,0.08415794929789841,0.8147810218978102
23985,0,1,0.08415794929789841,0.8147810218978102
25628,0,0,0.08415794929789841,0.8147810218978102
65036,0,0,0.08415794929789841,0.8147810218978102
9051,0,1,0.08415794929789841,0.8147810218978102
79738,0,0,0.08415794929789841,0.8147810218978102
28369,0,0,0.08415794929789841,0.8147810218978102
78188,0,0,0.08415794929789841,0.8147810218978102
18714,0,0,0.08415794929789841,0.8147810218978102
51439,0,0,0.08415794929789841,0.8147810218978102
9359,0,1,0.08415794929789841,0.8147810218978102
96374,0,1,0.08415794929789841,0.8147810218978102
6374,1,0,0.08415794929789841,0.8147810218978102
62224,0,0,0.08415794929789841,0.8147810218978102
78221,0,0,0.08415794929789841,0.8147810218978102
86265,0,1,0.08415794929789841,0.8147810218978102
51725,0,1,0.08415794929789841,0.8147810218978102
93851,0,0,0.08415794929789841,0.8147810218978102
38092,0,1,0.08415794929789841,0.8147810218978102
90926,0,1,0.08415794929789841,0.8147810218978102
7119,0,1,0.08415794929789841,0.8147810218978102
58860,0,0,0.08415794929789841,0.8147810218978102
19194,0,1,0.08415794929789841,0.8147810218978102
89096,0,1,0.08415794929789841,0.8147810218978102
59297,0,1,0.08415794929789841,0.8147810218978102
84577,0,0,0.08415794929789841,0.8147810218978102
29863,0,0,0.08415794929789841,0.8147810218978102
53300,0,0,0.08415794929789841,0.8147810218978102
63131,0,1,0.08415794929789841,0.8147810218978102
37462,0,0,0.08415794929789841,0.8147810218978102
32177,1,1,0.08415794929789841,0.8147810218978102
261,0,1,0.08415794929789841,0.8147810218978102
62753,0,0,0.08415794929789841,0.8147810218978102
57445,0,1,0.08415794929789841,0.8147810218978102
49099,0,1,0.08415794929789841,0.8147810218978102
74507,0,1,0.08415794929789841,0.8147810218978102
28737,0,0,0.08415794929789841,0.8147810218978102
48770,0,0,0.08415794929789841,0.8147810218978102
87607,0,0,0.08415794929789841,0.8147810218978102
60038,0,0,0.08415794929789841,0.8147810218978102
77274,0,0,0.08415794929789841,0.8147810218978102
10581,0,1,0.08415794929789841,0.8147810218978102
90319,0,0,0.08415794929789841,0.8147810218978102
70071,0,0,0.08415794929789841,0.8147810218978102
67622,0,1,0.08415794929789841,0.8147810218978102
6657,0,0,0.08415794929789841,0.8147810218978102
67589,0,1,0.08415794929789841,0.8147810218978102
93718,0,1,0.08415794929789841,0.8147810218978102
78822,0,1,0.08415794929789841,0.8147810218978102
75804,0,1,0.08415794929789841,0.8147810218978102
22177,0,0,0.08415794929789841,0.8147810218978102
46105,0,1,0.08415794929789841,0.8147810218978102
38679,0,1,0.08415794929789841,0.8147810218978102
73216,0,1,0.08415794929789841,0.8147810218978102
2624,0,1,0.08415794929789841,0.8147810218978102
88973,0,1,0.08415794929789841,0.8147810218978102
72950,0,0,0.08415794929789841,0.8147810218978102
55087,1,1,0.08415794929789841,0.8147810218978102
33103,0,0,0.08415794929789841,0.8147810218978102
98461,0,1,0.08415794929789841,0.8147810218978102
82412,0,1,0.08415794929789841,0.8147810218978102
28679,0,1,0.08415794929789841,0.8147810218978102
40867,0,1,0.08415794929789841,0.8147810218978102
51684,0,1,0.08415794929789841,0.8147810218978102
76995,0,1,0.08415794929789841,0.8147810218978102
29269,1,1,0.08415794929789841,0.8147810218978102
40880,0,0,0.08415794929789841,0.8147810218978102
34286,0,1,0.08415794929789841,0.8147810218978102
30886,0,0,0.08415794929789841,0.8147810218978102
51826,0,0,0.08415794929789841,0.8147810218978102
15537,0,1,0.08415794929789841,0.8147810218978102
31545,0,1,0.08415794929789841,0.8147810218978102
34187,0,0,0.08415794929789841,0.8147810218978102
93159,0,0,0.08415794929789841,0.8147810218978102
33068,0,0,0.08415794929789841,0.8147810218978102
73386,0,1,0.08415794929789841,0.8147810218978102
59644,0,1,0.08415794929789841,0.8147810218978102
70249,0,1,0.08415794929789841,0.8147810218978102
35215,0,1,0.08415794929789841,0.8147810218978102
87805,0,1,0.08415794929789841,0.8147810218978102
93128,0,1,0.08415794929789841,0.8147810218978102
73641,0,0,0.08415794929789841,0.8147810218978102
10647,0,0,0.08415794929789841,0.8147810218978102
53571,0,0,0.08415794929789841,0.8147810218978102
15827,1,1,0.08415794929789841,0.8147810218978102
20343,0,1,0.08415794929789841,0.8147810218978102
31562,0,1,0.08415794929789841,0.8147810218978102
89661,0,0,0.08415794929789841,0.8147810218978102
34763,0,1,0.08415794929789841,0.8147810218978102
69441,0,1,0.08415794929789841,0.8147810218978102
76802,1,1,0.08415794929789841,0.8147810218978102
34688,0,1,0.08415794929789841,0.8147810218978102
91738,0,1,0.08415794929789841,0.8147810218978102
69690,0,0,0.08415794929789841,0.8147810218978102
32943,1,1,0.08415794929789841,0.8147810218978102
13946,1,1,0.08415794929789841,0.8147810218978102
37822,0,1,0.08415794929789841,0.8147810218978102
86673,0,0,0.08415794929789841,0.8147810218978102
54692,0,0,0.08415794929789841,0.8147810218978102
15611,0,0,0.08415794929789841,0.8147810218978102
33589,0,0,0.08415794929789841,0.8147810218978102
81787,0,1,0.08415794929789841,0.8147810218978102
26937,0,1,0.08415794929789841,0.8147810218978102
79659,0,0,0.08415794929789841,0.8147810218978102
32031,0,1,0.08415794929789841,0.8147810218978102
34878,0,0,0.08415794929789841,0.8147810218978102
2100,0,0,0.08415794929789841,0.8147810218978102
17949,0,1,0.08415794929789841,0.8147810218978102
72190,0,0,0.08415794929789841,0.8147810218978102
50263,1,1,0.08415794929789841,0.8147810218978102
95575,0,0,0.08415794929789841,0.8147810218978102
45683,0,0,0.08415794929789841,0.8147810218978102
56371,0,0,0.08415794929789841,0.8147810218978102
67991,1,1,0.08415794929789841,0.8147810218978102
38776,0,0,0.08415794929789841,0.8147810218978102
5886,0,1,0.08415794929789841,0.8147810218978102
68545,0,0,0.08415794929789841,0.8147810218978102
60992,0,1,0.08415794929789841,0.8147810218978102
98635,0,1,0.08415794929789841,0.8147810218978102
361,0,1,0.08415794929789841,0.8147810218978102
10457,0,1,0.08415794929789841,0.8147810218978102
87092,0,0,0.08415794929789841,0.8147810218978102
30465,0,1,0.08415794929789841,0.8147810218978102
59870,0,1,0.08415794929789841,0.8147810218978102
33399,0,0,0.08415794929789841,0.8147810218978102
88457,0,1,0.08415794929789841,0.8147810218978102
60101,1,1,0.08415794929789841,0.8147810218978102
39195,0,0,0.08415794929789841,0.8147810218978102
21568,0,1,0.08415794929789841,0.8147810218978102
62127,0,1,0.08415794929789841,0.8147810218978102
89570,0,1,0.08415794929789841,0.8147810218978102
64251,0,1,0.08415794929789841,0.8147810218978102
26859,1,1,0.08415794929789841,0.8147810218978102
90330,0,0,0.08415794929789841,0.8147810218978102
45403,0,1,0.08415794929789841,0.8147810218978102
47976,0,0,0.08415794929789841,0.8147810218978102
84244,0,1,0.08415794929789841,0.8147810218978102
8671,0,0,0.08415794929789841,0.8147810218978102
95959,0,0,0.08415794929789841,0.8147810218978102
89770,0,1,0.08415794929789841,0.8147810218978102
21154,0,0,0.08415794929789841,0.8147810218978102
92125,0,0,0.08415794929789841,0.8147810218978102
37271,0,1,0.08415794929789841,0.8147810218978102
97225,0,1,0.08415794929789841,0.8147810218978102
71320,0,1,0.08415794929789841,0.8147810218978102
53191,0,1,0.08415794929789841,0.8147810218978102
39556,0,0,0.08415794929789841,0.8147810218978102
63323,0,1,0.08415794929789841,0.8147810218978102
89387,0,1,0.08415794929789841,0.8147810218978102
60265,0,0,0.08415794929789841,0.8147810218978102
12793,0,1,0.08415794929789841,0.8147810218978102
87728,0,0,0.08415794929789841,0.8147810218978102
44165,0,1,0.08415794929789841,0.8147810218978102
73249,0,1,0.08415794929789841,0.8147810218978102
97851,0,1,0.08415794929789841,0.8147810218978102
56446,1,1,0.08415794929789841,0.8147810218978102
95366,0,0,0.08415794929789841,0.8147810218978102
24527,0,1,0.08415794929789841,0.8147810218978102
93872,0,1,0.08415794929789841,0.8147810218978102
56436,0,1,0.08415794929789841,0.8147810218978102
30036,0,0,0.08415794929789841,0.8147810218978102
20894,1,0,0.08415794929789841,0.8147810218978102
10547,0,0,0.08415794929789841,0.8147810218978102
98547,0,1,0.08415794929789841,0.8147810218978102
30805,1,1,0.08415794929789841,0.8147810218978102
63347,0,1,0.08415794929789841,0.8147810218978102
55339,0,0,0.08415794929789841,0.8147810218978102
25554,0,1,0.08415794929789841,0.8147810218978102
93834,0,0,0.08415794929789841,0.8147810218978102
14936,0,1,0.08415794929789841,0.8147810218978102
2531,0,0,0.08415794929789841,0.8147810218978102
94040,0,0,0.08415794929789841,0.8147810218978102
35405,0,0,0.08415794929789841,0.8147810218978102
80841,0,0,0.08415794929789841,0.8147810218978102
70596,0,0,0.08415794929789841,0.8147810218978102
39126,0,0,0.08415794929789841,0.8147810218978102
37272,0,1,0.08415794929789841,0.8147810218978102
93691,0,0,0.08415794929789841,0.8147810218978102
37382,0,0,0.08415794929789841,0.8147810218978102
65336,0,1,0.08415794929789841,0.8147810218978102
34368,0,0,0.08415794929789841,0.8147810218978102
83960,0,1,0.08415794929789841,0.8147810218978102
22686,0,0,0.08415794929789841,0.8147810218978102
18008,0,1,0.08415794929789841,0.8147810218978102
43245,0,1,0.08415794929789841,0.8147810218978102
65112,0,0,0.08415794929789841,0.8147810218978102
68016,0,0,0.08415794929789841,0.8147810218978102
47268,0,1,0.08415794929789841,0.8147810218978102
29163,0,0,0.08415794929789841,0.8147810218978102
82751,0,1,0.08415794929789841,0.8147810218978102
88626,0,1,0.08415794929789841,0.8147810218978102
93835,0,0,0.08415794929789841,0.8147810218978102
29333,0,0,0.08415794929789841,0.8147810218978102
72307,0,0,0.08415794929789841,0.8147810218978102
52949,0,0,0.08415794929789841,0.8147810218978102
57052,0,1,0.08415794929789841,0.8147810218978102
17737,0,1,0.08415794929789841,0.8147810218978102
37615,1,1,0.08415794929789841,0.8147810218978102
61117,0,0,0.08415794929789841,0.8147810218978102
42965,0,1,0.08415794929789841,0.8147810218978102
10905,0,1,0.08415794929789841,0.8147810218978102
29079,0,0,0.08415794929789841,0.8147810218978102
58460,0,1,0.08415794929789841,0.8147810218978102
71611,0,0,0.08415794929789841,0.8147810218978102
16898,0,1,0.08415794929789841,0.8147810218978102
5775,0,1,0.08415794929789841,0.8147810218978102
36602,0,0,0.08415794929789841,0.8147810218978102
73888,0,1,0.08415794929789841,0.8147810218978102
20577,0,0,0.08415794929789841,0.8147810218978102
29197,0,0,0.08415794929789841,0.8147810218978102
45282,0,0,0.08415794929789841,0.8147810218978102
90082,0,0,0.08415794929789841,0.8147810218978102
98238,1,1,0.08415794929789841,0.8147810218978102
48505,0,0,0.08415794929789841,0.8147810218978102
28915,0,0,0.08415794929789841,0.8147810218978102
98704,0,0,0.08415794929789841,0.8147810218978102
22128,0,1,0.08415794929789841,0.8147810218978102
69491,0,1,0.08415794929789841,0.8147810218978102
30238,0,0,0.08415794929789841,0.8147810218978102
82355,0,1,0.08415794929789841,0.8147810218978102
56368,0,1,0.08415794929789841,0.8147810218978102
34631,0,1,0.08415794929789841,0.8147810218978102
78606,0,0,0.08415794929789841,0.8147810218978102
21180,0,1,0.08415794929789841,0.8147810218978102
97714,0,0,0.08415794929789841,0.8147810218978102
94827,0,0,0.08415794929789841,0.8147810218978102
32919,0,0,0.08415794929789841,0.8147810218978102
58635,0,0,0.08415794929789841,0.8147810218978102
33945,0,1,0.08415794929789841,0.8147810218978102
17911,0,1,0.08415794929789841,0.8147810218978102
86670,0,0,0.08415794929789841,0.8147810218978102
61990,0,1,0.08415794929789841,0.8147810218978102
25092,0,0,0.08415794929789841,0.8147810218978102
33489,0,0,0.08415794929789841,0.8147810218978102
72167,0,1,0.08415794929789841,0.8147810218978102
15968,0,1,0.08415794929789841,0.8147810218978102
32324,0,1,0.08415794929789841,0.8147810218978102
97251,0,1,0.08415794929789841,0.8147810218978102
89921,0,1,0.08415794929789841,0.8147810218978102
38629,0,0,0.08415794929789841,0.8147810218978102
64132,0,1,0.08415794929789841,0.8147810218978102
27319,0,0,0.08415794929789841,0.8147810218978102
80979,0,1,0.08415794929789841,0.8147810218978102
12346,0,1,0.08415794929789841,0.8147810218978102
52057,0,1,0.08415794929789841,0.8147810218978102
90971,0,0,0.08415794929789841,0.8147810218978102
52794,0,1,0.08415794929789841,0.8147810218978102
99730,1,1,0.08415794929789841,0.8147810218978102
72401,0,1,0.08415794929789841,0.8147810218978102
25446,0,1,0.08415794929789841,0.8147810218978102
74368,0,1,0.08415794929789841,0.8147810218978102
56751,0,1,0.08415794929789841,0.8147810218978102
48245,0,0,0.08415794929789841,0.8147810218978102
56412,0,0,0.08415794929789841,0.8147810218978102
6413,0,1,0.08415794929789841,0.8147810218978102
39634,0,1,0.08415794929789841,0.8147810218978102
19507,0,1,0.08415794929789841,0.8147810218978102
61436,0,0,0.08415794929789841,0.8147810218978102
33940,0,0,0.08415794929789841,0.8147810218978102
9538,0,1,0.08415794929789841,0.8147810218978102
4838,0,1,0.08415794929789841,0.8147810218978102
61355,1,1,0.08415794929789841,0.8147810218978102
69974,0,0,0.08415794929789841,0.8147810218978102
50459,0,1,0.08415794929789841,0.8147810218978102
84509,0,0,0.08415794929789841,0.8147810218978102
11985,0,1,0.08415794929789841,0.8147810218978102
46215,0,0,0.08415794929789841,0.8147810218978102
48866,0,0,0.08415794929789841,0.8147810218978102
63919,0,1,0.08415794929789841,0.8147810218978102
64907,0,0,0.08415794929789841,0.8147810218978102
36153,0,1,0.08415794929789841,0.8147810218978102
5618,0,0,0.08415794929789841,0.8147810218978102
50940,0,0,0.08415794929789841,0.8147810218978102
13062,0,1,0.08415794929789841,0.8147810218978102
60619,0,1,0.08415794929789841,0.8147810218978102
28317,0,1,0.08415794929789841,0.8147810218978102
20432,0,0,0.08415794929789841,0.8147810218978102
50376,0,1,0.08415794929789841,0.8147810218978102
14179,1,1,0.08415794929789841,0.8147810218978102
1860,0,0,0.08415794929789841,0.8147810218978102
53146,0,1,0.08415794929789841,0.8147810218978102
93623,0,0,0.08415794929789841,0.8147810218978102
40875,0,0,0.08415794929789841,0.8147810218978102
3384,0,1,0.08415794929789841,0.8147810218978102
2477,0,0,0.08415794929789841,0.8147810218978102
94870,0,1,0.08415794929789841,0.8147810218978102
60509,0,0,0.08415794929789841,0.8147810218978102
37743,0,0,0.08415794929789841,0.8147810218978102
82473,0,0,0.08415794929789841,0.8147810218978102
53929,0,1,0.08415794929789841,0.8147810218978102
85656,0,0,0.08415794929789841,0.8147810218978102
97530,1,1,0.08415794929789841,0.8147810218978102
46895,0,1,0.08415794929789841,0.8147810218978102
61957,0,0,0.08415794929789841,0.8147810218978102
29376,0,1,0.08415794929789841,0.8147810218978102
68852,0,1,0.08415794929789841,0.8147810218978102
74396,0,1,0.08415794929789841,0.8147810218978102
45422,0,1,0.08415794929789841,0.8147810218978102
82223,0,1,0.08415794929789841,0.8147810218978102
62713,0,1,0.08415794929789841,0.8147810218978102
5418,0,1,0.08415794929789841,0.8147810218978102
18523,0,0,0.08415794929789841,0.8147810218978102
13172,0,0,0.08415794929789841,0.8147810218978102
39826,0,0,0.08415794929789841,0.8147810218978102
62742,0,1,0.08415794929789841,0.8147810218978102
86111,0,1,0.08415794929789841,0.8147810218978102
87804,0,1,0.08415794929789841,0.8147810218978102
16693,0,1,0.08415794929789841,0.8147810218978102
99551,0,1,0.08415794929789841,0.8147810218978102
47128,0,1,0.08415794929789841,0.8147810218978102
73140,1,1,0.08415794929789841,0.8147810218978102
92817,0,1,0.08415794929789841,0.8147810218978102
93442,0,0,0.08415794929789841,0.8147810218978102
45079,0,0,0.08415794929789841,0.8147810218978102
92486,0,1,0.08415794929789841,0.8147810218978102
4224,0,0,0.08415794929789841,0.8147810218978102
60305,0,0,0.08415794929789841,0.8147810218978102
93203,0,1,0.08415794929789841,0.8147810218978102
7829,0,1,0.08415794929789841,0.8147810218978102
48605,0,1,0.08415794929789841,0.8147810218978102
4329,0,1,0.08415794929789841,0.8147810218978102
30042,0,1,0.08415794929789841,0.8147810218978102
79758,0,0,0.08415794929789841,0.8147810218978102
58871,0,1,0.08415794929789841,0.8147810218978102
38215,0,0,0.08415794929789841,0.8147810218978102
20712,0,1,0.08415794929789841,0.8147810218978102
64928,0,1,0.08415794929789841,0.8147810218978102
85653,0,1,0.08415794929789841,0.8147810218978102
5703,0,0,0.08415794929789841,0.8147810218978102
33691,0,0,0.08415794929789841,0.8147810218978102
90605,0,0,0.08415794929789841,0.8147810218978102
27982,0,0,0.08415794929789841,0.8147810218978102
64977,1,1,0.08415794929789841,0.8147810218978102
73086,0,0,0.08415794929789841,0.8147810218978102
81115,0,0,0.08415794929789841,0.8147810218978102
97234,0,0,0.08415794929789841,0.8147810218978102
17514,0,1,0.08415794929789841,0.8147810218978102
21297,0,0,0.08415794929789841,0.8147810218978102
88533,0,0,0.08415794929789841,0.8147810218978102
8565,0,0,0.08415794929789841,0.8147810218978102
51109,0,0,0.08415794929789841,0.8147810218978102
25734,0,1,0.08415794929789841,0.8147810218978102
53926,0,1,0.08415794929789841,0.8147810218978102
85529,0,1,0.08415794929789841,0.8147810218978102
40020,0,1,0.08415794929789841,0.8147810218978102
98582,0,0,0.08415794929789841,0.8147810218978102
50441,0,1,0.08415794929789841,0.8147810218978102
17938,0,1,0.08415794929789841,0.8147810218978102
86858,1,1,0.08415794929789841,0.8147810218978102
95718,0,0,0.08415794929789841,0.8147810218978102
25157,0,1,0.08415794929789841,0.8147810218978102
59715,0,1,0.08415794929789841,0.8147810218978102
79940,0,0,0.08415794929789841,0.8147810218978102
9707,0,0,0.08415794929789841,0.8147810218978102
45514,0,1,0.08415794929789841,0.8147810218978102
82289,0,1,0.08415794929789841,0.8147810218978102
48740,0,1,0.08415794929789841,0.8147810218978102
87130,0,0,0.08415794929789841,0.8147810218978102
21649,0,1,0.08415794929789841,0.8147810218978102
84755,0,1,0.08415794929789841,0.8147810218978102
2138,0,0,0.08415794929789841,0.8147810218978102
13597,0,1,0.08415794929789841,0.8147810218978102
99446,0,0,0.08415794929789841,0.8147810218978102
51719,0,0,0.08415794929789841,0.8147810218978102
49658,0,0,0.08415794929789841,0.8147810218978102
9007,0,0,0.08415794929789841,0.8147810218978102
5925,0,1,0.08415794929789841,0.8147810218978102
78025,0,0,0.08415794929789841,0.8147810218978102
93310,0,0,0.08415794929789841,0.8147810218978102
33730,0,0,0.08415794929789841,0.8147810218978102
96000,0,0,0.08415794929789841,0.8147810218978102
16079,0,1,0.08415794929789841,0.8147810218978102
27103,0,1,0.08415794929789841,0.8147810218978102
58066,0,0,0.08415794929789841,0.8147810218978102
33707,0,0,0.08415794929789841,0.8147810218978102
59820,0,0,0.08415794929789841,0.8147810218978102
14060,0,0,0.08415794929789841,0.8147810218978102
59442,0,0,0.08415794929789841,0.8147810218978102
86142,0,1,0.08415794929789841,0.8147810218978102
81917,1,1,0.08415794929789841,0.8147810218978102
58193,0,0,0.08415794929789841,0.8147810218978102
33946,0,1,0.08415794929789841,0.8147810218978102
56072,0,1,0.08415794929789841,0.8147810218978102
56026,0,0,0.08415794929789841,0.8147810218978102
9174,0,0,0.08415794929789841,0.8147810218978102
34550,0,1,0.08415794929789841,0.8147810218978102
85602,0,1,0.08415794929789841,0.8147810218978102
4395,0,0,0.08415794929789841,0.8147810218978102
51162,0,1,0.08415794929789841,0.8147810218978102
37370,0,1,0.08415794929789841,0.8147810218978102
32270,0,1,0.08415794929789841,0.8147810218978102
66283,0,1,0.08415794929789841,0.8147810218978102
32807,0,1,0.08415794929789841,0.8147810218978102
20640,0,0,0.08415794929789841,0.8147810218978102
59107,0,1,0.08415794929789841,0.8147810218978102
38492,0,1,0.08415794929789841,0.8147810218978102
43499,0,0,0.08415794929789841,0.8147810218978102
44963,0,0,0.08415794929789841,0.8147810218978102
10399,0,0,0.08415794929789841,0.8147810218978102
9271,0,1,0.08415794929789841,0.8147810218978102
54201,0,1,0.08415794929789841,0.8147810218978102
74464,0,1,0.08415794929789841,0.8147810218978102
30008,0,1,0.08415794929789841,0.8147810218978102
89152,0,1,0.08415794929789841,0.8147810218978102
77287,0,0,0.08415794929789841,0.8147810218978102
83361,0,0,0.08415794929789841,0.8147810218978102
29396,0,1,0.08415794929789841,0.8147810218978102
1041,0,0,0.08415794929789841,0.8147810218978102
18741,0,0,0.08415794929789841,0.8147810218978102
93561,0,0,0.08415794929789841,0.8147810218978102
16533,0,1,0.08415794929789841,0.8147810218978102
74574,0,1,0.08415794929789841,0.8147810218978102
72518,0,0,0.08415794929789841,0.8147810218978102
99313,0,1,0.08415794929789841,0.8147810218978102
36685,0,1,0.08415794929789841,0.8147810218978102
90755,0,1,0.08415794929789841,0.8147810218978102
28800,0,0,0.08415794929789841,0.8147810218978102
79652,0,0,0.08415794929789841,0.8147810218978102
90382,0,0,0.08415794929789841,0.8147810218978102
22118,0,1,0.08415794929789841,0.8147810218978102
96916,0,0,0.08415794929789841,0.8147810218978102
38779,0,1,0.08415794929789841,0.8147810218978102
17861,0,0,0.08415794929789841,0.8147810218978102
20088,0,0,0.08415794929789841,0.8147810218978102
6547,0,0,0.08415794929789841,0.8147810218978102
54788,0,1,0.08415794929789841,0.8147810218978102
37363,0,0,0.08415794929789841,0.8147810218978102
17227,0,0,0.08415794929789841,0.8147810218978102
18116,0,0,0.08415794929789841,0.8147810218978102
31731,0,0,0.08415794929789841,0.8147810218978102
58459,0,0,0.08415794929789841,0.8147810218978102
9159,0,0,0.08415794929789841,0.8147810218978102
15972,0,1,0.08415794929789841,0.8147810218978102
39807,0,0,0.08415794929789841,0.8147810218978102
12565,0,0,0.08415794929789841,0.8147810218978102
90140,0,0,0.08415794929789841,0.8147810218978102
66755,0,1,0.08415794929789841,0.8147810218978102
64007,0,0,0.08415794929789841,0.8147810218978102
74547,0,1,0.08415794929789841,0.8147810218978102
24632,0,1,0.08415794929789841,0.8147810218978102
42135,0,0,0.08415794929789841,0.8147810218978102
40164,0,1,0.08415794929789841,0.8147810218978102
41305,0,0,0.08415794929789841,0.8147810218978102
53113,0,1,0.08415794929789841,0.8147810218978102
90441,0,1,0.08415794929789841,0.8147810218978102
16094,0,1,0.08415794929789841,0.8147810218978102
25435,0,0,0.08415794929789841,0.8147810218978102
53842,0,0,0.08415794929789841,0.8147810218978102
7053,0,1,0.08415794929789841,0.8147810218978102
80231,0,1,0.08415794929789841,0.8147810218978102
37947,0,1,0.08415794929789841,0.8147810218978102
27310,0,1,0.08415794929789841,0.8147810218978102
64832,0,1,0.08415794929789841,0.8147810218978102
65078,0,0,0.08415794929789841,0.8147810218978102
59337,0,1,0.08415794929789841,0.8147810218978102
66533,0,0,0.08415794929789841,0.8147810218978102
77035,0,0,0.08415794929789841,0.8147810218978102
43886,0,0,0.08415794929789841,0.8147810218978102
75441,0,0,0.08415794929789841,0.8147810218978102
94614,0,1,0.08415794929789841,0.8147810218978102
72258,0,1,0.08415794929789841,0.8147810218978102
84404,0,1,0.08415794929789841,0.8147810218978102
74280,0,1,0.08415794929789841,0.8147810218978102
89077,0,1,0.08415794929789841,0.8147810218978102
14160,0,1,0.08415794929789841,0.8147810218978102
10720,0,0,0.08415794929789841,0.8147810218978102
41483,0,0,0.08415794929789841,0.8147810218978102
3251,0,1,0.08415794929789841,0.8147810218978102
66970,0,1,0.08415794929789841,0.8147810218978102
4863,0,1,0.08415794929789841,0.8147810218978102
53723,0,0,0.08415794929789841,0.8147810218978102
51662,0,0,0.08415794929789841,0.8147810218978102
4533,0,0,0.08415794929789841,0.8147810218978102
41073,0,1,0.08415794929789841,0.8147810218978102
29827,0,0,0.08415794929789841,0.8147810218978102
62021,0,0,0.08415794929789841,0.8147810218978102
24942,0,0,0.08415794929789841,0.8147810218978102
26830,0,0,0.08415794929789841,0.8147810218978102
23738,0,0,0.08415794929789841,0.8147810218978102
48937,0,0,0.08415794929789841,0.8147810218978102
90399,0,0,0.08415794929789841,0.8147810218978102
18285,0,0,0.08415794929789841,0.8147810218978102
19138,1,1,0.08415794929789841,0.8147810218978102
18697,0,0,0.08415794929789841,0.8147810218978102
8335,0,0,0.08415794929789841,0.8147810218978102
85905,0,1,0.08415794929789841,0.8147810218978102
24128,0,1,0.08415794929789841,0.8147810218978102
10396,0,1,0.08415794929789841,0.8147810218978102
50191,0,1,0.08415794929789841,0.8147810218978102
26967,0,0,0.08415794929789841,0.8147810218978102
98750,0,0,0.08415794929789841,0.8147810218978102
94581,0,0,0.08415794929789841,0.8147810218978102
26946,1,1,0.08415794929789841,0.8147810218978102
28902,0,1,0.08415794929789841,0.8147810218978102
8370,0,1,0.08415794929789841,0.8147810218978102
50707,0,1,0.08415794929789841,0.8147810218978102
939,0,1,0.08415794929789841,0.8147810218978102
84599,0,1,0.08415794929789841,0.8147810218978102
35625,0,1,0.08415794929789841,0.8147810218978102
45245,0,0,0.08415794929789841,0.8147810218978102
89402,0,0,0.08415794929789841,0.8147810218978102
6534,0,0,0.08415794929789841,0.8147810218978102
63360,0,1,0.08415794929789841,0.8147810218978102
27905,0,1,0.08415794929789841,0.8147810218978102
37851,0,0,0.08415794929789841,0.8147810218978102
50381,0,0,0.08415794929789841,0.8147810218978102
66466,0,1,0.08415794929789841,0.8147810218978102
38783,1,0,0.08415794929789841,0.8147810218978102
61120,0,1,0.08415794929789841,0.8147810218978102
71490,1,0,0.08415794929789841,0.8147810218978102
6419,0,0,0.08415794929789841,0.8147810218978102
15829,0,1,0.08415794929789841,0.8147810218978102
79476,0,0,0.08415794929789841,0.8147810218978102
61967,0,1,0.08415794929789841,0.8147810218978102
4691,0,0,0.08415794929789841,0.8147810218978102
12470,1,1,0.08415794929789841,0.8147810218978102
61108,0,1,0.08415794929789841,0.8147810218978102
37975,0,0,0.08415794929789841,0.8147810218978102
96694,0,0,0.08415794929789841,0.8147810218978102
71067,0,0,0.08415794929789841,0.8147810218978102
94822,0,0,0.08415794929789841,0.8147810218978102
89072,0,1,0.08415794929789841,0.8147810218978102
15135,0,1,0.08415794929789841,0.8147810218978102
32827,0,0,0.08415794929789841,0.8147810218978102
59618,0,0,0.08415794929789841,0.8147810218978102
52421,0,0,0.08415794929789841,0.8147810218978102
141,0,0,0.08415794929789841,0.8147810218978102
11878,0,1,0.08415794929789841,0.8147810218978102
23655,0,1,0.08415794929789841,0.8147810218978102
43626,0,1,0.08415794929789841,0.8147810218978102
58054,0,1,0.08415794929789841,0.8147810218978102
42902,0,0,0.08415794929789841,0.8147810218978102
748,0,0,0.08415794929789841,0.8147810218978102
43403,0,0,0.08415794929789841,0.8147810218978102
53,0,0,0.08415794929789841,0.8147810218978102
29614,0,1,0.08415794929789841,0.8147810218978102
75093,0,0,0.08415794929789841,0.8147810218978102
24027,0,0,0.08415794929789841,0.8147810218978102
23475,0,0,0.08415794929789841,0.8147810218978102
58466,0,0,0.08415794929789841,0.8147810218978102
64757,0,0,0.08415794929789841,0.8147810218978102
96100,0,1,0.08415794929789841,0.8147810218978102
65535,0,1,0.08415794929789841,0.8147810218978102
71629,0,0,0.08415794929789841,0.8147810218978102
44859,0,1,0.08415794929789841,0.8147810218978102
29852,0,0,0.08415794929789841,0.8147810218978102
5579,0,0,0.08415794929789841,0.8147810218978102
36619,0,1,0.08415794929789841,0.8147810218978102
71253,0,0,0.08415794929789841,0.8147810218978102
57372,0,0,0.08415794929789841,0.8147810218978102
21376,1,1,0.08415794929789841,0.8147810218978102
1732,0,1,0.08415794929789841,0.8147810218978102
13100,0,1,0.08415794929789841,0.8147810218978102
39709,0,0,0.08415794929789841,0.8147810218978102
92539,0,1,0.08415794929789841,0.8147810218978102
17278,0,0,0.08415794929789841,0.8147810218978102
99599,0,1,0.08415794929789841,0.8147810218978102
35973,0,0,0.08415794929789841,0.8147810218978102
59634,0,0,0.08415794929789841,0.8147810218978102
16306,0,0,0.08415794929789841,0.8147810218978102
4142,0,0,0.08415794929789841,0.8147810218978102
16514,0,1,0.08415794929789841,0.8147810218978102
37360,0,0,0.08415794929789841,0.8147810218978102
80036,0,0,0.08415794929789841,0.8147810218978102
67492,0,1,0.08415794929789841,0.8147810218978102
78432,0,1,0.08415794929789841,0.8147810218978102
6331,0,0,0.08415794929789841,0.8147810218978102
86746,0,0,0.08415794929789841,0.8147810218978102
66693,0,0,0.08415794929789841,0.8147810218978102
90603,0,1,0.08415794929789841,0.8147810218978102
11047,0,1,0.08415794929789841,0.8147810218978102
20680,0,1,0.08415794929789841,0.8147810218978102
58282,0,1,0.08415794929789841,0.8147810218978102
44621,0,1,0.08415794929789841,0.8147810218978102
65098,0,1,0.08415794929789841,0.8147810218978102
78965,0,1,0.08415794929789841,0.8147810218978102
30564,0,0,0.08415794929789841,0.8147810218978102
87829,0,1,0.08415794929789841,0.8147810218978102
53798,0,1,0.08415794929789841,0.8147810218978102
37040,0,0,0.08415794929789841,0.8147810218978102
14101,0,1,0.08415794929789841,0.8147810218978102
68420,0,0,0.08415794929789841,0.8147810218978102
33156,0,0,0.08415794929789841,0.8147810218978102
81721,0,1,0.08415794929789841,0.8147810218978102
40335,0,0,0.08415794929789841,0.8147810218978102
67382,0,1,0.08415794929789841,0.8147810218978102
77206,0,1,0.08415794929789841,0.8147810218978102
51201,0,1,0.08415794929789841,0.8147810218978102
84515,0,1,0.08415794929789841,0.8147810218978102
8792,0,0,0.08415794929789841,0.8147810218978102
71117,0,1,0.08415794929789841,0.8147810218978102
73107,0,1,0.08415794929789841,0.8147810218978102
58875,0,1,0.08415794929789841,0.8147810218978102
98869,0,1,0.08415794929789841,0.8147810218978102
59560,0,1,0.08415794929789841,0.8147810218978102
76836,0,0,0.08415794929789841,0.8147810218978102
49698,0,1,0.08415794929789841,0.8147810218978102
80060,0,0,0.08415794929789841,0.8147810218978102
9013,0,0,0.08415794929789841,0.8147810218978102
34762,0,1,0.08415794929789841,0.8147810218978102
52365,0,0,0.08415794929789841,0.8147810218978102
26088,0,1,0.08415794929789841,0.8147810218978102
16826,0,0,0.08415794929789841,0.8147810218978102
22896,0,1,0.08415794929789841,0.8147810218978102
2106,0,1,0.08415794929789841,0.8147810218978102
96515,0,1,0.08415794929789841,0.8147810218978102
25887,0,1,0.08415794929789841,0.8147810218978102
96789,0,0,0.08415794929789841,0.8147810218978102
10870,0,0,0.08415794929789841,0.8147810218978102
41124,0,0,0.08415794929789841,0.8147810218978102
78623,0,0,0.08415794929789841,0.8147810218978102
93099,0,0,0.08415794929789841,0.8147810218978102
43131,0,1,0.08415794929789841,0.8147810218978102
6961,0,0,0.08415794929789841,0.8147810218978102
63528,0,0,0.08415794929789841,0.8147810218978102
51690,0,0,0.08415794929789841,0.8147810218978102
42672,0,1,0.08415794929789841,0.8147810218978102
85859,0,0,0.08415794929789841,0.8147810218978102
18642,0,1,0.08415794929789841,0.8147810218978102
55342,0,0,0.08415794929789841,0.8147810218978102
73555,0,1,0.08415794929789841,0.8147810218978102
61512,0,1,0.08415794929789841,0.8147810218978102
95235,0,0,0.08415794929789841,0.8147810218978102
88429,0,0,0.08415794929789841,0.8147810218978102
14117,0,1,0.08415794929789841,0.8147810218978102
59156,0,0,0.08415794929789841,0.8147810218978102
18588,0,0,0.08415794929789841,0.8147810218978102
76401,0,0,0.08415794929789841,0.8147810218978102
4826,0,1,0.08415794929789841,0.8147810218978102
56318,0,0,0.08415794929789841,0.8147810218978102
92610,1,1,0.08415794929789841,0.8147810218978102
67242,0,1,0.08415794929789841,0.8147810218978102
13624,0,0,0.08415794929789841,0.8147810218978102
3764,0,0,0.08415794929789841,0.8147810218978102
47003,0,0,0.08415794929789841,0.8147810218978102
31531,0,1,0.08415794929789841,0.8147810218978102
72668,0,1,0.08415794929789841,0.8147810218978102
66064,0,1,0.08415794929789841,0.8147810218978102
36291,0,0,0.08415794929789841,0.8147810218978102
25450,0,0,0.08415794929789841,0.8147810218978102
55149,0,1,0.08415794929789841,0.8147810218978102
86909,0,0,0.08415794929789841,0.8147810218978102
6639,1,1,0.08415794929789841,0.8147810218978102
6208,0,1,0.08415794929789841,0.8147810218978102
92017,0,1,0.08415794929789841,0.8147810218978102
51213,0,1,0.08415794929789841,0.8147810218978102
2621,0,0,0.08415794929789841,0.8147810218978102
94334,0,0,0.08415794929789841,0.8147810218978102
6743,0,0,0.08415794929789841,0.8147810218978102
29913,0,1,0.08415794929789841,0.8147810218978102
22575,0,1,0.08415794929789841,0.8147810218978102
76571,0,1,0.08415794929789841,0.8147810218978102
36314,0,1,0.08415794929789841,0.8147810218978102
12063,0,0,0.08415794929789841,0.8147810218978102
95158,0,1,0.08415794929789841,0.8147810218978102
7274,0,1,0.08415794929789841,0.8147810218978102
10518,0,0,0.08415794929789841,0.8147810218978102
94800,0,0,0.08415794929789841,0.8147810218978102
93705,0,1,0.08415794929789841,0.8147810218978102
34682,0,1,0.08415794929789841,0.8147810218978102
80007,0,1,0.08415794929789841,0.8147810218978102
26923,0,1,0.08415794929789841,0.8147810218978102
51481,0,1,0.08415794929789841,0.8147810218978102
89283,0,1,0.08415794929789841,0.8147810218978102
3514,0,0,0.08415794929789841,0.8147810218978102
54469,0,0,0.08415794929789841,0.8147810218978102
12687,0,1,0.08415794929789841,0.8147810218978102
76252,0,0,0.08415794929789841,0.8147810218978102
54865,0,1,0.08415794929789841,0.8147810218978102
35771,0,1,0.08415794929789841,0.8147810218978102
41339,0,1,0.08415794929789841,0.8147810218978102
82670,0,0,0.08415794929789841,0.8147810218978102
67677,0,1,0.08415794929789841,0.8147810218978102
94503,1,1,0.08415794929789841,0.8147810218978102
35234,0,1,0.08415794929789841,0.8147810218978102
34834,0,1,0.08415794929789841,0.8147810218978102
70707,0,0,0.08415794929789841,0.8147810218978102
34480,0,0,0.08415794929789841,0.8147810218978102
70884,0,0,0.08415794929789841,0.8147810218978102
52742,0,0,0.08415794929789841,0.8147810218978102
62399,0,1,0.08415794929789841,0.8147810218978102
25040,0,0,0.08415794929789841,0.8147810218978102
54199,0,1,0.08415794929789841,0.8147810218978102
65994,0,1,0.08415794929789841,0.8147810218978102
93280,0,0,0.08415794929789841,0.8147810218978102
40123,0,0,0.08415794929789841,0.8147810218978102
75707,0,0,0.08415794929789841,0.8147810218978102
96955,0,1,0.08415794929789841,0.8147810218978102
41364,0,1,0.08415794929789841,0.8147810218978102
40742,0,0,0.08415794929789841,0.8147810218978102
68952,0,0,0.08415794929789841,0.8147810218978102
4646,0,1,0.08415794929789841,0.8147810218978102
80491,0,0,0.08415794929789841,0.8147810218978102
19906,0,1,0.08415794929789841,0.8147810218978102
87588,0,1,0.08415794929789841,0.8147810218978102
36507,0,1,0.08415794929789841,0.8147810218978102
16008,0,1,0.08415794929789841,0.8147810218978102
72869,0,1,0.08415794929789841,0.8147810218978102
50994,0,0,0.08415794929789841,0.8147810218978102
57421,0,0,0.08415794929789841,0.8147810218978102
33336,0,1,0.08415794929789841,0.8147810218978102
94380,0,0,0.08415794929789841,0.8147810218978102
66972,0,0,0.08415794929789841,0.8147810218978102
54835,0,0,0.08415794929789841,0.8147810218978102
97645,0,1,0.08415794929789841,0.8147810218978102
62312,0,1,0.08415794929789841,0.8147810218978102
13790,0,1,0.08415794929789841,0.8147810218978102
27064,0,1,0.08415794929789841,0.8147810218978102
64034,0,1,0.08415794929789841,0.8147810218978102
37805,0,1,0.08415794929789841,0.8147810218978102
37603,0,0,0.08415794929789841,0.8147810218978102
66263,0,0,0.08415794929789841,0.8147810218978102
5591,0,0,0.08415794929789841,0.8147810218978102
7183,0,0,0.08415794929789841,0.8147810218978102
15051,0,0,0.08415794929789841,0.8147810218978102
85074,0,1,0.08415794929789841,0.8147810218978102
29839,0,1,0.08415794929789841,0.8147810218978102
33144,0,0,0.08415794929789841,0.8147810218978102
20681,0,1,0.08415794929789841,0.8147810218978102
11306,0,0,0.08415794929789841,0.8147810218978102
93285,0,0,0.08415794929789841,0.8147810218978102
15171,0,1,0.08415794929789841,0.8147810218978102
39550,0,1,0.08415794929789841,0.8147810218978102
35840,0,1,0.08415794929789841,0.8147810218978102
8784,0,0,0.08415794929789841,0.8147810218978102
70487,0,1,0.08415794929789841,0.8147810218978102
81347,0,1,0.08415794929789841,0.8147810218978102
69769,0,0,0.08415794929789841,0.8147810218978102
69356,0,1,0.08415794929789841,0.8147810218978102
74619,0,1,0.08415794929789841,0.8147810218978102
35415,0,1,0.08415794929789841,0.8147810218978102
81491,0,1,0.08415794929789841,0.8147810218978102
46370,0,0,0.08415794929789841,0.8147810218978102
21344,0,1,0.08415794929789841,0.8147810218978102
55970,0,0,0.08415794929789841,0.8147810218978102
43021,0,1,0.08415794929789841,0.8147810218978102
57761,0,0,0.08415794929789841,0.8147810218978102
72905,0,1,0.08415794929789841,0.8147810218978102
44455,0,1,0.08415794929789841,0.8147810218978102
33304,0,0,0.08415794929789841,0.8147810218978102
91692,0,1,0.08415794929789841,0.8147810218978102
2878,1,1,0.08415794929789841,0.8147810218978102
60086,0,0,0.08415794929789841,0.8147810218978102
36814,0,0,0.08415794929789841,0.8147810218978102
24041,0,1,0.08415794929789841,0.8147810218978102
82315,0,0,0.08415794929789841,0.8147810218978102
96284,0,1,0.08415794929789841,0.8147810218978102
30608,0,0,0.08415794929789841,0.8147810218978102
8018,0,1,0.08415794929789841,0.8147810218978102
24408,0,1,0.08415794929789841,0.8147810218978102
1003,0,1,0.08415794929789841,0.8147810218978102
66120,0,0,0.08415794929789841,0.8147810218978102
33664,0,0,0.08415794929789841,0.8147810218978102
78275,0,0,0.08415794929789841,0.8147810218978102
85029,1,1,0.08415794929789841,0.8147810218978102
96444,0,1,0.08415794929789841,0.8147810218978102
20558,0,1,0.08415794929789841,0.8147810218978102
43043,0,1,0.08415794929789841,0.8147810218978102
17878,1,1,0.08415794929789841,0.8147810218978102
3523,0,1,0.08415794929789841,0.8147810218978102
31311,0,1,0.08415794929789841,0.8147810218978102
65838,0,0,0.08415794929789841,0.8147810218978102
58954,0,1,0.08415794929789841,0.8147810218978102
53848,0,1,0.08415794929789841,0.8147810218978102
72012,0,1,0.08415794929789841,0.8147810218978102
85427,0,1,0.08415794929789841,0.8147810218978102
76074,0,0,0.08415794929789841,0.8147810218978102
20491,0,0,0.08415794929789841,0.8147810218978102
74733,0,0,0.08415794929789841,0.8147810218978102
45518,0,1,0.08415794929789841,0.8147810218978102
11710,0,1,0.08415794929789841,0.8147810218978102
94611,0,0,0.08415794929789841,0.8147810218978102
4780,0,1,0.08415794929789841,0.8147810218978102
54231,0,0,0.08415794929789841,0.8147810218978102
66913,0,1,0.08415794929789841,0.8147810218978102
45497,0,1,0.08415794929789841,0.8147810218978102
37897,0,1,0.08415794929789841,0.8147810218978102
57264,0,1,0.08415794929789841,0.8147810218978102
60879,1,1,0.08415794929789841,0.8147810218978102
28564,0,1,0.08415794929789841,0.8147810218978102
6937,0,0,0.08415794929789841,0.8147810218978102
51368,0,0,0.08415794929789841,0.8147810218978102
94208,0,0,0.08415794929789841,0.8147810218978102
16039,0,1,0.08415794929789841,0.8147810218978102
22112,0,0,0.08415794929789841,0.8147810218978102
60839,0,0,0.08415794929789841,0.8147810218978102
61718,0,0,0.08415794929789841,0.8147810218978102
89526,0,1,0.08415794929789841,0.8147810218978102
1914,0,0,0.08415794929789841,0.8147810218978102
62937,0,1,0.08415794929789841,0.8147810218978102
46620,0,1,0.08415794929789841,0.8147810218978102
13059,0,1,0.08415794929789841,0.8147810218978102
83977,0,1,0.08415794929789841,0.8147810218978102
25300,0,0,0.08415794929789841,0.8147810218978102
44252,0,0,0.08415794929789841,0.8147810218978102
7677,0,1,0.08415794929789841,0.8147810218978102
38218,0,1,0.08415794929789841,0.8147810218978102
59655,0,0,0.08415794929789841,0.8147810218978102
28318,0,0,0.08415794929789841,0.8147810218978102
38242,0,0,0.08415794929789841,0.8147810218978102
44623,0,1,0.08415794929789841,0.8147810218978102
82513,0,1,0.08415794929789841,0.8147810218978102
47451,0,1,0.08415794929789841,0.8147810218978102
81681,0,0,0.08415794929789841,0.8147810218978102
41481,0,0,0.08415794929789841,0.8147810218978102
23246,0,0,0.08415794929789841,0.8147810218978102
1298,0,1,0.08415794929789841,0.8147810218978102
81745,0,1,0.08415794929789841,0.8147810218978102
41901,0,0,0.08415794929789841,0.8147810218978102
82048,0,0,0.08415794929789841,0.8147810218978102
63520,0,0,0.08415794929789841,0.8147810218978102
18248,0,0,0.08415794929789841,0.8147810218978102
37060,0,1,0.08415794929789841,0.8147810218978102
3891,0,1,0.08415794929789841,0.8147810218978102
36043,0,1,0.08415794929789841,0.8147810218978102
63157,0,1,0.08415794929789841,0.8147810218978102
98670,0,0,0.08415794929789841,0.8147810218978102
18208,0,0,0.08415794929789841,0.8147810218978102
62342,0,1,0.08415794929789841,0.8147810218978102
56224,0,0,0.08415794929789841,0.8147810218978102
36172,0,1,0.08415794929789841,0.8147810218978102
76003,0,0,0.08415794929789841,0.8147810218978102
72087,0,0,0.08415794929789841,0.8147810218978102
96150,0,1,0.08415794929789841,0.8147810218978102
40215,0,0,0.08415794929789841,0.8147810218978102
47757,0,1,0.08415794929789841,0.8147810218978102
45553,0,1,0.08415794929789841,0.8147810218978102
77591,0,0,0.08415794929789841,0.8147810218978102
46540,0,0,0.08415794929789841,0.8147810218978102
51688,0,1,0.08415794929789841,0.8147810218978102
41636,0,1,0.08415794929789841,0.8147810218978102
68578,0,0,0.08415794929789841,0.8147810218978102
61124,0,0,0.08415794929789841,0.8147810218978102
12649,0,0,0.08415794929789841,0.8147810218978102
15564,0,1,0.08415794929789841,0.8147810218978102
37734,0,1,0.08415794929789841,0.8147810218978102
22933,0,0,0.08415794929789841,0.8147810218978102
62024,0,0,0.08415794929789841,0.8147810218978102
11694,0,0,0.08415794929789841,0.8147810218978102
63701,0,1,0.08415794929789841,0.8147810218978102
8199,0,1,0.08415794929789841,0.8147810218978102
46106,0,1,0.08415794929789841,0.8147810218978102
4308,0,0,0.08415794929789841,0.8147810218978102
48071,1,1,0.08415794929789841,0.8147810218978102
38889,0,1,0.08415794929789841,0.8147810218978102
49659,0,0,0.08415794929789841,0.8147810218978102
46706,1,1,0.08415794929789841,0.8147810218978102
52268,0,0,0.08415794929789841,0.8147810218978102
91843,0,1,0.08415794929789841,0.8147810218978102
32146,1,1,0.08415794929789841,0.8147810218978102
99046,0,0,0.08415794929789841,0.8147810218978102
6333,0,1,0.08415794929789841,0.8147810218978102
92607,0,0,0.08415794929789841,0.8147810218978102
92011,0,0,0.08415794929789841,0.8147810218978102
27514,0,1,0.08415794929789841,0.8147810218978102
11327,0,0,0.08415794929789841,0.8147810218978102
79759,0,1,0.08415794929789841,0.8147810218978102
3959,1,1,0.08415794929789841,0.8147810218978102
37080,0,0,0.08415794929789841,0.8147810218978102
48653,0,1,0.08415794929789841,0.8147810218978102
27170,1,1,0.08415794929789841,0.8147810218978102
77112,0,1,0.08415794929789841,0.8147810218978102
38737,0,0,0.08415794929789841,0.8147810218978102
16757,0,1,0.08415794929789841,0.8147810218978102
28340,0,1,0.08415794929789841,0.8147810218978102
69315,0,0,0.08415794929789841,0.8147810218978102
46765,0,1,0.08415794929789841,0.8147810218978102
3883,0,1,0.08415794929789841,0.8147810218978102
87714,0,1,0.08415794929789841,0.8147810218978102
35578,0,0,0.08415794929789841,0.8147810218978102
78945,0,1,0.08415794929789841,0.8147810218978102
5796,0,0,0.08415794929789841,0.8147810218978102
66534,0,0,0.08415794929789841,0.8147810218978102
16096,0,1,0.08415794929789841,0.8147810218978102
97196,0,0,0.08415794929789841,0.8147810218978102
45478,0,0,0.08415794929789841,0.8147810218978102
57299,1,1,0.08415794929789841,0.8147810218978102
20301,0,1,0.08415794929789841,0.8147810218978102
17485,0,1,0.08415794929789841,0.8147810218978102
1546,1,1,0.08415794929789841,0.8147810218978102
17746,1,1,0.08415794929789841,0.8147810218978102
35662,0,1,0.08415794929789841,0.8147810218978102
53630,0,1,0.08415794929789841,0.8147810218978102
98260,0,0,0.08415794929789841,0.8147810218978102
67904,0,0,0.08415794929789841,0.8147810218978102
10101,0,1,0.08415794929789841,0.8147810218978102
81191,0,0,0.08415794929789841,0.8147810218978102
95281,0,0,0.08415794929789841,0.8147810218978102
2335,0,1,0.08415794929789841,0.8147810218978102
28783,0,1,0.08415794929789841,0.8147810218978102
46432,0,1,0.08415794929789841,0.8147810218978102
50291,0,0,0.08415794929789841,0.8147810218978102
60806,0,1,0.08415794929789841,0.8147810218978102
98742,0,0,0.08415794929789841,0.8147810218978102
25132,0,0,0.08415794929789841,0.8147810218978102
98087,0,1,0.08415794929789841,0.8147810218978102
28459,1,1,0.08415794929789841,0.8147810218978102
44360,0,0,0.08415794929789841,0.8147810218978102
57367,0,0,0.08415794929789841,0.8147810218978102
81805,0,0,0.08415794929789841,0.8147810218978102
80011,0,1,0.08415794929789841,0.8147810218978102
64811,0,1,0.08415794929789841,0.8147810218978102
800,0,0,0.08415794929789841,0.8147810218978102
51121,0,0,0.08415794929789841,0.8147810218978102
13087,0,1,0.08415794929789841,0.8147810218978102
76740,0,1,0.08415794929789841,0.8147810218978102
85575,0,1,0.08415794929789841,0.8147810218978102
6209,0,0,0.08415794929789841,0.8147810218978102
79777,0,0,0.08415794929789841,0.8147810218978102
60825,0,1,0.08415794929789841,0.8147810218978102
87965,0,1,0.08415794929789841,0.8147810218978102
14873,0,1,0.08415794929789841,0.8147810218978102
47576,0,0,0.08415794929789841,0.8147810218978102
65180,0,0,0.08415794929789841,0.8147810218978102
34019,0,0,0.08415794929789841,0.8147810218978102
19363,0,1,0.08415794929789841,0.8147810218978102
68804,0,1,0.08415794929789841,0.8147810218978102
90932,0,1,0.08415794929789841,0.8147810218978102
59837,0,1,0.08415794929789841,0.8147810218978102
24680,0,0,0.08415794929789841,0.8147810218978102
46236,0,0,0.08415794929789841,0.8147810218978102
24839,0,1,0.08415794929789841,0.8147810218978102
25011,0,0,0.08415794929789841,0.8147810218978102
55190,1,1,0.08415794929789841,0.8147810218978102
24098,0,0,0.08415794929789841,0.8147810218978102
28860,0,1,0.08415794929789841,0.8147810218978102
85784,0,0,0.08415794929789841,0.8147810218978102
12155,0,1,0.08415794929789841,0.8147810218978102
41456,0,0,0.08415794929789841,0.8147810218978102
37514,0,1,0.08415794929789841,0.8147810218978102
61147,0,1,0.08415794929789841,0.8147810218978102
40862,0,1,0.08415794929789841,0.8147810218978102
71551,0,1,0.08415794929789841,0.8147810218978102
59357,0,1,0.08415794929789841,0.8147810218978102
52602,1,1,0.08415794929789841,0.8147810218978102
74247,0,1,0.08415794929789841,0.8147810218978102
99386,0,1,0.08415794929789841,0.8147810218978102
9080,0,0,0.08415794929789841,0.8147810218978102
79341,0,0,0.08415794929789841,0.8147810218978102
94810,0,1,0.08415794929789841,0.8147810218978102
71289,0,1,0.08415794929789841,0.8147810218978102
58387,0,1,0.08415794929789841,0.8147810218978102
24830,0,1,0.08415794929789841,0.8147810218978102
3621,0,0,0.08415794929789841,0.8147810218978102
17582,0,0,0.08415794929789841,0.8147810218978102
87085,0,1,0.08415794929789841,0.8147810218978102
42695,0,0,0.08415794929789841,0.8147810218978102
11109,0,0,0.08415794929789841,0.8147810218978102
31393,0,1,0.08415794929789841,0.8147810218978102
61034,0,0,0.08415794929789841,0.8147810218978102
52760,0,1,0.08415794929789841,0.8147810218978102
73223,0,1,0.08415794929789841,0.8147810218978102
89917,0,1,0.08415794929789841,0.8147810218978102
29296,0,1,0.08415794929789841,0.8147810218978102
79539,0,1,0.08415794929789841,0.8147810218978102
74117,0,0,0.08415794929789841,0.8147810218978102
33461,0,0,0.08415794929789841,0.8147810218978102
37608,0,1,0.08415794929789841,0.8147810218978102
5142,0,0,0.08415794929789841,0.8147810218978102
11929,0,0,0.08415794929789841,0.8147810218978102
52162,0,1,0.08415794929789841,0.8147810218978102
22091,0,1,0.08415794929789841,0.8147810218978102
92377,0,0,0.08415794929789841,0.8147810218978102
43098,0,0,0.08415794929789841,0.8147810218978102
16543,0,0,0.08415794929789841,0.8147810218978102
10195,0,1,0.08415794929789841,0.8147810218978102
38624,0,0,0.08415794929789841,0.8147810218978102
59125,0,1,0.08415794929789841,0.8147810218978102
81373,0,1,0.08415794929789841,0.8147810218978102
87919,0,1,0.08415794929789841,0.8147810218978102
64337,0,1,0.08415794929789841,0.8147810218978102
23959,0,1,0.08415794929789841,0.8147810218978102
81549,0,0,0.08415794929789841,0.8147810218978102
67577,0,1,0.08415794929789841,0.8147810218978102
94676,0,1,0.08415794929789841,0.8147810218978102
17733,0,0,0.08415794929789841,0.8147810218978102
19237,0,1,0.08415794929789841,0.8147810218978102
25334,1,0,0.08415794929789841,0.8147810218978102
71553,1,1,0.08415794929789841,0.8147810218978102
42592,0,0,0.08415794929789841,0.8147810218978102
91210,0,1,0.08415794929789841,0.8147810218978102
61394,0,0,0.08415794929789841,0.8147810218978102
97915,0,0,0.08415794929789841,0.8147810218978102
11528,0,0,0.08415794929789841,0.8147810218978102
93535,0,0,0.08415794929789841,0.8147810218978102
53782,0,0,0.08415794929789841,0.8147810218978102
37477,0,1,0.08415794929789841,0.8147810218978102
11297,0,0,0.08415794929789841,0.8147810218978102
65947,0,1,0.08415794929789841,0.8147810218978102
22845,0,0,0.08415794929789841,0.8147810218978102
62131,0,1,0.08415794929789841,0.8147810218978102
78371,0,1,0.08415794929789841,0.8147810218978102
91576,0,0,0.08415794929789841,0.8147810218978102
67023,0,0,0.08415794929789841,0.8147810218978102
68218,0,1,0.08415794929789841,0.8147810218978102
10881,0,0,0.08415794929789841,0.8147810218978102
28901,0,0,0.08415794929789841,0.8147810218978102
2591,0,0,0.08415794929789841,0.8147810218978102
82831,0,0,0.08415794929789841,0.8147810218978102
48610,0,0,0.08415794929789841,0.8147810218978102
52548,0,1,0.08415794929789841,0.8147810218978102
14158,0,1,0.08415794929789841,0.8147810218978102
67551,0,1,0.08415794929789841,0.8147810218978102
81213,0,0,0.08415794929789841,0.8147810218978102
31413,0,0,0.08415794929789841,0.8147810218978102
67895,0,1,0.08415794929789841,0.8147810218978102
3277,0,0,0.08415794929789841,0.8147810218978102
79096,0,0,0.08415794929789841,0.8147810218978102
19301,0,1,0.08415794929789841,0.8147810218978102
79069,0,1,0.08415794929789841,0.8147810218978102
9936,0,0,0.08415794929789841,0.8147810218978102
3113,1,1,0.08415794929789841,0.8147810218978102
6072,0,1,0.08415794929789841,0.8147810218978102
14025,0,0,0.08415794929789841,0.8147810218978102
88396,0,1,0.08415794929789841,0.8147810218978102
11511,0,1,0.08415794929789841,0.8147810218978102
92664,0,0,0.08415794929789841,0.8147810218978102
45943,0,0,0.08415794929789841,0.8147810218978102
66185,0,0,0.08415794929789841,0.8147810218978102
12543,0,0,0.08415794929789841,0.8147810218978102
42181,0,0,0.08415794929789841,0.8147810218978102
53874,0,1,0.08415794929789841,0.8147810218978102
29808,0,0,0.08415794929789841,0.8147810218978102
38572,0,0,0.08415794929789841,0.8147810218978102
24343,0,1,0.08415794929789841,0.8147810218978102
76034,0,0,0.08415794929789841,0.8147810218978102
2079,0,0,0.08415794929789841,0.8147810218978102
70407,0,0,0.08415794929789841,0.8147810218978102
48235,0,0,0.08415794929789841,0.8147810218978102
65503,0,0,0.08415794929789841,0.8147810218978102
3636,0,0,0.08415794929789841,0.8147810218978102
70385,0,1,0.08415794929789841,0.8147810218978102
6693,0,0,0.08415794929789841,0.8147810218978102
28163,0,0,0.08415794929789841,0.8147810218978102
63233,0,1,0.08415794929789841,0.8147810218978102
39986,0,1,0.08415794929789841,0.8147810218978102
83102,0,1,0.08415794929789841,0.8147810218978102
74271,0,0,0.08415794929789841,0.8147810218978102
19590,0,0,0.08415794929789841,0.8147810218978102
51711,0,0,0.08415794929789841,0.8147810218978102
97363,0,0,0.08415794929789841,0.8147810218978102
49310,0,1,0.08415794929789841,0.8147810218978102
96070,0,0,0.08415794929789841,0.8147810218978102
79348,0,1,0.08415794929789841,0.8147810218978102
72709,0,0,0.08415794929789841,0.8147810218978102
27923,0,1,0.08415794929789841,0.8147810218978102
19932,0,1,0.08415794929789841,0.8147810218978102
17037,0,0,0.08415794929789841,0.8147810218978102
63972,0,0,0.08415794929789841,0.8147810218978102
67014,0,1,0.08415794929789841,0.8147810218978102
94625,0,0,0.08415794929789841,0.8147810218978102
58535,0,1,0.08415794929789841,0.8147810218978102
47559,0,1,0.08415794929789841,0.8147810218978102
96687,0,1,0.08415794929789841,0.8147810218978102
80950,1,0,0.08415794929789841,0.8147810218978102
96297,0,1,0.08415794929789841,0.8147810218978102
65310,0,0,0.08415794929789841,0.8147810218978102
95609,0,0,0.08415794929789841,0.8147810218978102
34532,0,0,0.08415794929789841,0.8147810218978102
57193,0,0,0.08415794929789841,0.8147810218978102
22193,0,1,0.08415794929789841,0.8147810218978102
57830,0,0,0.08415794929789841,0.8147810218978102
74038,0,0,0.08415794929789841,0.8147810218978102
86636,0,1,0.08415794929789841,0.8147810218978102
55110,0,0,0.08415794929789841,0.8147810218978102
56071,0,1,0.08415794929789841,0.8147810218978102
21923,0,1,0.08415794929789841,0.8147810218978102
39300,0,0,0.08415794929789841,0.8147810218978102
98952,0,1,0.08415794929789841,0.8147810218978102
50518,0,1,0.08415794929789841,0.8147810218978102
51989,0,0,0.08415794929789841,0.8147810218978102
42446,0,0,0.08415794929789841,0.8147810218978102
70857,0,0,0.08415794929789841,0.8147810218978102
52746,0,0,0.08415794929789841,0.8147810218978102
91578,0,1,0.08415794929789841,0.8147810218978102
27768,0,1,0.08415794929789841,0.8147810218978102
17646,0,0,0.08415794929789841,0.8147810218978102
31869,0,0,0.08415794929789841,0.8147810218978102
87949,0,1,0.08415794929789841,0.8147810218978102
70785,0,0,0.08415794929789841,0.8147810218978102
70541,0,1,0.08415794929789841,0.8147810218978102
10872,0,1,0.08415794929789841,0.8147810218978102
9374,0,0,0.08415794929789841,0.8147810218978102
4573,0,0,0.08415794929789841,0.8147810218978102
97932,0,0,0.08415794929789841,0.8147810218978102
35403,0,1,0.08415794929789841,0.8147810218978102
30371,1,1,0.08415794929789841,0.8147810218978102
31110,0,0,0.08415794929789841,0.8147810218978102
46112,0,1,0.08415794929789841,0.8147810218978102
66239,0,1,0.08415794929789841,0.8147810218978102
13179,0,0,0.08415794929789841,0.8147810218978102
67856,0,1,0.08415794929789841,0.8147810218978102
54100,0,1,0.08415794929789841,0.8147810218978102
40980,0,1,0.08415794929789841,0.8147810218978102
24800,0,0,0.08415794929789841,0.8147810218978102
86945,0,0,0.08415794929789841,0.8147810218978102
54743,0,1,0.08415794929789841,0.8147810218978102
77516,0,0,0.08415794929789841,0.8147810218978102
36171,0,0,0.08415794929789841,0.8147810218978102
27100,0,0,0.08415794929789841,0.8147810218978102
3794,0,0,0.08415794929789841,0.8147810218978102
2583,0,0,0.08415794929789841,0.8147810218978102
35379,0,0,0.08415794929789841,0.8147810218978102
78827,0,1,0.08415794929789841,0.8147810218978102
1202,0,1,0.08415794929789841,0.8147810218978102
87638,0,1,0.08415794929789841,0.8147810218978102
16657,0,0,0.08415794929789841,0.8147810218978102
98154,0,1,0.08415794929789841,0.8147810218978102
1636,0,0,0.08415794929789841,0.8147810218978102
98274,0,1,0.08415794929789841,0.8147810218978102
35029,0,0,0.08415794929789841,0.8147810218978102
7876,0,0,0.08415794929789841,0.8147810218978102
44007,0,1,0.08415794929789841,0.8147810218978102
87935,0,0,0.08415794929789841,0.8147810218978102
64664,0,1,0.08415794929789841,0.8147810218978102
73840,1,1,0.08415794929789841,0.8147810218978102
9685,0,1,0.08415794929789841,0.8147810218978102
4509,0,0,0.08415794929789841,0.8147810218978102
84402,1,1,0.08415794929789841,0.8147810218978102
13701,0,0,0.08415794929789841,0.8147810218978102
95627,1,1,0.08415794929789841,0.8147810218978102
38011,0,0,0.08415794929789841,0.8147810218978102
93121,0,1,0.08415794929789841,0.8147810218978102
2981,0,1,0.08415794929789841,0.8147810218978102
70619,0,0,0.08415794929789841,0.8147810218978102
8522,0,1,0.08415794929789841,0.8147810218978102
31829,0,0,0.08415794929789841,0.8147810218978102
86239,0,1,0.08415794929789841,0.8147810218978102
94505,0,1,0.08415794929789841,0.8147810218978102
35085,0,0,0.08415794929789841,0.8147810218978102
73627,0,0,0.08415794929789841,0.8147810218978102
6852,0,0,0.08415794929789841,0.8147810218978102
38617,0,1,0.08415794929789841,0.8147810218978102
81458,0,0,0.08415794929789841,0.8147810218978102
79041,0,0,0.08415794929789841,0.8147810218978102
26164,0,0,0.08415794929789841,0.8147810218978102
16076,0,1,0.08415794929789841,0.8147810218978102
21938,0,0,0.08415794929789841,0.8147810218978102
58211,0,1,0.08415794929789841,0.8147810218978102
89966,0,1,0.08415794929789841,0.8147810218978102
44886,0,1,0.08415794929789841,0.8147810218978102
4761,0,1,0.08415794929789841,0.8147810218978102
24900,0,1,0.08415794929789841,0.8147810218978102
65156,0,1,0.08415794929789841,0.8147810218978102
31635,0,1,0.08415794929789841,0.8147810218978102
86149,0,0,0.08415794929789841,0.8147810218978102
39789,0,1,0.08415794929789841,0.8147810218978102
63452,0,0,0.08415794929789841,0.8147810218978102
60519,0,1,0.08415794929789841,0.8147810218978102
14303,0,1,0.08415794929789841,0.8147810218978102
57876,0,0,0.08415794929789841,0.8147810218978102
93759,0,0,0.08415794929789841,0.8147810218978102
88008,0,0,0.08415794929789841,0.8147810218978102
33335,0,0,0.08415794929789841,0.8147810218978102
5324,0,0,0.08415794929789841,0.8147810218978102
37545,0,0,0.08415794929789841,0.8147810218978102
93527,0,1,0.08415794929789841,0.8147810218978102
52892,0,1,0.08415794929789841,0.8147810218978102
9259,0,0,0.08415794929789841,0.8147810218978102
40815,0,0,0.08415794929789841,0.8147810218978102
93087,0,0,0.08415794929789841,0.8147810218978102
73740,0,1,0.08415794929789841,0.8147810218978102
2606,0,1,0.08415794929789841,0.8147810218978102
7706,0,1,0.08415794929789841,0.8147810218978102
69098,0,0,0.08415794929789841,0.8147810218978102
52438,0,1,0.08415794929789841,0.8147810218978102
90547,0,1,0.08415794929789841,0.8147810218978102
16500,0,1,0.08415794929789841,0.8147810218978102
64514,0,1,0.08415794929789841,0.8147810218978102
80934,0,0,0.08415794929789841,0.8147810218978102
51463,0,0,0.08415794929789841,0.8147810218978102
13862,0,0,0.08415794929789841,0.8147810218978102
38184,0,1,0.08415794929789841,0.8147810218978102
18434,0,1,0.08415794929789841,0.8147810218978102
17867,0,1,0.08415794929789841,0.8147810218978102
33839,0,0,0.08415794929789841,0.8147810218978102
14406,0,1,0.08415794929789841,0.8147810218978102
39540,0,1,0.08415794929789841,0.8147810218978102
62461,0,1,0.08415794929789841,0.8147810218978102
62678,0,1,0.08415794929789841,0.8147810218978102
34192,0,0,0.08415794929789841,0.8147810218978102
96089,0,0,0.08415794929789841,0.8147810218978102
8235,0,1,0.08415794929789841,0.8147810218978102
2917,0,1,0.08415794929789841,0.8147810218978102
67163,0,1,0.08415794929789841,0.8147810218978102
63155,0,0,0.08415794929789841,0.8147810218978102
40606,0,0,0.08415794929789841,0.8147810218978102
67675,0,1,0.08415794929789841,0.8147810218978102
62167,0,0,0.08415794929789841,0.8147810218978102
22283,0,0,0.08415794929789841,0.8147810218978102
2909,0,0,0.08415794929789841,0.8147810218978102
67059,0,0,0.08415794929789841,0.8147810218978102
18313,0,1,0.08415794929789841,0.8147810218978102
41250,0,1,0.08415794929789841,0.8147810218978102
99312,0,1,0.08415794929789841,0.8147810218978102
21354,0,1,0.08415794929789841,0.8147810218978102
20968,0,0,0.08415794929789841,0.8147810218978102
77720,0,1,0.08415794929789841,0.8147810218978102
53527,0,0,0.08415794929789841,0.8147810218978102
72851,0,1,0.08415794929789841,0.8147810218978102
47644,1,1,0.08415794929789841,0.8147810218978102
51554,0,1,0.08415794929789841,0.8147810218978102
14420,0,1,0.08415794929789841,0.8147810218978102
14089,0,1,0.08415794929789841,0.8147810218978102
70963,0,1,0.08415794929789841,0.8147810218978102
88215,0,1,0.08415794929789841,0.8147810218978102
46969,0,1,0.08415794929789841,0.8147810218978102
55604,0,0,0.08415794929789841,0.8147810218978102
91067,0,0,0.08415794929789841,0.8147810218978102
24075,0,0,0.08415794929789841,0.8147810218978102
85251,0,0,0.08415794929789841,0.8147810218978102
34518,0,0,0.08415794929789841,0.8147810218978102
85475,0,1,0.08415794929789841,0.8147810218978102
31023,0,0,0.08415794929789841,0.8147810218978102
11515,0,0,0.08415794929789841,0.8147810218978102
36547,0,0,0.08415794929789841,0.8147810218978102
23763,0,0,0.08415794929789841,0.8147810218978102
36498,1,1,0.08415794929789841,0.8147810218978102
42680,0,0,0.08415794929789841,0.8147810218978102
55517,0,0,0.08415794929789841,0.8147810218978102
62952,0,0,0.08415794929789841,0.8147810218978102
18083,0,1,0.08415794929789841,0.8147810218978102
24311,0,1,0.08415794929789841,0.8147810218978102
94643,0,1,0.08415794929789841,0.8147810218978102
84470,0,0,0.08415794929789841,0.8147810218978102
68115,0,0,0.08415794929789841,0.8147810218978102
20024,0,0,0.08415794929789841,0.8147810218978102
2661,0,0,0.08415794929789841,0.8147810218978102
29586,0,0,0.08415794929789841,0.8147810218978102
44736,0,1,0.08415794929789841,0.8147810218978102
13631,1,0,0.08415794929789841,0.8147810218978102
81605,0,1,0.08415794929789841,0.8147810218978102
44008,0,1,0.08415794929789841,0.8147810218978102
27283,0,0,0.08415794929789841,0.8147810218978102
87593,0,1,0.08415794929789841,0.8147810218978102
5795,0,1,0.08415794929789841,0.8147810218978102
7320,0,0,0.08415794929789841,0.8147810218978102
64819,1,1,0.08415794929789841,0.8147810218978102
1773,0,0,0.08415794929789841,0.8147810218978102
83184,0,1,0.08415794929789841,0.8147810218978102
39558,0,1,0.08415794929789841,0.8147810218978102
25857,1,1,0.08415794929789841,0.8147810218978102
74482,0,0,0.08415794929789841,0.8147810218978102
72251,0,1,0.08415794929789841,0.8147810218978102
28075,0,0,0.08415794929789841,0.8147810218978102
59657,0,1,0.08415794929789841,0.8147810218978102
6366,1,1,0.08415794929789841,0.8147810218978102
23524,0,1,0.08415794929789841,0.8147810218978102
12765,0,0,0.08415794929789841,0.8147810218978102
11149,0,0,0.08415794929789841,0.8147810218978102
24611,0,1,0.08415794929789841,0.8147810218978102
10648,0,1,0.08415794929789841,0.8147810218978102
82092,0,1,0.08415794929789841,0.8147810218978102
78593,0,0,0.08415794929789841,0.8147810218978102
81170,1,0,0.08415794929789841,0.8147810218978102
29227,0,1,0.08415794929789841,0.8147810218978102
76406,0,0,0.08415794929789841,0.8147810218978102
97469,0,1,0.08415794929789841,0.8147810218978102
46299,0,0,0.08415794929789841,0.8147810218978102
25168,0,1,0.08415794929789841,0.8147810218978102
55152,1,0,0.08415794929789841,0.8147810218978102
73657,0,0,0.08415794929789841,0.8147810218978102
69493,0,1,0.08415794929789841,0.8147810218978102
97406,0,1,0.08415794929789841,0.8147810218978102
23731,0,1,0.08415794929789841,0.8147810218978102
86487,1,1,0.08415794929789841,0.8147810218978102
73199,0,1,0.08415794929789841,0.8147810218978102
11293,0,0,0.08415794929789841,0.8147810218978102
65309,0,1,0.08415794929789841,0.8147810218978102
59169,0,0,0.08415794929789841,0.8147810218978102
51388,0,1,0.08415794929789841,0.8147810218978102
14188,0,1,0.08415794929789841,0.8147810218978102
36579,0,0,0.08415794929789841,0.8147810218978102
54324,0,0,0.08415794929789841,0.8147810218978102
80736,0,0,0.08415794929789841,0.8147810218978102
88411,1,1,0.08415794929789841,0.8147810218978102
49286,0,1,0.08415794929789841,0.8147810218978102
15296,0,0,0.08415794929789841,0.8147810218978102
26932,0,1,0.08415794929789841,0.8147810218978102
89368,0,1,0.08415794929789841,0.8147810218978102
32345,0,1,0.08415794929789841,0.8147810218978102
76414,1,1,0.08415794929789841,0.8147810218978102
59329,0,0,0.08415794929789841,0.8147810218978102
84580,0,0,0.08415794929789841,0.8147810218978102
95240,0,0,0.08415794929789841,0.8147810218978102
59562,0,0,0.08415794929789841,0.8147810218978102
90049,0,0,0.08415794929789841,0.8147810218978102
61076,0,1,0.08415794929789841,0.8147810218978102
51970,0,0,0.08415794929789841,0.8147810218978102
24706,1,1,0.08415794929789841,0.8147810218978102
88264,0,1,0.08415794929789841,0.8147810218978102
31302,0,1,0.08415794929789841,0.8147810218978102
46714,0,0,0.08415794929789841,0.8147810218978102
17197,0,0,0.08415794929789841,0.8147810218978102
16584,0,0,0.08415794929789841,0.8147810218978102
15448,0,1,0.08415794929789841,0.8147810218978102
48777,0,1,0.08415794929789841,0.8147810218978102
10476,0,1,0.08415794929789841,0.8147810218978102
85573,0,1,0.08415794929789841,0.8147810218978102
80107,0,0,0.08415794929789841,0.8147810218978102
9815,0,0,0.08415794929789841,0.8147810218978102
17495,0,0,0.08415794929789841,0.8147810218978102
6703,0,0,0.08415794929789841,0.8147810218978102
64466,0,0,0.08415794929789841,0.8147810218978102
26739,0,0,0.08415794929789841,0.8147810218978102
13626,0,1,0.08415794929789841,0.8147810218978102
32877,0,1,0.08415794929789841,0.8147810218978102
90723,0,0,0.08415794929789841,0.8147810218978102
63291,0,1,0.08415794929789841,0.8147810218978102
69786,0,1,0.08415794929789841,0.8147810218978102
18955,0,1,0.08415794929789841,0.8147810218978102
87731,0,0,0.08415794929789841,0.8147810218978102
98481,0,1,0.08415794929789841,0.8147810218978102
93316,0,0,0.08415794929789841,0.8147810218978102
78063,0,0,0.08415794929789841,0.8147810218978102
16297,0,0,0.08415794929789841,0.8147810218978102
28845,0,0,0.08415794929789841,0.8147810218978102
18586,0,1,0.08415794929789841,0.8147810218978102
33178,0,0,0.08415794929789841,0.8147810218978102
33831,0,0,0.08415794929789841,0.8147810218978102
33956,0,1,0.08415794929789841,0.8147810218978102
53193,0,1,0.08415794929789841,0.8147810218978102
77841,0,1,0.08415794929789841,0.8147810218978102
29453,0,1,0.08415794929789841,0.8147810218978102
84045,0,1,0.08415794929789841,0.8147810218978102
27524,0,0,0.08415794929789841,0.8147810218978102
526,0,0,0.08415794929789841,0.8147810218978102
51558,0,0,0.08415794929789841,0.8147810218978102
87502,0,0,0.08415794929789841,0.8147810218978102
81331,0,1,0.08415794929789841,0.8147810218978102
66058,0,0,0.08415794929789841,0.8147810218978102
67264,0,0,0.08415794929789841,0.8147810218978102
29895,0,1,0.08415794929789841,0.8147810218978102
43584,0,1,0.08415794929789841,0.8147810218978102
25540,0,1,0.08415794929789841,0.8147810218978102
39585,0,1,0.08415794929789841,0.8147810218978102
53582,0,0,0.08415794929789841,0.8147810218978102
7465,0,0,0.08415794929789841,0.8147810218978102
8133,0,1,0.08415794929789841,0.8147810218978102
31433,0,1,0.08415794929789841,0.8147810218978102
84669,0,1,0.08415794929789841,0.8147810218978102
30781,0,0,0.08415794929789841,0.8147810218978102
2983,0,1,0.08415794929789841,0.8147810218978102
47017,0,0,0.08415794929789841,0.8147810218978102
19838,0,1,0.08415794929789841,0.8147810218978102
42209,0,0,0.08415794929789841,0.8147810218978102
26227,0,1,0.08415794929789841,0.8147810218978102
34677,0,0,0.08415794929789841,0.8147810218978102
88609,1,1,0.08415794929789841,0.8147810218978102
83873,0,1,0.08415794929789841,0.8147810218978102
79617,0,1,0.08415794929789841,0.8147810218978102
70153,0,1,0.08415794929789841,0.8147810218978102
53720,0,0,0.08415794929789841,0.8147810218978102
37056,0,1,0.08415794929789841,0.8147810218978102
14888,0,0,0.08415794929789841,0.8147810218978102
64968,0,0,0.08415794929789841,0.8147810218978102
74307,0,0,0.08415794929789841,0.8147810218978102
53006,0,0,0.08415794929789841,0.8147810218978102
33644,0,1,0.08415794929789841,0.8147810218978102
66819,1,1,0.08415794929789841,0.8147810218978102
6350,0,1,0.08415794929789841,0.8147810218978102
68201,0,0,0.08415794929789841,0.8147810218978102
89969,0,0,0.08415794929789841,0.8147810218978102
39713,0,0,0.08415794929789841,0.8147810218978102
81497,0,1,0.08415794929789841,0.8147810218978102
94489,0,1,0.08415794929789841,0.8147810218978102
41185,0,1,0.08415794929789841,0.8147810218978102
29277,0,1,0.08415794929789841,0.8147810218978102
19045,0,1,0.08415794929789841,0.8147810218978102
71080,0,1,0.08415794929789841,0.8147810218978102
72611,0,0,0.08415794929789841,0.8147810218978102
70505,0,0,0.08415794929789841,0.8147810218978102
39238,0,1,0.08415794929789841,0.8147810218978102
33826,0,0,0.08415794929789841,0.8147810218978102
32184,0,0,0.08415794929789841,0.8147810218978102
17355,1,1,0.08415794929789841,0.8147810218978102
8690,0,1,0.08415794929789841,0.8147810218978102
25459,0,0,0.08415794929789841,0.8147810218978102
46879,0,1,0.08415794929789841,0.8147810218978102
38261,0,0,0.08415794929789841,0.8147810218978102
60953,0,1,0.08415794929789841,0.8147810218978102
16350,0,0,0.08415794929789841,0.8147810218978102
65173,0,1,0.08415794929789841,0.8147810218978102
34153,0,1,0.08415794929789841,0.8147810218978102
80675,0,1,0.08415794929789841,0.8147810218978102
54237,0,1,0.08415794929789841,0.8147810218978102
69854,0,0,0.08415794929789841,0.8147810218978102
81233,0,0,0.08415794929789841,0.8147810218978102
46377,0,0,0.08415794929789841,0.8147810218978102
69967,0,0,0.08415794929789841,0.8147810218978102
54536,0,0,0.08415794929789841,0.8147810218978102
8746,0,0,0.08415794929789841,0.8147810218978102
20702,0,0,0.08415794929789841,0.8147810218978102
11739,0,1,0.08415794929789841,0.8147810218978102
32436,0,0,0.08415794929789841,0.8147810218978102
86935,0,0,0.08415794929789841,0.8147810218978102
13422,0,1,0.08415794929789841,0.8147810218978102
86742,0,0,0.08415794929789841,0.8147810218978102
67049,0,1,0.08415794929789841,0.8147810218978102
39591,0,0,0.08415794929789841,0.8147810218978102
24414,0,1,0.08415794929789841,0.8147810218978102
32534,0,1,0.08415794929789841,0.8147810218978102
66849,0,0,0.08415794929789841,0.8147810218978102
11989,0,0,0.08415794929789841,0.8147810218978102
92310,0,0,0.08415794929789841,0.8147810218978102
55182,0,1,0.08415794929789841,0.8147810218978102
99479,0,1,0.08415794929789841,0.8147810218978102
65517,0,0,0.08415794929789841,0.8147810218978102
97579,0,1,0.08415794929789841,0.8147810218978102
71040,0,1,0.08415794929789841,0.8147810218978102
90400,1,1,0.08415794929789841,0.8147810218978102
3134,0,1,0.08415794929789841,0.8147810218978102
40410,0,1,0.08415794929789841,0.8147810218978102
71848,0,0,0.08415794929789841,0.8147810218978102
89907,0,0,0.08415794929789841,0.8147810218978102
1278,0,0,0.08415794929789841,0.8147810218978102
55999,0,1,0.08415794929789841,0.8147810218978102
15201,0,1,0.08415794929789841,0.8147810218978102
93083,1,1,0.08415794929789841,0.8147810218978102
13786,0,1,0.08415794929789841,0.8147810218978102
94482,0,0,0.08415794929789841,0.8147810218978102
43283,0,0,0.08415794929789841,0.8147810218978102
24394,0,0,0.08415794929789841,0.8147810218978102
87135,0,1,0.08415794929789841,0.8147810218978102
7249,0,0,0.08415794929789841,0.8147810218978102
84667,0,0,0.08415794929789841,0.8147810218978102
82484,1,1,0.08415794929789841,0.8147810218978102
95622,0,1,0.08415794929789841,0.8147810218978102
16389,1,1,0.08415794929789841,0.8147810218978102
72335,0,0,0.08415794929789841,0.8147810218978102
84041,0,0,0.08415794929789841,0.8147810218978102
23866,0,1,0.08415794929789841,0.8147810218978102
61710,0,0,0.08415794929789841,0.8147810218978102
35450,0,0,0.08415794929789841,0.8147810218978102
52282,0,0,0.08415794929789841,0.8147810218978102
71362,1,1,0.08415794929789841,0.8147810218978102
79405,0,0,0.08415794929789841,0.8147810218978102
58796,1,1,0.08415794929789841,0.8147810218978102
3996,0,0,0.08415794929789841,0.8147810218978102
25824,0,1,0.08415794929789841,0.8147810218978102
81703,0,1,0.08415794929789841,0.8147810218978102
74870,0,0,0.08415794929789841,0.8147810218978102
4869,0,1,0.08415794929789841,0.8147810218978102
71766,0,1,0.08415794929789841,0.8147810218978102
43222,0,0,0.08415794929789841,0.8147810218978102
2403,1,1,0.08415794929789841,0.8147810218978102
7742,0,0,0.08415794929789841,0.8147810218978102
68778,0,1,0.08415794929789841,0.8147810218978102
73361,0,1,0.08415794929789841,0.8147810218978102
2679,0,1,0.08415794929789841,0.8147810218978102
96002,0,0,0.08415794929789841,0.8147810218978102
82821,0,0,0.08415794929789841,0.8147810218978102
21072,0,1,0.08415794929789841,0.8147810218978102
61422,0,1,0.08415794929789841,0.8147810218978102
46826,0,0,0.08415794929789841,0.8147810218978102
27976,0,0,0.08415794929789841,0.8147810218978102
92085,0,0,0.08415794929789841,0.8147810218978102
63279,0,1,0.08415794929789841,0.8147810218978102
75594,0,0,0.08415794929789841,0.8147810218978102
97924,0,1,0.08415794929789841,0.8147810218978102
71944,0,0,0.08415794929789841,0.8147810218978102
24867,0,1,0.08415794929789841,0.8147810218978102
47338,0,1,0.08415794929789841,0.8147810218978102
14246,1,1,0.08415794929789841,0.8147810218978102
45689,0,0,0.08415794929789841,0.8147810218978102
71281,0,0,0.08415794929789841,0.8147810218978102
12246,1,1,0.08415794929789841,0.8147810218978102
97482,0,1,0.08415794929789841,0.8147810218978102
32261,0,0,0.08415794929789841,0.8147810218978102
41792,0,1,0.08415794929789841,0.8147810218978102
34301,0,0,0.08415794929789841,0.8147810218978102
1711,0,0,0.08415794929789841,0.8147810218978102
84323,0,0,0.08415794929789841,0.8147810218978102
30531,0,0,0.08415794929789841,0.8147810218978102
97693,1,0,0.08415794929789841,0.8147810218978102
34168,0,1,0.08415794929789841,0.8147810218978102
19147,0,0,0.08415794929789841,0.8147810218978102
37876,0,0,0.08415794929789841,0.8147810218978102
63391,1,1,0.08415794929789841,0.8147810218978102
72332,0,1,0.08415794929789841,0.8147810218978102
61775,0,0,0.08415794929789841,0.8147810218978102
42623,0,0,0.08415794929789841,0.8147810218978102
68160,0,0,0.08415794929789841,0.8147810218978102
2841,0,0,0.08415794929789841,0.8147810218978102
32561,0,1,0.08415794929789841,0.8147810218978102
41763,0,1,0.08415794929789841,0.8147810218978102
24450,0,1,0.08415794929789841,0.8147810218978102
14175,0,0,0.08415794929789841,0.8147810218978102
35116,0,0,0.08415794929789841,0.8147810218978102
22065,0,1,0.08415794929789841,0.8147810218978102
12680,0,1,0.08415794929789841,0.8147810218978102
23902,1,1,0.08415794929789841,0.8147810218978102
8315,0,1,0.08415794929789841,0.8147810218978102
61070,0,1,0.08415794929789841,0.8147810218978102
79289,0,1,0.08415794929789841,0.8147810218978102
77073,0,1,0.08415794929789841,0.8147810218978102
51935,1,1,0.08415794929789841,0.8147810218978102
6815,0,0,0.08415794929789841,0.8147810218978102
14381,0,1,0.08415794929789841,0.8147810218978102
50526,0,0,0.08415794929789841,0.8147810218978102
79504,0,1,0.08415794929789841,0.8147810218978102
93430,0,0,0.08415794929789841,0.8147810218978102
40121,0,1,0.08415794929789841,0.8147810218978102
84559,0,0,0.08415794929789841,0.8147810218978102
78906,0,1,0.08415794929789841,0.8147810218978102
53586,0,0,0.08415794929789841,0.8147810218978102
59421,0,1,0.08415794929789841,0.8147810218978102
4414,1,1,0.08415794929789841,0.8147810218978102
34826,0,0,0.08415794929789841,0.8147810218978102
88908,0,0,0.08415794929789841,0.8147810218978102
93298,0,0,0.08415794929789841,0.8147810218978102
59287,0,0,0.08415794929789841,0.8147810218978102
23806,0,1,0.08415794929789841,0.8147810218978102
76293,0,0,0.08415794929789841,0.8147810218978102
61230,0,1,0.08415794929789841,0.8147810218978102
36917,0,0,0.08415794929789841,0.8147810218978102
31813,0,1,0.08415794929789841,0.8147810218978102
19885,0,0,0.08415794929789841,0.8147810218978102
68988,0,0,0.08415794929789841,0.8147810218978102
18579,0,1,0.08415794929789841,0.8147810218978102
65468,0,1,0.08415794929789841,0.8147810218978102
37838,0,0,0.08415794929789841,0.8147810218978102
62256,0,0,0.08415794929789841,0.8147810218978102
79969,1,1,0.08415794929789841,0.8147810218978102
32524,0,1,0.08415794929789841,0.8147810218978102
95997,0,0,0.08415794929789841,0.8147810218978102
96938,0,0,0.08415794929789841,0.8147810218978102
30194,0,0,0.08415794929789841,0.8147810218978102
21871,0,1,0.08415794929789841,0.8147810218978102
77072,0,1,0.08415794929789841,0.8147810218978102
69077,0,0,0.08415794929789841,0.8147810218978102
75268,0,0,0.08415794929789841,0.8147810218978102
9829,0,0,0.08415794929789841,0.8147810218978102
76575,0,1,0.08415794929789841,0.8147810218978102
49499,0,1,0.08415794929789841,0.8147810218978102
70247,0,1,0.08415794929789841,0.8147810218978102
22504,0,0,0.08415794929789841,0.8147810218978102
40700,0,1,0.08415794929789841,0.8147810218978102
58213,0,0,0.08415794929789841,0.8147810218978102
99034,0,0,0.08415794929789841,0.8147810218978102
12235,1,0,0.08415794929789841,0.8147810218978102
95884,0,0,0.08415794929789841,0.8147810218978102
15791,0,0,0.08415794929789841,0.8147810218978102
38136,0,1,0.08415794929789841,0.8147810218978102
91376,0,0,0.08415794929789841,0.8147810218978102
71485,0,0,0.08415794929789841,0.8147810218978102
17469,0,1,0.08415794929789841,0.8147810218978102
94032,0,0,0.08415794929789841,0.8147810218978102
36809,0,0,0.08415794929789841,0.8147810218978102
103,0,1,0.08415794929789841,0.8147810218978102
49784,0,1,0.08415794929789841,0.8147810218978102
59542,0,0,0.08415794929789841,0.8147810218978102
89746,0,1,0.08415794929789841,0.8147810218978102
35649,0,1,0.08415794929789841,0.8147810218978102
59085,0,1,0.08415794929789841,0.8147810218978102
61416,0,0,0.08415794929789841,0.8147810218978102
80052,0,1,0.08415794929789841,0.8147810218978102
49388,0,1,0.08415794929789841,0.8147810218978102
23230,0,1,0.08415794929789841,0.8147810218978102
88446,0,0,0.08415794929789841,0.8147810218978102
75089,0,1,0.08415794929789841,0.8147810218978102
28102,0,0,0.08415794929789841,0.8147810218978102
11177,0,1,0.08415794929789841,0.8147810218978102
31862,0,0,0.08415794929789841,0.8147810218978102
98414,1,1,0.08415794929789841,0.8147810218978102
94409,0,1,0.08415794929789841,0.8147810218978102
21824,0,1,0.08415794929789841,0.8147810218978102
61398,0,1,0.08415794929789841,0.8147810218978102
13317,0,1,0.08415794929789841,0.8147810218978102
22733,0,1,0.08415794929789841,0.8147810218978102
48726,0,0,0.08415794929789841,0.8147810218978102
11834,0,0,0.08415794929789841,0.8147810218978102
68474,0,1,0.08415794929789841,0.8147810218978102
93596,1,1,0.08415794929789841,0.8147810218978102
36445,0,1,0.08415794929789841,0.8147810218978102
91615,0,1,0.08415794929789841,0.8147810218978102
99789,0,0,0.08415794929789841,0.8147810218978102
99670,0,1,0.08415794929789841,0.8147810218978102
15949,0,0,0.08415794929789841,0.8147810218978102
10705,1,1,0.08415794929789841,0.8147810218978102
89479,0,0,0.08415794929789841,0.8147810218978102
34571,0,0,0.08415794929789841,0.8147810218978102
66156,1,0,0.08415794929789841,0.8147810218978102
24860,0,1,0.08415794929789841,0.8147810218978102
53649,0,1,0.08415794929789841,0.8147810218978102
15374,0,1,0.08415794929789841,0.8147810218978102
39896,0,0,0.08415794929789841,0.8147810218978102
81423,0,1,0.08415794929789841,0.8147810218978102
54253,0,1,0.08415794929789841,0.8147810218978102
11322,0,1,0.08415794929789841,0.8147810218978102
71495,0,0,0.08415794929789841,0.8147810218978102
74253,0,1,0.08415794929789841,0.8147810218978102
10635,0,0,0.08415794929789841,0.8147810218978102
86565,0,1,0.08415794929789841,0.8147810218978102
51114,0,1,0.08415794929789841,0.8147810218978102
18995,0,1,0.08415794929789841,0.8147810218978102
89267,0,0,0.08415794929789841,0.8147810218978102
72626,0,0,0.08415794929789841,0.8147810218978102
73057,0,0,0.08415794929789841,0.8147810218978102
59933,0,1,0.08415794929789841,0.8147810218978102
69713,0,1,0.08415794929789841,0.8147810218978102
18713,0,1,0.08415794929789841,0.8147810218978102
68393,0,0,0.08415794929789841,0.8147810218978102
16490,0,1,0.08415794929789841,0.8147810218978102
81707,0,0,0.08415794929789841,0.8147810218978102
85689,0,1,0.08415794929789841,0.8147810218978102
78792,0,0,0.08415794929789841,0.8147810218978102
88863,0,1,0.08415794929789841,0.8147810218978102
3816,0,1,0.08415794929789841,0.8147810218978102
2617,0,1,0.08415794929789841,0.8147810218978102
3152,0,0,0.08415794929789841,0.8147810218978102
98309,0,1,0.08415794929789841,0.8147810218978102
20407,0,0,0.08415794929789841,0.8147810218978102
97813,0,0,0.08415794929789841,0.8147810218978102
12188,0,0,0.08415794929789841,0.8147810218978102
33620,0,0,0.08415794929789841,0.8147810218978102
6735,0,0,0.08415794929789841,0.8147810218978102
3711,1,1,0.08415794929789841,0.8147810218978102
21537,0,0,0.08415794929789841,0.8147810218978102
75224,0,1,0.08415794929789841,0.8147810218978102
9924,0,1,0.08415794929789841,0.8147810218978102
62929,0,0,0.08415794929789841,0.8147810218978102
78270,0,1,0.08415794929789841,0.8147810218978102
66907,0,1,0.08415794929789841,0.8147810218978102
69983,0,0,0.08415794929789841,0.8147810218978102
26752,1,1,0.08415794929789841,0.8147810218978102
68216,0,1,0.08415794929789841,0.8147810218978102
49755,0,0,0.08415794929789841,0.8147810218978102
52474,0,0,0.08415794929789841,0.8147810218978102
67586,1,1,0.08415794929789841,0.8147810218978102
49695,1,1,0.08415794929789841,0.8147810218978102
97524,0,1,0.08415794929789841,0.8147810218978102
16115,0,0,0.08415794929789841,0.8147810218978102
50832,0,1,0.08415794929789841,0.8147810218978102
28466,0,1,0.08415794929789841,0.8147810218978102
68098,0,1,0.08415794929789841,0.8147810218978102
90798,0,0,0.08415794929789841,0.8147810218978102
65142,0,1,0.08415794929789841,0.8147810218978102
49955,0,0,0.08415794929789841,0.8147810218978102
93089,0,1,0.08415794929789841,0.8147810218978102
50022,0,1,0.08415794929789841,0.8147810218978102
1624,0,0,0.08415794929789841,0.8147810218978102
72815,0,0,0.08415794929789841,0.8147810218978102
44456,1,1,0.08415794929789841,0.8147810218978102
78712,1,1,0.08415794929789841,0.8147810218978102
78509,1,1,0.08415794929789841,0.8147810218978102
66763,0,0,0.08415794929789841,0.8147810218978102
57552,0,0,0.08415794929789841,0.8147810218978102
47114,1,1,0.08415794929789841,0.8147810218978102
86987,0,0,0.08415794929789841,0.8147810218978102
16484,0,0,0.08415794929789841,0.8147810218978102
59794,0,0,0.08415794929789841,0.8147810218978102
23705,0,1,0.08415794929789841,0.8147810218978102
96662,0,0,0.08415794929789841,0.8147810218978102
66432,0,0,0.08415794929789841,0.8147810218978102
62500,0,0,0.08415794929789841,0.8147810218978102
20758,0,0,0.08415794929789841,0.8147810218978102
51499,0,1,0.08415794929789841,0.8147810218978102
72382,0,1,0.08415794929789841,0.8147810218978102
22370,0,0,0.08415794929789841,0.8147810218978102
14272,0,0,0.08415794929789841,0.8147810218978102
17128,0,1,0.08415794929789841,0.8147810218978102
27090,0,1,0.08415794929789841,0.8147810218978102
43309,0,0,0.08415794929789841,0.8147810218978102
3872,0,1,0.08415794929789841,0.8147810218978102
72879,0,1,0.08415794929789841,0.8147810218978102
30748,0,1,0.08415794929789841,0.8147810218978102
7209,0,1,0.08415794929789841,0.8147810218978102
37073,0,1,0.08415794929789841,0.8147810218978102
95150,0,0,0.08415794929789841,0.8147810218978102
25764,1,0,0.08415794929789841,0.8147810218978102
45209,0,1,0.08415794929789841,0.8147810218978102
47323,0,1,0.08415794929789841,0.8147810218978102
15963,0,1,0.08415794929789841,0.8147810218978102
88702,0,0,0.08415794929789841,0.8147810218978102
56697,0,1,0.08415794929789841,0.8147810218978102
49978,0,0,0.08415794929789841,0.8147810218978102
39292,0,1,0.08415794929789841,0.8147810218978102
6016,0,1,0.08415794929789841,0.8147810218978102
16101,0,0,0.08415794929789841,0.8147810218978102
70656,0,1,0.08415794929789841,0.8147810218978102
96049,0,0,0.08415794929789841,0.8147810218978102
21168,0,0,0.08415794929789841,0.8147810218978102
91520,0,1,0.08415794929789841,0.8147810218978102
55783,0,0,0.08415794929789841,0.8147810218978102
73929,0,1,0.08415794929789841,0.8147810218978102
94081,0,1,0.08415794929789841,0.8147810218978102
25169,0,1,0.08415794929789841,0.8147810218978102
73359,0,1,0.08415794929789841,0.8147810218978102
525,0,0,0.08415794929789841,0.8147810218978102
23304,0,1,0.08415794929789841,0.8147810218978102
82284,0,1,0.08415794929789841,0.8147810218978102
91062,0,1,0.08415794929789841,0.8147810218978102
70464,0,0,0.08415794929789841,0.8147810218978102
63821,0,0,0.08415794929789841,0.8147810218978102
96616,0,0,0.08415794929789841,0.8147810218978102
39243,0,0,0.08415794929789841,0.8147810218978102
70766,0,0,0.08415794929789841,0.8147810218978102
63550,0,1,0.08415794929789841,0.8147810218978102
43441,0,0,0.08415794929789841,0.8147810218978102
38343,0,1,0.08415794929789841,0.8147810218978102
13666,0,0,0.08415794929789841,0.8147810218978102
73941,0,1,0.08415794929789841,0.8147810218978102
92643,0,1,0.08415794929789841,0.8147810218978102
17728,0,1,0.08415794929789841,0.8147810218978102
46755,0,0,0.08415794929789841,0.8147810218978102
95862,0,0,0.08415794929789841,0.8147810218978102
58187,0,0,0.08415794929789841,0.8147810218978102
36830,0,1,0.08415794929789841,0.8147810218978102
23880,0,0,0.08415794929789841,0.8147810218978102
5831,0,0,0.08415794929789841,0.8147810218978102
29480,0,0,0.08415794929789841,0.8147810218978102
61162,0,0,0.08415794929789841,0.8147810218978102
98439,0,0,0.08415794929789841,0.8147810218978102
17723,1,0,0.08415794929789841,0.8147810218978102
5230,0,1,0.08415794929789841,0.8147810218978102
13735,0,0,0.08415794929789841,0.8147810218978102
80687,0,0,0.08415794929789841,0.8147810218978102
63865,0,0,0.08415794929789841,0.8147810218978102
67464,0,0,0.08415794929789841,0.8147810218978102
27447,0,0,0.08415794929789841,0.8147810218978102
98403,0,1,0.08415794929789841,0.8147810218978102
15128,0,1,0.08415794929789841,0.8147810218978102
12532,0,1,0.08415794929789841,0.8147810218978102
99742,0,0,0.08415794929789841,0.8147810218978102
15211,0,1,0.08415794929789841,0.8147810218978102
81682,0,1,0.08415794929789841,0.8147810218978102
64197,0,0,0.08415794929789841,0.8147810218978102
79027,1,1,0.08415794929789841,0.8147810218978102
4271,0,0,0.08415794929789841,0.8147810218978102
52934,0,0,0.08415794929789841,0.8147810218978102
67610,0,0,0.08415794929789841,0.8147810218978102
21280,0,1,0.08415794929789841,0.8147810218978102
99580,0,1,0.08415794929789841,0.8147810218978102
55112,0,1,0.08415794929789841,0.8147810218978102
61077,1,1,0.08415794929789841,0.8147810218978102
71192,0,1,0.08415794929789841,0.8147810218978102
24656,0,0,0.08415794929789841,0.8147810218978102
39948,0,1,0.08415794929789841,0.8147810218978102
66845,0,1,0.08415794929789841,0.8147810218978102
59226,0,0,0.08415794929789841,0.8147810218978102
6219,0,1,0.08415794929789841,0.8147810218978102
91226,0,1,0.08415794929789841,0.8147810218978102
21868,0,1,0.08415794929789841,0.8147810218978102
45862,0,0,0.08415794929789841,0.8147810218978102
46449,0,0,0.08415794929789841,0.8147810218978102
79616,0,1,0.08415794929789841,0.8147810218978102
33383,0,0,0.08415794929789841,0.8147810218978102
21324,0,0,0.08415794929789841,0.8147810218978102
31945,1,0,0.08415794929789841,0.8147810218978102
57209,0,1,0.08415794929789841,0.8147810218978102
25640,0,1,0.08415794929789841,0.8147810218978102
96613,0,0,0.08415794929789841,0.8147810218978102
55199,0,1,0.08415794929789841,0.8147810218978102
72579,0,0,0.08415794929789841,0.8147810218978102
60765,0,1,0.08415794929789841,0.8147810218978102
85210,1,1,0.08415794929789841,0.8147810218978102
66663,0,0,0.08415794929789841,0.8147810218978102
40868,0,0,0.08415794929789841,0.8147810218978102
39518,0,1,0.08415794929789841,0.8147810218978102
57042,0,0,0.08415794929789841,0.8147810218978102
93932,0,0,0.08415794929789841,0.8147810218978102
3011,0,0,0.08415794929789841,0.8147810218978102
99812,0,0,0.08415794929789841,0.8147810218978102
69217,0,0,0.08415794929789841,0.8147810218978102
12041,0,0,0.08415794929789841,0.8147810218978102
23585,0,1,0.08415794929789841,0.8147810218978102
20529,0,0,0.08415794929789841,0.8147810218978102
23083,0,0,0.08415794929789841,0.8147810218978102
64461,0,1,0.08415794929789841,0.8147810218978102
50282,0,1,0.08415794929789841,0.8147810218978102
41685,0,1,0.08415794929789841,0.8147810218978102
92767,0,1,0.08415794929789841,0.8147810218978102
38764,0,1,0.08415794929789841,0.8147810218978102
65252,0,0,0.08415794929789841,0.8147810218978102
97552,0,1,0.08415794929789841,0.8147810218978102
61236,0,1,0.08415794929789841,0.8147810218978102
50422,0,0,0.08415794929789841,0.8147810218978102
78717,0,1,0.08415794929789841,0.8147810218978102
22967,0,0,0.08415794929789841,0.8147810218978102
92758,0,0,0.08415794929789841,0.8147810218978102
47031,0,0,0.08415794929789841,0.8147810218978102
14113,1,1,0.08415794929789841,0.8147810218978102
20892,0,0,0.08415794929789841,0.8147810218978102
55691,0,0,0.08415794929789841,0.8147810218978102
45171,0,1,0.08415794929789841,0.8147810218978102
2557,0,1,0.08415794929789841,0.8147810218978102
40695,0,0,0.08415794929789841,0.8147810218978102
48389,0,1,0.08415794929789841,0.8147810218978102
13351,0,0,0.08415794929789841,0.8147810218978102
11596,0,1,0.08415794929789841,0.8147810218978102
86070,0,0,0.08415794929789841,0.8147810218978102
13000,0,1,0.08415794929789841,0.8147810218978102
56474,0,0,0.08415794929789841,0.8147810218978102
33447,0,0,0.08415794929789841,0.8147810218978102
30225,0,0,0.08415794929789841,0.8147810218978102
340,0,0,0.08415794929789841,0.8147810218978102
12109,0,1,0.08415794929789841,0.8147810218978102
66858,0,0,0.08415794929789841,0.8147810218978102
77993,0,0,0.08415794929789841,0.8147810218978102
88048,0,1,0.08415794929789841,0.8147810218978102
81929,0,0,0.08415794929789841,0.8147810218978102
93566,0,1,0.08415794929789841,0.8147810218978102
18945,0,0,0.08415794929789841,0.8147810218978102
64641,0,1,0.08415794929789841,0.8147810218978102
72452,0,0,0.08415794929789841,0.8147810218978102
93008,0,1,0.08415794929789841,0.8147810218978102
57434,0,1,0.08415794929789841,0.8147810218978102
20317,0,0,0.08415794929789841,0.8147810218978102
24103,0,1,0.08415794929789841,0.8147810218978102
45057,0,0,0.08415794929789841,0.8147810218978102
8725,0,1,0.08415794929789841,0.8147810218978102
17349,0,0,0.08415794929789841,0.8147810218978102
9865,0,0,0.08415794929789841,0.8147810218978102
64433,0,0,0.08415794929789841,0.8147810218978102
62755,0,1,0.08415794929789841,0.8147810218978102
78790,0,0,0.08415794929789841,0.8147810218978102
31875,0,1,0.08415794929789841,0.8147810218978102
78760,0,1,0.08415794929789841,0.8147810218978102
21764,0,0,0.08415794929789841,0.8147810218978102
6144,0,1,0.08415794929789841,0.8147810218978102
93423,0,1,0.08415794929789841,0.8147810218978102
54020,0,0,0.08415794929789841,0.8147810218978102
98343,0,1,0.08415794929789841,0.8147810218978102
55360,0,1,0.08415794929789841,0.8147810218978102
45368,0,1,0.08415794929789841,0.8147810218978102
36141,0,1,0.08415794929789841,0.8147810218978102
59388,1,1,0.08415794929789841,0.8147810218978102
65992,0,0,0.08415794929789841,0.8147810218978102
95488,0,0,0.08415794929789841,0.8147810218978102
35555,0,0,0.08415794929789841,0.8147810218978102
21288,0,1,0.08415794929789841,0.8147810218978102
12965,0,1,0.08415794929789841,0.8147810218978102
77344,0,0,0.08415794929789841,0.8147810218978102
64239,0,1,0.08415794929789841,0.8147810218978102
89107,0,0,0.08415794929789841,0.8147810218978102
63635,1,1,0.08415794929789841,0.8147810218978102
45268,0,1,0.08415794929789841,0.8147810218978102
20145,0,1,0.08415794929789841,0.8147810218978102
66136,0,1,0.08415794929789841,0.8147810218978102
35795,0,0,0.08415794929789841,0.8147810218978102
81098,0,1,0.08415794929789841,0.8147810218978102
15149,0,1,0.08415794929789841,0.8147810218978102
57034,0,0,0.08415794929789841,0.8147810218978102
84103,0,0,0.08415794929789841,0.8147810218978102
46645,0,0,0.08415794929789841,0.8147810218978102
91061,0,1,0.08415794929789841,0.8147810218978102
76476,0,0,0.08415794929789841,0.8147810218978102
99924,0,0,0.08415794929789841,0.8147810218978102
8306,0,1,0.08415794929789841,0.8147810218978102
29290,0,0,0.08415794929789841,0.8147810218978102
18855,0,0,0.08415794929789841,0.8147810218978102
86130,0,1,0.08415794929789841,0.8147810218978102
51585,0,1,0.08415794929789841,0.8147810218978102
25051,0,1,0.08415794929789841,0.8147810218978102
18026,0,0,0.08415794929789841,0.8147810218978102
86503,0,1,0.08415794929789841,0.8147810218978102
77574,0,1,0.08415794929789841,0.8147810218978102
8450,0,0,0.08415794929789841,0.8147810218978102
61001,0,1,0.08415794929789841,0.8147810218978102
63381,0,0,0.08415794929789841,0.8147810218978102
53921,0,1,0.08415794929789841,0.8147810218978102
29205,0,1,0.08415794929789841,0.8147810218978102
52447,0,1,0.08415794929789841,0.8147810218978102
1559,0,0,0.08415794929789841,0.8147810218978102
83296,0,1,0.08415794929789841,0.8147810218978102
70764,0,0,0.08415794929789841,0.8147810218978102
69226,0,1,0.08415794929789841,0.8147810218978102
64837,0,0,0.08415794929789841,0.8147810218978102
77772,0,1,0.08415794929789841,0.8147810218978102
73211,0,1,0.08415794929789841,0.8147810218978102
11435,0,1,0.08415794929789841,0.8147810218978102
59319,0,0,0.08415794929789841,0.8147810218978102
76396,0,0,0.08415794929789841,0.8147810218978102
62990,0,0,0.08415794929789841,0.8147810218978102
41475,0,1,0.08415794929789841,0.8147810218978102
57617,0,0,0.08415794929789841,0.8147810218978102
58972,0,1,0.08415794929789841,0.8147810218978102
36709,0,0,0.08415794929789841,0.8147810218978102
61137,0,1,0.08415794929789841,0.8147810218978102
92291,0,0,0.08415794929789841,0.8147810218978102
89491,0,0,0.08415794929789841,0.8147810218978102
80295,0,1,0.08415794929789841,0.8147810218978102
12961,0,1,0.08415794929789841,0.8147810218978102
53178,0,1,0.08415794929789841,0.8147810218978102
87306,0,1,0.08415794929789841,0.8147810218978102
735,0,1,0.08415794929789841,0.8147810218978102
85907,0,1,0.08415794929789841,0.8147810218978102
36110,0,1,0.08415794929789841,0.8147810218978102
50983,0,0,0.08415794929789841,0.8147810218978102
34003,0,1,0.08415794929789841,0.8147810218978102
60204,0,1,0.08415794929789841,0.8147810218978102
81863,0,0,0.08415794929789841,0.8147810218978102
47399,0,1,0.08415794929789841,0.8147810218978102
74706,0,1,0.08415794929789841,0.8147810218978102
60335,0,0,0.08415794929789841,0.8147810218978102
97096,0,0,0.08415794929789841,0.8147810218978102
10896,0,1,0.08415794929789841,0.8147810218978102
91182,0,1,0.08415794929789841,0.8147810218978102
68083,1,1,0.08415794929789841,0.8147810218978102
62439,0,1,0.08415794929789841,0.8147810218978102
34862,0,1,0.08415794929789841,0.8147810218978102
49827,0,1,0.08415794929789841,0.8147810218978102
68793,0,0,0.08415794929789841,0.8147810218978102
90490,0,1,0.08415794929789841,0.8147810218978102
90115,0,1,0.08415794929789841,0.8147810218978102
99094,0,1,0.08415794929789841,0.8147810218978102
75702,0,1,0.08415794929789841,0.8147810218978102
7595,0,0,0.08415794929789841,0.8147810218978102
12968,0,0,0.08415794929789841,0.8147810218978102
39267,0,1,0.08415794929789841,0.8147810218978102
18890,0,0,0.08415794929789841,0.8147810218978102
88841,0,1,0.08415794929789841,0.8147810218978102
17275,0,1,0.08415794929789841,0.8147810218978102
83133,0,1,0.08415794929789841,0.8147810218978102
56228,0,1,0.08415794929789841,0.8147810218978102
39564,0,0,0.08415794929789841,0.8147810218978102
96654,0,0,0.08415794929789841,0.8147810218978102
5953,0,1,0.08415794929789841,0.8147810218978102
3577,0,0,0.08415794929789841,0.8147810218978102
52536,0,1,0.08415794929789841,0.8147810218978102
60325,0,1,0.08415794929789841,0.8147810218978102
87164,0,0,0.08415794929789841,0.8147810218978102
95227,0,0,0.08415794929789841,0.8147810218978102
77684,0,0,0.08415794929789841,0.8147810218978102
40476,0,1,0.08415794929789841,0.8147810218978102
43020,0,1,0.08415794929789841,0.8147810218978102
12281,0,1,0.08415794929789841,0.8147810218978102
87339,0,0,0.08415794929789841,0.8147810218978102
77494,1,0,0.08415794929789841,0.8147810218978102
33901,0,0,0.08415794929789841,0.8147810218978102
37680,0,0,0.08415794929789841,0.8147810218978102
468,0,1,0.08415794929789841,0.8147810218978102
98823,0,0,0.08415794929789841,0.8147810218978102
18914,0,0,0.08415794929789841,0.8147810218978102
72228,0,0,0.08415794929789841,0.8147810218978102
21104,0,0,0.08415794929789841,0.8147810218978102
93195,0,0,0.08415794929789841,0.8147810218978102
26157,0,1,0.08415794929789841,0.8147810218978102
10439,1,1,0.08415794929789841,0.8147810218978102
75691,0,1,0.08415794929789841,0.8147810218978102
99530,0,1,0.08415794929789841,0.8147810218978102
52103,0,0,0.08415794929789841,0.8147810218978102
53959,0,0,0.08415794929789841,0.8147810218978102
30759,0,1,0.08415794929789841,0.8147810218978102
51827,0,0,0.08415794929789841,0.8147810218978102
59059,0,1,0.08415794929789841,0.8147810218978102
97537,0,1,0.08415794929789841,0.8147810218978102
34966,0,1,0.08415794929789841,0.8147810218978102
19101,1,0,0.08415794929789841,0.8147810218978102
72316,0,1,0.08415794929789841,0.8147810218978102
5331,0,1,0.08415794929789841,0.8147810218978102
77459,0,1,0.08415794929789841,0.8147810218978102
63081,0,1,0.08415794929789841,0.8147810218978102
35711,0,0,0.08415794929789841,0.8147810218978102
34203,0,1,0.08415794929789841,0.8147810218978102
16453,0,1,0.08415794929789841,0.8147810218978102
9301,0,0,0.08415794929789841,0.8147810218978102
30983,0,1,0.08415794929789841,0.8147810218978102
62874,0,1,0.08415794929789841,0.8147810218978102
65761,0,1,0.08415794929789841,0.8147810218978102
90586,0,0,0.08415794929789841,0.8147810218978102
81545,0,0,0.08415794929789841,0.8147810218978102
47424,0,1,0.08415794929789841,0.8147810218978102
58513,0,1,0.08415794929789841,0.8147810218978102
70038,0,0,0.08415794929789841,0.8147810218978102
22094,0,0,0.08415794929789841,0.8147810218978102
87129,0,1,0.08415794929789841,0.8147810218978102
2946,0,0,0.08415794929789841,0.8147810218978102
78186,0,1,0.08415794929789841,0.8147810218978102
15458,0,1,0.08415794929789841,0.8147810218978102
7051,0,0,0.08415794929789841,0.8147810218978102
38678,0,0,0.08415794929789841,0.8147810218978102
57980,0,1,0.08415794929789841,0.8147810218978102
27350,0,0,0.08415794929789841,0.8147810218978102
16395,0,1,0.08415794929789841,0.8147810218978102
36664,0,1,0.08415794929789841,0.8147810218978102
36894,0,0,0.08415794929789841,0.8147810218978102
72650,0,0,0.08415794929789841,0.8147810218978102
85101,0,0,0.08415794929789841,0.8147810218978102
57860,0,0,0.08415794929789841,0.8147810218978102
80843,0,1,0.08415794929789841,0.8147810218978102
82571,0,1,0.08415794929789841,0.8147810218978102
58998,0,0,0.08415794929789841,0.8147810218978102
75917,0,1,0.08415794929789841,0.8147810218978102
8006,0,1,0.08415794929789841,0.8147810218978102
72261,0,0,0.08415794929789841,0.8147810218978102
22173,0,0,0.08415794929789841,0.8147810218978102
31011,0,0,0.08415794929789841,0.8147810218978102
21895,0,1,0.08415794929789841,0.8147810218978102
18751,0,0,0.08415794929789841,0.8147810218978102
52717,0,0,0.08415794929789841,0.8147810218978102
34074,0,1,0.08415794929789841,0.8147810218978102
63788,0,0,0.08415794929789841,0.8147810218978102
74830,0,1,0.08415794929789841,0.8147810218978102
88942,0,0,0.08415794929789841,0.8147810218978102
92562,0,0,0.08415794929789841,0.8147810218978102
29785,0,1,0.08415794929789841,0.8147810218978102
94442,0,0,0.08415794929789841,0.8147810218978102
12013,0,0,0.08415794929789841,0.8147810218978102
93690,0,0,0.08415794929789841,0.8147810218978102
66023,0,1,0.08415794929789841,0.8147810218978102
25417,0,1,0.08415794929789841,0.8147810218978102
8926,0,1,0.08415794929789841,0.8147810218978102
955,0,1,0.08415794929789841,0.8147810218978102
39517,0,0,0.08415794929789841,0.8147810218978102
88937,1,0,0.08415794929789841,0.8147810218978102
64172,0,1,0.08415794929789841,0.8147810218978102
43556,0,1,0.08415794929789841,0.8147810218978102
359,0,0,0.08415794929789841,0.8147810218978102
23470,0,1,0.08415794929789841,0.8147810218978102
13081,0,1,0.08415794929789841,0.8147810218978102
49055,0,1,0.08415794929789841,0.8147810218978102
19835,0,0,0.08415794929789841,0.8147810218978102
64173,0,1,0.08415794929789841,0.8147810218978102
15242,0,1,0.08415794929789841,0.8147810218978102
79288,0,0,0.08415794929789841,0.8147810218978102
27663,0,1,0.08415794929789841,0.8147810218978102
66288,0,0,0.08415794929789841,0.8147810218978102
79094,0,0,0.08415794929789841,0.8147810218978102
28655,0,1,0.08415794929789841,0.8147810218978102
40831,0,1,0.08415794929789841,0.8147810218978102
83218,0,1,0.08415794929789841,0.8147810218978102
83419,0,1,0.08415794929789841,0.8147810218978102
86248,1,1,0.08415794929789841,0.8147810218978102
90816,0,1,0.08415794929789841,0.8147810218978102
80419,0,0,0.08415794929789841,0.8147810218978102
25853,0,1,0.08415794929789841,0.8147810218978102
96797,0,0,0.08415794929789841,0.8147810218978102
24152,0,1,0.08415794929789841,0.8147810218978102
68744,0,1,0.08415794929789841,0.8147810218978102
46104,0,0,0.08415794929789841,0.8147810218978102
87837,0,0,0.08415794929789841,0.8147810218978102
10166,0,1,0.08415794929789841,0.8147810218978102
28287,0,0,0.08415794929789841,0.8147810218978102
85164,0,0,0.08415794929789841,0.8147810218978102
3673,0,0,0.08415794929789841,0.8147810218978102
48724,0,0,0.08415794929789841,0.8147810218978102
35976,0,0,0.08415794929789841,0.8147810218978102
10695,0,0,0.08415794929789841,0.8147810218978102
44334,0,1,0.08415794929789841,0.8147810218978102
6625,0,0,0.08415794929789841,0.8147810218978102
79376,0,1,0.08415794929789841,0.8147810218978102
16250,0,0,0.08415794929789841,0.8147810218978102
39347,0,0,0.08415794929789841,0.8147810218978102
9999,0,1,0.08415794929789841,0.8147810218978102
60696,0,0,0.08415794929789841,0.8147810218978102
91193,0,1,0.08415794929789841,0.8147810218978102
9500,0,1,0.08415794929789841,0.8147810218978102
87821,0,1,0.08415794929789841,0.8147810218978102
90748,0,1,0.08415794929789841,0.8147810218978102
29537,0,1,0.08415794929789841,0.8147810218978102
37146,0,0,0.08415794929789841,0.8147810218978102
84695,0,0,0.08415794929789841,0.8147810218978102
98659,0,1,0.08415794929789841,0.8147810218978102
66958,0,0,0.08415794929789841,0.8147810218978102
28413,0,1,0.08415794929789841,0.8147810218978102
61774,0,1,0.08415794929789841,0.8147810218978102
82992,0,1,0.08415794929789841,0.8147810218978102
81370,0,1,0.08415794929789841,0.8147810218978102
26860,0,0,0.08415794929789841,0.8147810218978102
84651,0,0,0.08415794929789841,0.8147810218978102
40201,0,1,0.08415794929789841,0.8147810218978102
77389,0,0,0.08415794929789841,0.8147810218978102
71477,0,1,0.08415794929789841,0.8147810218978102
75511,0,1,0.08415794929789841,0.8147810218978102
84763,0,0,0.08415794929789841,0.8147810218978102
12681,0,1,0.08415794929789841,0.8147810218978102
52429,0,0,0.08415794929789841,0.8147810218978102
41632,0,0,0.08415794929789841,0.8147810218978102
28111,0,0,0.08415794929789841,0.8147810218978102
62618,0,0,0.08415794929789841,0.8147810218978102
40564,0,0,0.08415794929789841,0.8147810218978102
98562,0,0,0.08415794929789841,0.8147810218978102
9220,0,0,0.08415794929789841,0.8147810218978102
99640,1,1,0.08415794929789841,0.8147810218978102
87167,1,1,0.08415794929789841,0.8147810218978102
20237,0,1,0.08415794929789841,0.8147810218978102
31494,0,1,0.08415794929789841,0.8147810218978102
14576,0,1,0.08415794929789841,0.8147810218978102
17622,0,0,0.08415794929789841,0.8147810218978102
67770,0,0,0.08415794929789841,0.8147810218978102
99586,0,0,0.08415794929789841,0.8147810218978102
27003,0,0,0.08415794929789841,0.8147810218978102
99849,0,1,0.08415794929789841,0.8147810218978102
2249,0,1,0.08415794929789841,0.8147810218978102
57391,0,0,0.08415794929789841,0.8147810218978102
2836,0,0,0.08415794929789841,0.8147810218978102
66514,0,0,0.08415794929789841,0.8147810218978102
22594,0,1,0.08415794929789841,0.8147810218978102
53360,0,1,0.08415794929789841,0.8147810218978102
59490,0,1,0.08415794929789841,0.8147810218978102
38745,0,1,0.08415794929789841,0.8147810218978102
53279,0,0,0.08415794929789841,0.8147810218978102
51422,0,0,0.08415794929789841,0.8147810218978102
86452,0,1,0.08415794929789841,0.8147810218978102
82949,1,1,0.08415794929789841,0.8147810218978102
81623,0,0,0.08415794929789841,0.8147810218978102
27332,0,1,0.08415794929789841,0.8147810218978102
82763,0,0,0.08415794929789841,0.8147810218978102
43913,0,1,0.08415794929789841,0.8147810218978102
10459,0,0,0.08415794929789841,0.8147810218978102
76611,0,0,0.08415794929789841,0.8147810218978102
84510,0,0,0.08415794929789841,0.8147810218978102
96975,0,1,0.08415794929789841,0.8147810218978102
4633,0,0,0.08415794929789841,0.8147810218978102
76535,0,0,0.08415794929789841,0.8147810218978102
53865,0,0,0.08415794929789841,0.8147810218978102
51677,0,1,0.08415794929789841,0.8147810218978102
54691,1,1,0.08415794929789841,0.8147810218978102
79284,0,0,0.08415794929789841,0.8147810218978102
76192,0,0,0.08415794929789841,0.8147810218978102
97280,0,1,0.08415794929789841,0.8147810218978102
27709,0,0,0.08415794929789841,0.8147810218978102
43116,0,0,0.08415794929789841,0.8147810218978102
70152,0,0,0.08415794929789841,0.8147810218978102
66863,0,1,0.08415794929789841,0.8147810218978102
4008,0,0,0.08415794929789841,0.8147810218978102
18290,0,1,0.08415794929789841,0.8147810218978102
25674,0,1,0.08415794929789841,0.8147810218978102
79926,0,1,0.08415794929789841,0.8147810218978102
6617,0,1,0.08415794929789841,0.8147810218978102
48326,0,1,0.08415794929789841,0.8147810218978102
26031,0,1,0.08415794929789841,0.8147810218978102
11666,0,1,0.08415794929789841,0.8147810218978102
46317,0,1,0.08415794929789841,0.8147810218978102
48782,0,1,0.08415794929789841,0.8147810218978102
29294,0,0,0.08415794929789841,0.8147810218978102
49409,0,1,0.08415794929789841,0.8147810218978102
68695,0,0,0.08415794929789841,0.8147810218978102
66615,1,1,0.08415794929789841,0.8147810218978102
60140,0,1,0.08415794929789841,0.8147810218978102
85492,0,0,0.08415794929789841,0.8147810218978102
16740,0,1,0.08415794929789841,0.8147810218978102
91102,0,0,0.08415794929789841,0.8147810218978102
88806,0,0,0.08415794929789841,0.8147810218978102
77970,0,1,0.08415794929789841,0.8147810218978102
60836,1,1,0.08415794929789841,0.8147810218978102
84265,0,0,0.08415794929789841,0.8147810218978102
72468,0,1,0.08415794929789841,0.8147810218978102
27199,0,1,0.08415794929789841,0.8147810218978102
41677,0,1,0.08415794929789841,0.8147810218978102
34199,0,0,0.08415794929789841,0.8147810218978102
79833,0,0,0.08415794929789841,0.8147810218978102
83697,0,0,0.08415794929789841,0.8147810218978102
31700,0,0,0.08415794929789841,0.8147810218978102
66129,0,0,0.08415794929789841,0.8147810218978102
42687,0,0,0.08415794929789841,0.8147810218978102
53831,0,1,0.08415794929789841,0.8147810218978102
19455,0,1,0.08415794929789841,0.8147810218978102
70012,0,0,0.08415794929789841,0.8147810218978102
41576,0,1,0.08415794929789841,0.8147810218978102
45159,0,0,0.08415794929789841,0.8147810218978102
48448,0,0,0.08415794929789841,0.8147810218978102
75735,0,0,0.08415794929789841,0.8147810218978102
27421,0,0,0.08415794929789841,0.8147810218978102
59822,0,1,0.08415794929789841,0.8147810218978102
15814,0,0,0.08415794929789841,0.8147810218978102
69789,0,1,0.08415794929789841,0.8147810218978102
55648,0,1,0.08415794929789841,0.8147810218978102
51905,0,1,0.08415794929789841,0.8147810218978102
28220,0,1,0.08415794929789841,0.8147810218978102
11003,0,1,0.08415794929789841,0.8147810218978102
54363,0,1,0.08415794929789841,0.8147810218978102
66459,0,1,0.08415794929789841,0.8147810218978102
59597,0,1,0.08415794929789841,0.8147810218978102
42764,0,1,0.08415794929789841,0.8147810218978102
98644,0,0,0.08415794929789841,0.8147810218978102
31383,0,0,0.08415794929789841,0.8147810218978102
93813,0,0,0.08415794929789841,0.8147810218978102
39107,0,0,0.08415794929789841,0.8147810218978102
18260,0,1,0.08415794929789841,0.8147810218978102
55974,0,1,0.08415794929789841,0.8147810218978102
98317,0,0,0.08415794929789841,0.8147810218978102
69101,0,0,0.08415794929789841,0.8147810218978102
44599,0,1,0.08415794929789841,0.8147810218978102
20334,0,0,0.08415794929789841,0.8147810218978102
67214,0,1,0.08415794929789841,0.8147810218978102
64963,0,0,0.08415794929789841,0.8147810218978102
5047,0,0,0.08415794929789841,0.8147810218978102
70845,0,1,0.08415794929789841,0.8147810218978102
62039,0,0,0.08415794929789841,0.8147810218978102
82125,0,1,0.08415794929789841,0.8147810218978102
98478,0,1,0.08415794929789841,0.8147810218978102
83120,0,0,0.08415794929789841,0.8147810218978102
43252,1,1,0.08415794929789841,0.8147810218978102
10034,0,1,0.08415794929789841,0.8147810218978102
72063,0,0,0.08415794929789841,0.8147810218978102
11259,0,0,0.08415794929789841,0.8147810218978102
48852,0,1,0.08415794929789841,0.8147810218978102
67426,0,1,0.08415794929789841,0.8147810218978102
12969,0,0,0.08415794929789841,0.8147810218978102
28550,0,0,0.08415794929789841,0.8147810218978102
82323,0,1,0.08415794929789841,0.8147810218978102
14022,0,1,0.08415794929789841,0.8147810218978102
61467,0,0,0.08415794929789841,0.8147810218978102
41477,0,1,0.08415794929789841,0.8147810218978102
5894,0,0,0.08415794929789841,0.8147810218978102
940,0,1,0.08415794929789841,0.8147810218978102
97988,0,0,0.08415794929789841,0.8147810218978102
39183,0,0,0.08415794929789841,0.8147810218978102
5604,0,1,0.08415794929789841,0.8147810218978102
64358,0,1,0.08415794929789841,0.8147810218978102
92207,0,1,0.08415794929789841,0.8147810218978102
44129,0,0,0.08415794929789841,0.8147810218978102
98595,0,1,0.08415794929789841,0.8147810218978102
11702,0,1,0.08415794929789841,0.8147810218978102
76359,1,0,0.08415794929789841,0.8147810218978102
57491,0,0,0.08415794929789841,0.8147810218978102
89435,0,0,0.08415794929789841,0.8147810218978102
65623,0,0,0.08415794929789841,0.8147810218978102
23321,0,0,0.08415794929789841,0.8147810218978102
80199,0,1,0.08415794929789841,0.8147810218978102
15935,0,1,0.08415794929789841,0.8147810218978102
77911,0,1,0.08415794929789841,0.8147810218978102
63423,0,1,0.08415794929789841,0.8147810218978102
5999,1,0,0.08415794929789841,0.8147810218978102
90219,0,1,0.08415794929789841,0.8147810218978102
84221,0,0,0.08415794929789841,0.8147810218978102
19132,0,1,0.08415794929789841,0.8147810218978102
96600,0,0,0.08415794929789841,0.8147810218978102
61135,0,1,0.08415794929789841,0.8147810218978102
80226,0,0,0.08415794929789841,0.8147810218978102
77553,0,1,0.08415794929789841,0.8147810218978102
28844,0,1,0.08415794929789841,0.8147810218978102
47398,0,1,0.08415794929789841,0.8147810218978102
16924,1,1,0.08415794929789841,0.8147810218978102
8359,0,1,0.08415794929789841,0.8147810218978102
99637,0,1,0.08415794929789841,0.8147810218978102
45777,0,1,0.08415794929789841,0.8147810218978102
61517,0,0,0.08415794929789841,0.8147810218978102
88830,0,0,0.08415794929789841,0.8147810218978102
73095,0,1,0.08415794929789841,0.8147810218978102
1719,0,1,0.08415794929789841,0.8147810218978102
59611,0,0,0.08415794929789841,0.8147810218978102
98731,0,1,0.08415794929789841,0.8147810218978102
68748,0,0,0.08415794929789841,0.8147810218978102
92568,0,0,0.08415794929789841,0.8147810218978102
74635,0,1,0.08415794929789841,0.8147810218978102
86173,0,1,0.08415794929789841,0.8147810218978102
92159,0,1,0.08415794929789841,0.8147810218978102
38232,0,1,0.08415794929789841,0.8147810218978102
99206,0,0,0.08415794929789841,0.8147810218978102
96247,0,1,0.08415794929789841,0.8147810218978102
3535,0,1,0.08415794929789841,0.8147810218978102
10234,0,0,0.08415794929789841,0.8147810218978102
37443,0,0,0.08415794929789841,0.8147810218978102
50669,0,1,0.08415794929789841,0.8147810218978102
48861,0,1,0.08415794929789841,0.8147810218978102
972,0,1,0.08415794929789841,0.8147810218978102
38052,0,0,0.08415794929789841,0.8147810218978102
53572,0,0,0.08415794929789841,0.8147810218978102
27169,0,0,0.08415794929789841,0.8147810218978102
30612,0,0,0.08415794929789841,0.8147810218978102
87846,0,1,0.08415794929789841,0.8147810218978102
64013,0,1,0.08415794929789841,0.8147810218978102
8628,0,1,0.08415794929789841,0.8147810218978102
96614,0,1,0.08415794929789841,0.8147810218978102
62311,1,0,0.08415794929789841,0.8147810218978102
73160,0,1,0.08415794929789841,0.8147810218978102
55656,0,0,0.08415794929789841,0.8147810218978102
59900,0,0,0.08415794929789841,0.8147810218978102
94936,0,0,0.08415794929789841,0.8147810218978102
25916,0,0,0.08415794929789841,0.8147810218978102
2682,0,1,0.08415794929789841,0.8147810218978102
99339,0,1,0.08415794929789841,0.8147810218978102
31439,0,1,0.08415794929789841,0.8147810218978102
76552,0,0,0.08415794929789841,0.8147810218978102
68110,0,1,0.08415794929789841,0.8147810218978102
27456,0,0,0.08415794929789841,0.8147810218978102
97195,0,1,0.08415794929789841,0.8147810218978102
38459,0,0,0.08415794929789841,0.8147810218978102
35782,0,1,0.08415794929789841,0.8147810218978102
16321,0,1,0.08415794929789841,0.8147810218978102
48352,0,0,0.08415794929789841,0.8147810218978102
84775,0,1,0.08415794929789841,0.8147810218978102
62091,0,0,0.08415794929789841,0.8147810218978102
49705,0,1,0.08415794929789841,0.8147810218978102
42203,0,1,0.08415794929789841,0.8147810218978102
52704,0,0,0.08415794929789841,0.8147810218978102
78828,0,0,0.08415794929789841,0.8147810218978102
54210,1,1,0.08415794929789841,0.8147810218978102
2756,0,0,0.08415794929789841,0.8147810218978102
97052,0,1,0.08415794929789841,0.8147810218978102
94757,0,0,0.08415794929789841,0.8147810218978102
10275,0,0,0.08415794929789841,0.8147810218978102
14464,0,0,0.08415794929789841,0.8147810218978102
61989,0,0,0.08415794929789841,0.8147810218978102
58412,0,0,0.08415794929789841,0.8147810218978102
72643,0,0,0.08415794929789841,0.8147810218978102
76876,0,1,0.08415794929789841,0.8147810218978102
63794,0,1,0.08415794929789841,0.8147810218978102
9316,0,0,0.08415794929789841,0.8147810218978102
13233,0,1,0.08415794929789841,0.8147810218978102
66751,0,1,0.08415794929789841,0.8147810218978102
7339,0,1,0.08415794929789841,0.8147810218978102
5972,0,0,0.08415794929789841,0.8147810218978102
70476,0,0,0.08415794929789841,0.8147810218978102
56214,0,0,0.08415794929789841,0.8147810218978102
49335,0,1,0.08415794929789841,0.8147810218978102
89172,0,0,0.08415794929789841,0.8147810218978102
25058,0,1,0.08415794929789841,0.8147810218978102
31726,0,1,0.08415794929789841,0.8147810218978102
97577,0,0,0.08415794929789841,0.8147810218978102
1390,1,1,0.08415794929789841,0.8147810218978102
83470,0,1,0.08415794929789841,0.8147810218978102
32114,0,1,0.08415794929789841,0.8147810218978102
44221,0,1,0.08415794929789841,0.8147810218978102
69260,0,1,0.08415794929789841,0.8147810218978102
21118,0,1,0.08415794929789841,0.8147810218978102
96342,0,0,0.08415794929789841,0.8147810218978102
30719,0,1,0.08415794929789841,0.8147810218978102
27813,0,0,0.08415794929789841,0.8147810218978102
43982,0,0,0.08415794929789841,0.8147810218978102
39972,0,0,0.08415794929789841,0.8147810218978102
10074,0,0,0.08415794929789841,0.8147810218978102
67899,0,0,0.08415794929789841,0.8147810218978102
22221,0,0,0.08415794929789841,0.8147810218978102
14321,0,0,0.08415794929789841,0.8147810218978102
12935,0,1,0.08415794929789841,0.8147810218978102
94655,0,1,0.08415794929789841,0.8147810218978102
16100,0,0,0.08415794929789841,0.8147810218978102
31014,0,0,0.08415794929789841,0.8147810218978102
99282,0,0,0.08415794929789841,0.8147810218978102
22632,1,1,0.08415794929789841,0.8147810218978102
66923,0,1,0.08415794929789841,0.8147810218978102
98311,0,0,0.08415794929789841,0.8147810218978102
45315,0,1,0.08415794929789841,0.8147810218978102
15037,1,0,0.08415794929789841,0.8147810218978102
49531,0,1,0.08415794929789841,0.8147810218978102
34179,0,0,0.08415794929789841,0.8147810218978102
75815,0,1,0.08415794929789841,0.8147810218978102
84633,0,0,0.08415794929789841,0.8147810218978102
25347,0,1,0.08415794929789841,0.8147810218978102
80124,0,0,0.08415794929789841,0.8147810218978102
40579,0,0,0.08415794929789841,0.8147810218978102
95182,0,0,0.08415794929789841,0.8147810218978102
86544,0,0,0.08415794929789841,0.8147810218978102
74536,0,1,0.08415794929789841,0.8147810218978102
4532,0,1,0.08415794929789841,0.8147810218978102
43517,0,0,0.08415794929789841,0.8147810218978102
63268,0,0,0.08415794929789841,0.8147810218978102
53098,0,0,0.08415794929789841,0.8147810218978102
77914,0,1,0.08415794929789841,0.8147810218978102
3227,0,1,0.08415794929789841,0.8147810218978102
90433,0,0,0.08415794929789841,0.8147810218978102
16790,0,0,0.08415794929789841,0.8147810218978102
22736,0,0,0.08415794929789841,0.8147810218978102
17121,0,1,0.08415794929789841,0.8147810218978102
81921,0,0,0.08415794929789841,0.8147810218978102
28976,0,1,0.08415794929789841,0.8147810218978102
4481,0,0,0.08415794929789841,0.8147810218978102
20315,0,1,0.08415794929789841,0.8147810218978102
60606,0,1,0.08415794929789841,0.8147810218978102
24824,0,0,0.08415794929789841,0.8147810218978102
884,0,1,0.08415794929789841,0.8147810218978102
35813,0,1,0.08415794929789841,0.8147810218978102
56144,0,1,0.08415794929789841,0.8147810218978102
1141,0,0,0.08415794929789841,0.8147810218978102
15208,0,1,0.08415794929789841,0.8147810218978102
1105,0,1,0.08415794929789841,0.8147810218978102
51407,0,0,0.08415794929789841,0.8147810218978102
69958,0,1,0.08415794929789841,0.8147810218978102
1942,0,1,0.08415794929789841,0.8147810218978102
84991,0,0,0.08415794929789841,0.8147810218978102
19167,0,1,0.08415794929789841,0.8147810218978102
34248,0,0,0.08415794929789841,0.8147810218978102
36388,0,1,0.08415794929789841,0.8147810218978102
5355,0,1,0.08415794929789841,0.8147810218978102
40939,0,0,0.08415794929789841,0.8147810218978102
19599,0,1,0.08415794929789841,0.8147810218978102
813,0,1,0.08415794929789841,0.8147810218978102
35361,0,1,0.08415794929789841,0.8147810218978102
52959,0,0,0.08415794929789841,0.8147810218978102
61154,0,0,0.08415794929789841,0.8147810218978102
46247,0,0,0.08415794929789841,0.8147810218978102
71684,0,1,0.08415794929789841,0.8147810218978102
24888,0,1,0.08415794929789841,0.8147810218978102
76289,0,0,0.08415794929789841,0.8147810218978102
95662,0,0,0.08415794929789841,0.8147810218978102
3009,0,1,0.08415794929789841,0.8147810218978102
61469,0,0,0.08415794929789841,0.8147810218978102
47588,0,0,0.08415794929789841,0.8147810218978102
8855,0,0,0.08415794929789841,0.8147810218978102
39442,0,0,0.08415794929789841,0.8147810218978102
22561,0,1,0.08415794929789841,0.8147810218978102
26572,0,0,0.08415794929789841,0.8147810218978102
420,0,1,0.08415794929789841,0.8147810218978102
90764,0,0,0.08415794929789841,0.8147810218978102
79124,0,1,0.08415794929789841,0.8147810218978102
27251,0,0,0.08415794929789841,0.8147810218978102
14533,0,0,0.08415794929789841,0.8147810218978102
11132,0,0,0.08415794929789841,0.8147810218978102
96950,0,0,0.08415794929789841,0.8147810218978102
91464,0,1,0.08415794929789841,0.8147810218978102
39981,0,0,0.08415794929789841,0.8147810218978102
44214,1,1,0.08415794929789841,0.8147810218978102
78235,0,0,0.08415794929789841,0.8147810218978102
48812,0,0,0.08415794929789841,0.8147810218978102
64488,0,0,0.08415794929789841,0.8147810218978102
69593,0,1,0.08415794929789841,0.8147810218978102
29198,0,0,0.08415794929789841,0.8147810218978102
93679,0,1,0.08415794929789841,0.8147810218978102
72536,0,0,0.08415794929789841,0.8147810218978102
60993,1,1,0.08415794929789841,0.8147810218978102
36692,0,0,0.08415794929789841,0.8147810218978102
99343,0,1,0.08415794929789841,0.8147810218978102
57436,0,1,0.08415794929789841,0.8147810218978102
31219,0,1,0.08415794929789841,0.8147810218978102
29957,0,1,0.08415794929789841,0.8147810218978102
31077,0,1,0.08415794929789841,0.8147810218978102
53253,0,1,0.08415794929789841,0.8147810218978102
87682,1,1,0.08415794929789841,0.8147810218978102
72303,0,0,0.08415794929789841,0.8147810218978102
43789,0,1,0.08415794929789841,0.8147810218978102
74236,0,0,0.08415794929789841,0.8147810218978102
19318,1,1,0.08415794929789841,0.8147810218978102
37546,0,0,0.08415794929789841,0.8147810218978102
97065,0,0,0.08415794929789841,0.8147810218978102
13670,0,1,0.08415794929789841,0.8147810218978102
76460,0,1,0.08415794929789841,0.8147810218978102
92833,0,0,0.08415794929789841,0.8147810218978102
85418,0,1,0.08415794929789841,0.8147810218978102
31198,0,0,0.08415794929789841,0.8147810218978102
86956,0,0,0.08415794929789841,0.8147810218978102
46665,0,1,0.08415794929789841,0.8147810218978102
21648,0,0,0.08415794929789841,0.8147810218978102
16900,0,0,0.08415794929789841,0.8147810218978102
4270,0,0,0.08415794929789841,0.8147810218978102
56340,0,0,0.08415794929789841,0.8147810218978102
38717,1,0,0.08415794929789841,0.8147810218978102
32977,0,1,0.08415794929789841,0.8147810218978102
79336,0,1,0.08415794929789841,0.8147810218978102
74905,0,1,0.08415794929789841,0.8147810218978102
23859,0,0,0.08415794929789841,0.8147810218978102
6281,0,1,0.08415794929789841,0.8147810218978102
19112,0,0,0.08415794929789841,0.8147810218978102
67458,0,0,0.08415794929789841,0.8147810218978102
99075,0,0,0.08415794929789841,0.8147810218978102
10914,0,0,0.08415794929789841,0.8147810218978102
17804,0,0,0.08415794929789841,0.8147810218978102
29360,0,0,0.08415794929789841,0.8147810218978102
53761,0,0,0.08415794929789841,0.8147810218978102
99795,0,1,0.08415794929789841,0.8147810218978102
26557,0,1,0.08415794929789841,0.8147810218978102
26841,0,0,0.08415794929789841,0.8147810218978102
63592,0,0,0.08415794929789841,0.8147810218978102
41886,0,0,0.08415794929789841,0.8147810218978102
35037,0,0,0.08415794929789841,0.8147810218978102
39989,0,0,0.08415794929789841,0.8147810218978102
81464,0,1,0.08415794929789841,0.8147810218978102
44348,0,1,0.08415794929789841,0.8147810218978102
20086,0,0,0.08415794929789841,0.8147810218978102
20673,0,1,0.08415794929789841,0.8147810218978102
49077,0,1,0.08415794929789841,0.8147810218978102
29628,0,0,0.08415794929789841,0.8147810218978102
28487,0,0,0.08415794929789841,0.8147810218978102
32259,0,0,0.08415794929789841,0.8147810218978102
35338,0,1,0.08415794929789841,0.8147810218978102
86584,0,1,0.08415794929789841,0.8147810218978102
7199,0,1,0.08415794929789841,0.8147810218978102
9893,0,1,0.08415794929789841,0.8147810218978102
30989,0,1,0.08415794929789841,0.8147810218978102
71048,0,0,0.08415794929789841,0.8147810218978102
96063,0,1,0.08415794929789841,0.8147810218978102
93093,0,0,0.08415794929789841,0.8147810218978102
50491,0,0,0.08415794929789841,0.8147810218978102
81289,0,1,0.08415794929789841,0.8147810218978102
87303,0,0,0.08415794929789841,0.8147810218978102
83441,0,1,0.08415794929789841,0.8147810218978102
20648,0,0,0.08415794929789841,0.8147810218978102
55135,0,0,0.08415794929789841,0.8147810218978102
68837,0,1,0.08415794929789841,0.8147810218978102
23661,1,1,0.08415794929789841,0.8147810218978102
8434,0,0,0.08415794929789841,0.8147810218978102
67467,0,0,0.08415794929789841,0.8147810218978102
26177,0,0,0.08415794929789841,0.8147810218978102
34161,0,0,0.08415794929789841,0.8147810218978102
6924,0,0,0.08415794929789841,0.8147810218978102
56661,0,0,0.08415794929789841,0.8147810218978102
4259,0,1,0.08415794929789841,0.8147810218978102
52449,0,1,0.08415794929789841,0.8147810218978102
16615,0,1,0.08415794929789841,0.8147810218978102
43378,0,0,0.08415794929789841,0.8147810218978102
70701,0,0,0.08415794929789841,0.8147810218978102
26255,0,1,0.08415794929789841,0.8147810218978102
69925,0,0,0.08415794929789841,0.8147810218978102
53877,0,1,0.08415794929789841,0.8147810218978102
21916,0,0,0.08415794929789841,0.8147810218978102
69257,0,1,0.08415794929789841,0.8147810218978102
67717,0,1,0.08415794929789841,0.8147810218978102
96435,0,1,0.08415794929789841,0.8147810218978102
61330,0,0,0.08415794929789841,0.8147810218978102
27046,0,0,0.08415794929789841,0.8147810218978102
19843,0,0,0.08415794929789841,0.8147810218978102
65374,0,1,0.08415794929789841,0.8147810218978102
83789,0,0,0.08415794929789841,0.8147810218978102
5519,0,1,0.08415794929789841,0.8147810218978102
19830,0,0,0.08415794929789841,0.8147810218978102
68014,0,0,0.08415794929789841,0.8147810218978102
70481,0,1,0.08415794929789841,0.8147810218978102
18792,0,1,0.08415794929789841,0.8147810218978102
11866,0,0,0.08415794929789841,0.8147810218978102
76199,0,1,0.08415794929789841,0.8147810218978102
23808,0,1,0.08415794929789841,0.8147810218978102
73158,0,1,0.08415794929789841,0.8147810218978102
67960,0,0,0.08415794929789841,0.8147810218978102
85322,0,1,0.08415794929789841,0.8147810218978102
3309,0,0,0.08415794929789841,0.8147810218978102
23296,0,1,0.08415794929789841,0.8147810218978102
42795,0,0,0.08415794929789841,0.8147810218978102
87316,0,1,0.08415794929789841,0.8147810218978102
71470,0,0,0.08415794929789841,0.8147810218978102
75601,1,1,0.08415794929789841,0.8147810218978102
21900,0,0,0.08415794929789841,0.8147810218978102
62946,0,0,0.08415794929789841,0.8147810218978102
11664,0,1,0.08415794929789841,0.8147810218978102
19562,0,0,0.08415794929789841,0.8147810218978102
76494,0,1,0.08415794929789841,0.8147810218978102
69697,0,0,0.08415794929789841,0.8147810218978102
22874,0,0,0.08415794929789841,0.8147810218978102
37737,0,1,0.08415794929789841,0.8147810218978102
49283,0,1,0.08415794929789841,0.8147810218978102
46741,0,1,0.08415794929789841,0.8147810218978102
68823,0,1,0.08415794929789841,0.8147810218978102
51990,0,0,0.08415794929789841,0.8147810218978102
88435,0,1,0.08415794929789841,0.8147810218978102
51110,0,1,0.08415794929789841,0.8147810218978102
10299,0,1,0.08415794929789841,0.8147810218978102
16831,0,1,0.08415794929789841,0.8147810218978102
53591,0,1,0.08415794929789841,0.8147810218978102
76918,1,1,0.08415794929789841,0.8147810218978102
67992,0,0,0.08415794929789841,0.8147810218978102
81556,0,0,0.08415794929789841,0.8147810218978102
28836,0,0,0.08415794929789841,0.8147810218978102
40272,0,0,0.08415794929789841,0.8147810218978102
97182,0,0,0.08415794929789841,0.8147810218978102
79537,0,0,0.08415794929789841,0.8147810218978102
28876,0,0,0.08415794929789841,0.8147810218978102
62739,0,0,0.08415794929789841,0.8147810218978102
93105,0,1,0.08415794929789841,0.8147810218978102
72750,0,1,0.08415794929789841,0.8147810218978102
29951,0,0,0.08415794929789841,0.8147810218978102
40938,0,0,0.08415794929789841,0.8147810218978102
7924,0,1,0.08415794929789841,0.8147810218978102
32046,0,0,0.08415794929789841,0.8147810218978102
73710,0,1,0.08415794929789841,0.8147810218978102
30762,0,0,0.08415794929789841,0.8147810218978102
73065,0,1,0.08415794929789841,0.8147810218978102
95588,0,0,0.08415794929789841,0.8147810218978102
98049,0,1,0.08415794929789841,0.8147810218978102
73863,0,0,0.08415794929789841,0.8147810218978102
74330,0,0,0.08415794929789841,0.8147810218978102
2808,0,0,0.08415794929789841,0.8147810218978102
48098,0,1,0.08415794929789841,0.8147810218978102
4935,0,0,0.08415794929789841,0.8147810218978102
20363,0,1,0.08415794929789841,0.8147810218978102
72036,0,1,0.08415794929789841,0.8147810218978102
67078,0,1,0.08415794929789841,0.8147810218978102
20808,0,1,0.08415794929789841,0.8147810218978102
81967,0,1,0.08415794929789841,0.8147810218978102
68062,0,0,0.08415794929789841,0.8147810218978102
31823,0,1,0.08415794929789841,0.8147810218978102
29719,0,0,0.08415794929789841,0.8147810218978102
24125,0,0,0.08415794929789841,0.8147810218978102
99875,0,0,0.08415794929789841,0.8147810218978102
36657,0,1,0.08415794929789841,0.8147810218978102
40420,0,0,0.08415794929789841,0.8147810218978102
19514,0,1,0.08415794929789841,0.8147810218978102
30593,1,1,0.08415794929789841,0.8147810218978102
50290,0,0,0.08415794929789841,0.8147810218978102
13574,0,1,0.08415794929789841,0.8147810218978102
6561,0,0,0.08415794929789841,0.8147810218978102
73029,0,1,0.08415794929789841,0.8147810218978102
52719,0,1,0.08415794929789841,0.8147810218978102
54087,0,1,0.08415794929789841,0.8147810218978102
85412,0,1,0.08415794929789841,0.8147810218978102
6433,0,0,0.08415794929789841,0.8147810218978102
49733,0,1,0.08415794929789841,0.8147810218978102
19388,0,0,0.08415794929789841,0.8147810218978102
673,0,1,0.08415794929789841,0.8147810218978102
57916,0,0,0.08415794929789841,0.8147810218978102
56335,0,1,0.08415794929789841,0.8147810218978102
82677,0,0,0.08415794929789841,0.8147810218978102
27038,0,0,0.08415794929789841,0.8147810218978102
91048,0,0,0.08415794929789841,0.8147810218978102
9116,0,1,0.08415794929789841,0.8147810218978102
28267,0,1,0.08415794929789841,0.8147810218978102
94124,0,0,0.08415794929789841,0.8147810218978102
90838,0,1,0.08415794929789841,0.8147810218978102
32855,0,0,0.08415794929789841,0.8147810218978102
83006,0,0,0.08415794929789841,0.8147810218978102
59020,0,1,0.08415794929789841,0.8147810218978102
94849,0,0,0.08415794929789841,0.8147810218978102
94090,1,1,0.08415794929789841,0.8147810218978102
90715,0,1,0.08415794929789841,0.8147810218978102
58830,0,0,0.08415794929789841,0.8147810218978102
63220,0,1,0.08415794929789841,0.8147810218978102
81125,0,1,0.08415794929789841,0.8147810218978102
31197,0,1,0.08415794929789841,0.8147810218978102
11804,0,0,0.08415794929789841,0.8147810218978102
6889,0,1,0.08415794929789841,0.8147810218978102
76058,0,1,0.08415794929789841,0.8147810218978102
97633,0,1,0.08415794929789841,0.8147810218978102
39160,0,1,0.08415794929789841,0.8147810218978102
32109,0,0,0.08415794929789841,0.8147810218978102
93809,0,1,0.08415794929789841,0.8147810218978102
40427,0,1,0.08415794929789841,0.8147810218978102
4945,0,0,0.08415794929789841,0.8147810218978102
7446,0,0,0.08415794929789841,0.8147810218978102
30555,1,1,0.08415794929789841,0.8147810218978102
41750,0,1,0.08415794929789841,0.8147810218978102
63315,0,1,0.08415794929789841,0.8147810218978102
38297,0,0,0.08415794929789841,0.8147810218978102
64194,0,0,0.08415794929789841,0.8147810218978102
61596,0,0,0.08415794929789841,0.8147810218978102
22027,0,1,0.08415794929789841,0.8147810218978102
76988,0,0,0.08415794929789841,0.8147810218978102
96335,0,0,0.08415794929789841,0.8147810218978102
2173,0,1,0.08415794929789841,0.8147810218978102
87524,0,0,0.08415794929789841,0.8147810218978102
48675,0,1,0.08415794929789841,0.8147810218978102
27809,0,1,0.08415794929789841,0.8147810218978102
85204,0,1,0.08415794929789841,0.8147810218978102
22692,1,1,0.08415794929789841,0.8147810218978102
1964,0,1,0.08415794929789841,0.8147810218978102
69542,0,1,0.08415794929789841,0.8147810218978102
74167,0,0,0.08415794929789841,0.8147810218978102
24116,0,0,0.08415794929789841,0.8147810218978102
61560,0,1,0.08415794929789841,0.8147810218978102
53933,0,1,0.08415794929789841,0.8147810218978102
8986,0,1,0.08415794929789841,0.8147810218978102
36278,0,1,0.08415794929789841,0.8147810218978102
38449,0,1,0.08415794929789841,0.8147810218978102
36608,0,1,0.08415794929789841,0.8147810218978102
60910,0,0,0.08415794929789841,0.8147810218978102
15492,0,1,0.08415794929789841,0.8147810218978102
41864,0,1,0.08415794929789841,0.8147810218978102
94539,0,1,0.08415794929789841,0.8147810218978102
82040,0,0,0.08415794929789841,0.8147810218978102
60439,0,1,0.08415794929789841,0.8147810218978102
26685,0,1,0.08415794929789841,0.8147810218978102
6484,0,0,0.08415794929789841,0.8147810218978102
47616,0,0,0.08415794929789841,0.8147810218978102
32725,0,0,0.08415794929789841,0.8147810218978102
74683,0,0,0.08415794929789841,0.8147810218978102
55747,0,1,0.08415794929789841,0.8147810218978102
73203,0,1,0.08415794929789841,0.8147810218978102
65645,0,1,0.08415794929789841,0.8147810218978102
30436,0,1,0.08415794929789841,0.8147810218978102
83070,0,1,0.08415794929789841,0.8147810218978102
40030,0,0,0.08415794929789841,0.8147810218978102
89925,0,1,0.08415794929789841,0.8147810218978102
40940,0,1,0.08415794929789841,0.8147810218978102
77454,0,0,0.08415794929789841,0.8147810218978102
83871,0,1,0.08415794929789841,0.8147810218978102
11231,0,1,0.08415794929789841,0.8147810218978102
55126,0,0,0.08415794929789841,0.8147810218978102
71630,0,1,0.08415794929789841,0.8147810218978102
12769,1,1,0.08415794929789841,0.8147810218978102
67160,0,0,0.08415794929789841,0.8147810218978102
24512,0,0,0.08415794929789841,0.8147810218978102
90726,0,1,0.08415794929789841,0.8147810218978102
35702,0,0,0.08415794929789841,0.8147810218978102
31441,0,0,0.08415794929789841,0.8147810218978102
74650,0,0,0.08415794929789841,0.8147810218978102
81845,0,1,0.08415794929789841,0.8147810218978102
14563,0,0,0.08415794929789841,0.8147810218978102
73268,0,1,0.08415794929789841,0.8147810218978102
79603,0,1,0.08415794929789841,0.8147810218978102
21863,0,1,0.08415794929789841,0.8147810218978102
68691,0,0,0.08415794929789841,0.8147810218978102
13704,0,0,0.08415794929789841,0.8147810218978102
38821,0,1,0.08415794929789841,0.8147810218978102
47789,0,1,0.08415794929789841,0.8147810218978102
64736,1,1,0.08415794929789841,0.8147810218978102
70999,0,1,0.08415794929789841,0.8147810218978102
74073,0,1,0.08415794929789841,0.8147810218978102
12688,0,1,0.08415794929789841,0.8147810218978102
38359,0,1,0.08415794929789841,0.8147810218978102
32799,0,0,0.08415794929789841,0.8147810218978102
63200,0,1,0.08415794929789841,0.8147810218978102
47288,0,0,0.08415794929789841,0.8147810218978102
73353,0,0,0.08415794929789841,0.8147810218978102
13468,0,1,0.08415794929789841,0.8147810218978102
86011,0,1,0.08415794929789841,0.8147810218978102
73395,0,1,0.08415794929789841,0.8147810218978102
1875,0,1,0.08415794929789841,0.8147810218978102
57007,0,0,0.08415794929789841,0.8147810218978102
99440,0,0,0.08415794929789841,0.8147810218978102
63137,0,0,0.08415794929789841,0.8147810218978102
80974,0,1,0.08415794929789841,0.8147810218978102
1929,0,0,0.08415794929789841,0.8147810218978102
57522,0,1,0.08415794929789841,0.8147810218978102
58936,0,0,0.08415794929789841,0.8147810218978102
87549,0,0,0.08415794929789841,0.8147810218978102
54279,0,1,0.08415794929789841,0.8147810218978102
386,0,1,0.08415794929789841,0.8147810218978102
51485,0,1,0.08415794929789841,0.8147810218978102
80545,0,1,0.08415794929789841,0.8147810218978102
4361,1,0,0.08415794929789841,0.8147810218978102
39202,0,0,0.08415794929789841,0.8147810218978102
12997,0,0,0.08415794929789841,0.8147810218978102
7832,0,1,0.08415794929789841,0.8147810218978102
5932,0,1,0.08415794929789841,0.8147810218978102
59645,1,1,0.08415794929789841,0.8147810218978102
93082,0,0,0.08415794929789841,0.8147810218978102
24608,0,0,0.08415794929789841,0.8147810218978102
21140,0,1,0.08415794929789841,0.8147810218978102
96153,0,0,0.08415794929789841,0.8147810218978102
81382,0,1,0.08415794929789841,0.8147810218978102
16505,0,1,0.08415794929789841,0.8147810218978102
1163,0,0,0.08415794929789841,0.8147810218978102
47367,0,0,0.08415794929789841,0.8147810218978102
34827,0,1,0.08415794929789841,0.8147810218978102
12509,0,1,0.08415794929789841,0.8147810218978102
8773,0,1,0.08415794929789841,0.8147810218978102
5808,0,0,0.08415794929789841,0.8147810218978102
97253,0,1,0.08415794929789841,0.8147810218978102
14351,0,0,0.08415794929789841,0.8147810218978102
52625,0,0,0.08415794929789841,0.8147810218978102
2840,0,0,0.08415794929789841,0.8147810218978102
81159,0,1,0.08415794929789841,0.8147810218978102
21810,0,1,0.08415794929789841,0.8147810218978102
53899,0,1,0.08415794929789841,0.8147810218978102
86662,0,1,0.08415794929789841,0.8147810218978102
65030,0,0,0.08415794929789841,0.8147810218978102
5761,0,1,0.08415794929789841,0.8147810218978102
82271,0,1,0.08415794929789841,0.8147810218978102
46586,0,0,0.08415794929789841,0.8147810218978102
22153,0,1,0.08415794929789841,0.8147810218978102
68291,0,1,0.08415794929789841,0.8147810218978102
32810,0,0,0.08415794929789841,0.8147810218978102
57324,0,1,0.08415794929789841,0.8147810218978102
34743,0,1,0.08415794929789841,0.8147810218978102
96181,0,1,0.08415794929789841,0.8147810218978102
53531,0,1,0.08415794929789841,0.8147810218978102
7930,0,1,0.08415794929789841,0.8147810218978102
63375,0,1,0.08415794929789841,0.8147810218978102
79981,0,1,0.08415794929789841,0.8147810218978102
76606,1,1,0.08415794929789841,0.8147810218978102
42684,0,1,0.08415794929789841,0.8147810218978102
39902,0,1,0.08415794929789841,0.8147810218978102
82810,0,1,0.08415794929789841,0.8147810218978102
82099,0,1,0.08415794929789841,0.8147810218978102
59424,0,1,0.08415794929789841,0.8147810218978102
53142,0,1,0.08415794929789841,0.8147810218978102
52475,0,0,0.08415794929789841,0.8147810218978102
29772,0,1,0.08415794929789841,0.8147810218978102
44426,0,0,0.08415794929789841,0.8147810218978102
64035,0,1,0.08415794929789841,0.8147810218978102
63204,0,0,0.08415794929789841,0.8147810218978102
1229,0,1,0.08415794929789841,0.8147810218978102
21356,0,0,0.08415794929789841,0.8147810218978102
43945,0,1,0.08415794929789841,0.8147810218978102
79864,0,1,0.08415794929789841,0.8147810218978102
57250,0,1,0.08415794929789841,0.8147810218978102
19421,0,1,0.08415794929789841,0.8147810218978102
26325,0,1,0.08415794929789841,0.8147810218978102
49416,0,0,0.08415794929789841,0.8147810218978102
91581,0,0,0.08415794929789841,0.8147810218978102
63255,0,1,0.08415794929789841,0.8147810218978102
10083,0,1,0.08415794929789841,0.8147810218978102
98409,0,0,0.08415794929789841,0.8147810218978102
63225,0,1,0.08415794929789841,0.8147810218978102
58517,0,0,0.08415794929789841,0.8147810218978102
24933,0,0,0.08415794929789841,0.8147810218978102
54655,0,1,0.08415794929789841,0.8147810218978102
27329,0,0,0.08415794929789841,0.8147810218978102
79493,0,1,0.08415794929789841,0.8147810218978102
1284,1,1,0.08415794929789841,0.8147810218978102
19235,0,1,0.08415794929789841,0.8147810218978102
47021,0,0,0.08415794929789841,0.8147810218978102
76553,0,1,0.08415794929789841,0.8147810218978102
31075,0,1,0.08415794929789841,0.8147810218978102
93496,0,0,0.08415794929789841,0.8147810218978102
9832,0,0,0.08415794929789841,0.8147810218978102
35772,0,1,0.08415794929789841,0.8147810218978102
23194,1,1,0.08415794929789841,0.8147810218978102
47465,0,1,0.08415794929789841,0.8147810218978102
81883,0,0,0.08415794929789841,0.8147810218978102
26554,0,1,0.08415794929789841,0.8147810218978102
34673,0,0,0.08415794929789841,0.8147810218978102
39080,0,0,0.08415794929789841,0.8147810218978102
92534,0,0,0.08415794929789841,0.8147810218978102
13900,0,1,0.08415794929789841,0.8147810218978102
89167,0,0,0.08415794929789841,0.8147810218978102
5989,0,1,0.08415794929789841,0.8147810218978102
60957,0,0,0.08415794929789841,0.8147810218978102
70712,0,1,0.08415794929789841,0.8147810218978102
3979,0,0,0.08415794929789841,0.8147810218978102
18349,0,1,0.08415794929789841,0.8147810218978102
79520,0,1,0.08415794929789841,0.8147810218978102
11299,0,1,0.08415794929789841,0.8147810218978102
78836,0,1,0.08415794929789841,0.8147810218978102
12977,0,0,0.08415794929789841,0.8147810218978102
76061,0,1,0.08415794929789841,0.8147810218978102
84930,0,0,0.08415794929789841,0.8147810218978102
82329,0,1,0.08415794929789841,0.8147810218978102
35467,0,1,0.08415794929789841,0.8147810218978102
51655,0,0,0.08415794929789841,0.8147810218978102
33455,0,1,0.08415794929789841,0.8147810218978102
98113,0,0,0.08415794929789841,0.8147810218978102
97494,0,0,0.08415794929789841,0.8147810218978102
90322,0,1,0.08415794929789841,0.8147810218978102
49166,0,0,0.08415794929789841,0.8147810218978102
3044,0,0,0.08415794929789841,0.8147810218978102
69611,0,0,0.08415794929789841,0.8147810218978102
701,0,1,0.08415794929789841,0.8147810218978102
13817,0,1,0.08415794929789841,0.8147810218978102
50509,0,1,0.08415794929789841,0.8147810218978102
81268,0,1,0.08415794929789841,0.8147810218978102
20807,0,1,0.08415794929789841,0.8147810218978102
59818,0,1,0.08415794929789841,0.8147810218978102
54490,0,1,0.08415794929789841,0.8147810218978102
71334,0,0,0.08415794929789841,0.8147810218978102
48728,0,1,0.08415794929789841,0.8147810218978102
61206,0,1,0.08415794929789841,0.8147810218978102
43204,0,0,0.08415794929789841,0.8147810218978102
76808,0,1,0.08415794929789841,0.8147810218978102
19708,0,0,0.08415794929789841,0.8147810218978102
73151,0,0,0.08415794929789841,0.8147810218978102
35180,0,0,0.08415794929789841,0.8147810218978102
91286,0,1,0.08415794929789841,0.8147810218978102
96963,0,0,0.08415794929789841,0.8147810218978102
20610,0,0,0.08415794929789841,0.8147810218978102
95335,0,1,0.08415794929789841,0.8147810218978102
95311,0,1,0.08415794929789841,0.8147810218978102
35819,0,1,0.08415794929789841,0.8147810218978102
46875,0,1,0.08415794929789841,0.8147810218978102
83496,0,1,0.08415794929789841,0.8147810218978102
8399,0,1,0.08415794929789841,0.8147810218978102
58289,0,1,0.08415794929789841,0.8147810218978102
34278,0,0,0.08415794929789841,0.8147810218978102
16383,0,1,0.08415794929789841,0.8147810218978102
83116,0,0,0.08415794929789841,0.8147810218978102
46855,0,0,0.08415794929789841,0.8147810218978102
56447,0,0,0.08415794929789841,0.8147810218978102
5154,0,1,0.08415794929789841,0.8147810218978102
26347,0,1,0.08415794929789841,0.8147810218978102
72326,0,1,0.08415794929789841,0.8147810218978102
11340,0,0,0.08415794929789841,0.8147810218978102
28108,0,1,0.08415794929789841,0.8147810218978102
78410,0,1,0.08415794929789841,0.8147810218978102
93845,0,0,0.08415794929789841,0.8147810218978102
41155,0,0,0.08415794929789841,0.8147810218978102
23850,0,1,0.08415794929789841,0.8147810218978102
25906,0,0,0.08415794929789841,0.8147810218978102
51852,0,0,0.08415794929789841,0.8147810218978102
2237,0,0,0.08415794929789841,0.8147810218978102
62317,0,1,0.08415794929789841,0.8147810218978102
14651,0,1,0.08415794929789841,0.8147810218978102
29538,0,0,0.08415794929789841,0.8147810218978102
37106,0,1,0.08415794929789841,0.8147810218978102
13734,0,1,0.08415794929789841,0.8147810218978102
15941,0,0,0.08415794929789841,0.8147810218978102
47053,0,0,0.08415794929789841,0.8147810218978102
89377,0,0,0.08415794929789841,0.8147810218978102
35380,0,0,0.08415794929789841,0.8147810218978102
66414,0,1,0.08415794929789841,0.8147810218978102
45393,0,0,0.08415794929789841,0.8147810218978102
37388,0,1,0.08415794929789841,0.8147810218978102
98118,0,0,0.08415794929789841,0.8147810218978102
74344,0,0,0.08415794929789841,0.8147810218978102
95073,0,1,0.08415794929789841,0.8147810218978102
18469,0,1,0.08415794929789841,0.8147810218978102
94350,0,1,0.08415794929789841,0.8147810218978102
29094,0,0,0.08415794929789841,0.8147810218978102
89633,0,1,0.08415794929789841,0.8147810218978102
34855,1,1,0.08415794929789841,0.8147810218978102
67083,0,1,0.08415794929789841,0.8147810218978102
94445,0,0,0.08415794929789841,0.8147810218978102
17226,0,0,0.08415794929789841,0.8147810218978102
811,0,0,0.08415794929789841,0.8147810218978102
89202,0,1,0.08415794929789841,0.8147810218978102
82627,0,0,0.08415794929789841,0.8147810218978102
71837,0,0,0.08415794929789841,0.8147810218978102
46546,0,1,0.08415794929789841,0.8147810218978102
54417,0,0,0.08415794929789841,0.8147810218978102
79647,0,1,0.08415794929789841,0.8147810218978102
89469,0,1,0.08415794929789841,0.8147810218978102
6654,0,0,0.08415794929789841,0.8147810218978102
94515,0,0,0.08415794929789841,0.8147810218978102
47463,0,1,0.08415794929789841,0.8147810218978102
44659,0,1,0.08415794929789841,0.8147810218978102
92437,0,1,0.08415794929789841,0.8147810218978102
78430,0,1,0.08415794929789841,0.8147810218978102
94767,1,1,0.08415794929789841,0.8147810218978102
90493,0,0,0.08415794929789841,0.8147810218978102
64930,0,1,0.08415794929789841,0.8147810218978102
24034,0,0,0.08415794929789841,0.8147810218978102
37517,1,1,0.08415794929789841,0.8147810218978102
30940,0,0,0.08415794929789841,0.8147810218978102
12410,0,1,0.08415794929789841,0.8147810218978102
22656,0,0,0.08415794929789841,0.8147810218978102
60041,0,1,0.08415794929789841,0.8147810218978102
62423,0,1,0.08415794929789841,0.8147810218978102
22107,0,0,0.08415794929789841,0.8147810218978102
46009,0,0,0.08415794929789841,0.8147810218978102
21882,0,0,0.08415794929789841,0.8147810218978102
77152,0,0,0.08415794929789841,0.8147810218978102
39857,0,1,0.08415794929789841,0.8147810218978102
94016,0,1,0.08415794929789841,0.8147810218978102
17056,0,0,0.08415794929789841,0.8147810218978102
38575,0,1,0.08415794929789841,0.8147810218978102
2254,0,1,0.08415794929789841,0.8147810218978102
29820,0,1,0.08415794929789841,0.8147810218978102
9548,1,1,0.08415794929789841,0.8147810218978102
51155,1,1,0.08415794929789841,0.8147810218978102
32414,0,0,0.08415794929789841,0.8147810218978102
98597,0,1,0.08415794929789841,0.8147810218978102
84988,0,0,0.08415794929789841,0.8147810218978102
46954,0,0,0.08415794929789841,0.8147810218978102
97602,0,0,0.08415794929789841,0.8147810218978102
96564,0,1,0.08415794929789841,0.8147810218978102
88455,0,0,0.08415794929789841,0.8147810218978102
54126,1,1,0.08415794929789841,0.8147810218978102
25154,0,1,0.08415794929789841,0.8147810218978102
96929,0,0,0.08415794929789841,0.8147810218978102
11142,0,0,0.08415794929789841,0.8147810218978102
98894,0,0,0.08415794929789841,0.8147810218978102
25229,0,0,0.08415794929789841,0.8147810218978102
82338,0,1,0.08415794929789841,0.8147810218978102
91360,0,1,0.08415794929789841,0.8147810218978102
93556,0,0,0.08415794929789841,0.8147810218978102
80279,0,0,0.08415794929789841,0.8147810218978102
5568,0,1,0.08415794929789841,0.8147810218978102
59979,0,0,0.08415794929789841,0.8147810218978102
9990,0,0,0.08415794929789841,0.8147810218978102
50309,0,1,0.08415794929789841,0.8147810218978102
52422,0,0,0.08415794929789841,0.8147810218978102
11368,0,1,0.08415794929789841,0.8147810218978102
18817,0,0,0.08415794929789841,0.8147810218978102
52324,0,1,0.08415794929789841,0.8147810218978102
52612,0,1,0.08415794929789841,0.8147810218978102
5524,0,0,0.08415794929789841,0.8147810218978102
96666,0,0,0.08415794929789841,0.8147810218978102
30718,0,0,0.08415794929789841,0.8147810218978102
89891,0,0,0.08415794929789841,0.8147810218978102
55165,0,0,0.08415794929789841,0.8147810218978102
14924,0,1,0.08415794929789841,0.8147810218978102
79852,0,1,0.08415794929789841,0.8147810218978102
89574,0,0,0.08415794929789841,0.8147810218978102
58950,0,0,0.08415794929789841,0.8147810218978102
66645,0,1,0.08415794929789841,0.8147810218978102
77558,0,1,0.08415794929789841,0.8147810218978102
64614,0,1,0.08415794929789841,0.8147810218978102
37221,0,1,0.08415794929789841,0.8147810218978102
11922,0,1,0.08415794929789841,0.8147810218978102
47593,0,0,0.08415794929789841,0.8147810218978102
63379,0,0,0.08415794929789841,0.8147810218978102
83285,0,0,0.08415794929789841,0.8147810218978102
10484,0,0,0.08415794929789841,0.8147810218978102
3561,0,1,0.08415794929789841,0.8147810218978102
72540,0,0,0.08415794929789841,0.8147810218978102
50884,0,0,0.08415794929789841,0.8147810218978102
28047,0,0,0.08415794929789841,0.8147810218978102
18058,0,0,0.08415794929789841,0.8147810218978102
21786,0,0,0.08415794929789841,0.8147810218978102
12039,0,1,0.08415794929789841,0.8147810218978102
45263,0,1,0.08415794929789841,0.8147810218978102
75768,0,1,0.08415794929789841,0.8147810218978102
196,0,1,0.08415794929789841,0.8147810218978102
47537,0,0,0.08415794929789841,0.8147810218978102
71524,0,0,0.08415794929789841,0.8147810218978102
6115,0,1,0.08415794929789841,0.8147810218978102
98484,0,1,0.08415794929789841,0.8147810218978102
79172,0,0,0.08415794929789841,0.8147810218978102
86357,0,1,0.08415794929789841,0.8147810218978102
22026,0,1,0.08415794929789841,0.8147810218978102
91097,0,1,0.08415794929789841,0.8147810218978102
66436,0,1,0.08415794929789841,0.8147810218978102
14254,0,0,0.08415794929789841,0.8147810218978102
33820,0,0,0.08415794929789841,0.8147810218978102
77538,0,1,0.08415794929789841,0.8147810218978102
78458,0,1,0.08415794929789841,0.8147810218978102
7848,0,1,0.08415794929789841,0.8147810218978102
13931,0,0,0.08415794929789841,0.8147810218978102
48975,0,0,0.08415794929789841,0.8147810218978102
81874,1,1,0.08415794929789841,0.8147810218978102
31795,0,1,0.08415794929789841,0.8147810218978102
94852,0,1,0.08415794929789841,0.8147810218978102
72609,0,1,0.08415794929789841,0.8147810218978102
94880,0,0,0.08415794929789841,0.8147810218978102
48186,0,1,0.08415794929789841,0.8147810218978102
10019,0,1,0.08415794929789841,0.8147810218978102
69074,0,0,0.08415794929789841,0.8147810218978102
54778,0,0,0.08415794929789841,0.8147810218978102
9963,0,0,0.08415794929789841,0.8147810218978102
65405,0,0,0.08415794929789841,0.8147810218978102
38472,0,0,0.08415794929789841,0.8147810218978102
65913,0,0,0.08415794929789841,0.8147810218978102
42498,0,1,0.08415794929789841,0.8147810218978102
85440,0,1,0.08415794929789841,0.8147810218978102
17501,0,0,0.08415794929789841,0.8147810218978102
56054,0,0,0.08415794929789841,0.8147810218978102
98225,0,1,0.08415794929789841,0.8147810218978102
7786,0,0,0.08415794929789841,0.8147810218978102
77398,0,0,0.08415794929789841,0.8147810218978102
18387,0,1,0.08415794929789841,0.8147810218978102
89607,0,0,0.08415794929789841,0.8147810218978102
70023,0,1,0.08415794929789841,0.8147810218978102
46942,0,0,0.08415794929789841,0.8147810218978102
66398,0,1,0.08415794929789841,0.8147810218978102
70199,0,0,0.08415794929789841,0.8147810218978102
80806,1,1,0.08415794929789841,0.8147810218978102
73346,0,1,0.08415794929789841,0.8147810218978102
99555,0,0,0.08415794929789841,0.8147810218978102
96281,0,1,0.08415794929789841,0.8147810218978102
13380,0,1,0.08415794929789841,0.8147810218978102
66785,0,1,0.08415794929789841,0.8147810218978102
69038,0,1,0.08415794929789841,0.8147810218978102
23527,1,0,0.08415794929789841,0.8147810218978102
31540,0,0,0.08415794929789841,0.8147810218978102
43573,1,1,0.08415794929789841,0.8147810218978102
60173,0,0,0.08415794929789841,0.8147810218978102
57924,0,1,0.08415794929789841,0.8147810218978102
64036,0,1,0.08415794929789841,0.8147810218978102
65313,0,0,0.08415794929789841,0.8147810218978102
91212,0,0,0.08415794929789841,0.8147810218978102
83681,0,0,0.08415794929789841,0.8147810218978102
92990,0,0,0.08415794929789841,0.8147810218978102
32551,0,1,0.08415794929789841,0.8147810218978102
70256,0,1,0.08415794929789841,0.8147810218978102
45552,0,1,0.08415794929789841,0.8147810218978102
78985,1,1,0.08415794929789841,0.8147810218978102
88520,0,0,0.08415794929789841,0.8147810218978102
91301,0,0,0.08415794929789841,0.8147810218978102
88349,0,0,0.08415794929789841,0.8147810218978102
1991,0,0,0.08415794929789841,0.8147810218978102
83947,0,0,0.08415794929789841,0.8147810218978102
35689,1,1,0.08415794929789841,0.8147810218978102
35742,0,0,0.08415794929789841,0.8147810218978102
58225,0,1,0.08415794929789841,0.8147810218978102
88956,0,1,0.08415794929789841,0.8147810218978102
43853,0,1,0.08415794929789841,0.8147810218978102
44370,0,0,0.08415794929789841,0.8147810218978102
11933,0,0,0.08415794929789841,0.8147810218978102
9526,1,1,0.08415794929789841,0.8147810218978102
14878,0,0,0.08415794929789841,0.8147810218978102
16992,0,1,0.08415794929789841,0.8147810218978102
17541,0,0,0.08415794929789841,0.8147810218978102
13218,0,1,0.08415794929789841,0.8147810218978102
70636,1,1,0.08415794929789841,0.8147810218978102
7218,0,0,0.08415794929789841,0.8147810218978102
23516,0,1,0.08415794929789841,0.8147810218978102
35621,0,0,0.08415794929789841,0.8147810218978102
38890,0,0,0.08415794929789841,0.8147810218978102
17145,0,1,0.08415794929789841,0.8147810218978102
20898,0,1,0.08415794929789841,0.8147810218978102
34970,0,1,0.08415794929789841,0.8147810218978102
63605,0,0,0.08415794929789841,0.8147810218978102
92014,0,1,0.08415794929789841,0.8147810218978102
88403,1,1,0.08415794929789841,0.8147810218978102
52069,0,1,0.08415794929789841,0.8147810218978102
23768,0,1,0.08415794929789841,0.8147810218978102
85694,0,1,0.08415794929789841,0.8147810218978102
36677,0,0,0.08415794929789841,0.8147810218978102
93897,0,1,0.08415794929789841,0.8147810218978102
53973,0,0,0.08415794929789841,0.8147810218978102
68962,0,1,0.08415794929789841,0.8147810218978102
40200,0,1,0.08415794929789841,0.8147810218978102
43695,0,0,0.08415794929789841,0.8147810218978102
29501,0,1,0.08415794929789841,0.8147810218978102
59053,0,0,0.08415794929789841,0.8147810218978102
58276,0,0,0.08415794929789841,0.8147810218978102
92620,0,1,0.08415794929789841,0.8147810218978102
41749,0,0,0.08415794929789841,0.8147810218978102
15759,0,1,0.08415794929789841,0.8147810218978102
61831,0,0,0.08415794929789841,0.8147810218978102
7329,0,0,0.08415794929789841,0.8147810218978102
39279,0,1,0.08415794929789841,0.8147810218978102
80947,0,0,0.08415794929789841,0.8147810218978102
50966,0,1,0.08415794929789841,0.8147810218978102
80256,0,1,0.08415794929789841,0.8147810218978102
32716,0,0,0.08415794929789841,0.8147810218978102
62096,1,1,0.08415794929789841,0.8147810218978102
44108,0,0,0.08415794929789841,0.8147810218978102
39441,0,1,0.08415794929789841,0.8147810218978102
58017,0,1,0.08415794929789841,0.8147810218978102
53024,1,0,0.08415794929789841,0.8147810218978102
71415,0,1,0.08415794929789841,0.8147810218978102
4711,0,1,0.08415794929789841,0.8147810218978102
60958,0,1,0.08415794929789841,0.8147810218978102
47281,0,0,0.08415794929789841,0.8147810218978102
87227,0,1,0.08415794929789841,0.8147810218978102
82747,0,1,0.08415794929789841,0.8147810218978102
8440,0,0,0.08415794929789841,0.8147810218978102
39962,0,0,0.08415794929789841,0.8147810218978102
33972,0,0,0.08415794929789841,0.8147810218978102
91126,0,0,0.08415794929789841,0.8147810218978102
44550,0,0,0.08415794929789841,0.8147810218978102
44648,0,0,0.08415794929789841,0.8147810218978102
13992,0,1,0.08415794929789841,0.8147810218978102
72868,0,0,0.08415794929789841,0.8147810218978102
3391,0,1,0.08415794929789841,0.8147810218978102
60188,0,0,0.08415794929789841,0.8147810218978102
34819,0,1,0.08415794929789841,0.8147810218978102
99361,0,1,0.08415794929789841,0.8147810218978102
31858,0,1,0.08415794929789841,0.8147810218978102
29037,0,1,0.08415794929789841,0.8147810218978102
77424,0,1,0.08415794929789841,0.8147810218978102
38770,0,1,0.08415794929789841,0.8147810218978102
43126,0,0,0.08415794929789841,0.8147810218978102
43051,0,1,0.08415794929789841,0.8147810218978102
18440,0,1,0.08415794929789841,0.8147810218978102
91000,0,1,0.08415794929789841,0.8147810218978102
26965,0,0,0.08415794929789841,0.8147810218978102
48792,0,1,0.08415794929789841,0.8147810218978102
70100,0,0,0.08415794929789841,0.8147810218978102
97301,0,0,0.08415794929789841,0.8147810218978102
78353,0,1,0.08415794929789841,0.8147810218978102
96157,0,0,0.08415794929789841,0.8147810218978102
35659,0,0,0.08415794929789841,0.8147810218978102
38244,0,0,0.08415794929789841,0.8147810218978102
8837,0,1,0.08415794929789841,0.8147810218978102
86282,1,0,0.08415794929789841,0.8147810218978102
58008,0,1,0.08415794929789841,0.8147810218978102
37524,0,0,0.08415794929789841,0.8147810218978102
14102,0,1,0.08415794929789841,0.8147810218978102
3885,0,0,0.08415794929789841,0.8147810218978102
45319,0,1,0.08415794929789841,0.8147810218978102
65753,0,0,0.08415794929789841,0.8147810218978102
91580,0,0,0.08415794929789841,0.8147810218978102
45476,0,0,0.08415794929789841,0.8147810218978102
28521,0,1,0.08415794929789841,0.8147810218978102
33308,0,0,0.08415794929789841,0.8147810218978102
81167,0,1,0.08415794929789841,0.8147810218978102
97116,0,1,0.08415794929789841,0.8147810218978102
23211,0,0,0.08415794929789841,0.8147810218978102
36989,0,0,0.08415794929789841,0.8147810218978102
72783,0,0,0.08415794929789841,0.8147810218978102
44521,1,1,0.08415794929789841,0.8147810218978102
96292,0,1,0.08415794929789841,0.8147810218978102
23810,0,1,0.08415794929789841,0.8147810218978102
93942,0,1,0.08415794929789841,0.8147810218978102
95800,1,1,0.08415794929789841,0.8147810218978102
84288,0,1,0.08415794929789841,0.8147810218978102
69997,0,1,0.08415794929789841,0.8147810218978102
23448,1,1,0.08415794929789841,0.8147810218978102
54857,0,1,0.08415794929789841,0.8147810218978102
44930,0,0,0.08415794929789841,0.8147810218978102
21591,0,0,0.08415794929789841,0.8147810218978102
47558,0,1,0.08415794929789841,0.8147810218978102
20581,0,0,0.08415794929789841,0.8147810218978102
10996,0,0,0.08415794929789841,0.8147810218978102
61231,1,1,0.08415794929789841,0.8147810218978102
14585,0,0,0.08415794929789841,0.8147810218978102
12947,0,1,0.08415794929789841,0.8147810218978102
37705,1,1,0.08415794929789841,0.8147810218978102
85752,1,1,0.08415794929789841,0.8147810218978102
43987,0,1,0.08415794929789841,0.8147810218978102
47326,0,0,0.08415794929789841,0.8147810218978102
84075,0,0,0.08415794929789841,0.8147810218978102
69418,0,1,0.08415794929789841,0.8147810218978102
85875,0,1,0.08415794929789841,0.8147810218978102
30363,0,0,0.08415794929789841,0.8147810218978102
42320,1,1,0.08415794929789841,0.8147810218978102
80932,0,1,0.08415794929789841,0.8147810218978102
32914,0,0,0.08415794929789841,0.8147810218978102
12010,0,0,0.08415794929789841,0.8147810218978102
55760,0,1,0.08415794929789841,0.8147810218978102
47828,0,1,0.08415794929789841,0.8147810218978102
87175,0,1,0.08415794929789841,0.8147810218978102
628,0,1,0.08415794929789841,0.8147810218978102
24793,0,0,0.08415794929789841,0.8147810218978102
29113,0,1,0.08415794929789841,0.8147810218978102
40770,0,0,0.08415794929789841,0.8147810218978102
24029,0,1,0.08415794929789841,0.8147810218978102
90416,0,1,0.08415794929789841,0.8147810218978102
94579,0,0,0.08415794929789841,0.8147810218978102
8194,0,1,0.08415794929789841,0.8147810218978102
43755,0,0,0.08415794929789841,0.8147810218978102
71343,0,0,0.08415794929789841,0.8147810218978102
72894,0,1,0.08415794929789841,0.8147810218978102
31460,0,0,0.08415794929789841,0.8147810218978102
77379,0,0,0.08415794929789841,0.8147810218978102
84049,0,1,0.08415794929789841,0.8147810218978102
73459,0,0,0.08415794929789841,0.8147810218978102
16268,0,0,0.08415794929789841,0.8147810218978102
78267,0,1,0.08415794929789841,0.8147810218978102
66749,0,1,0.08415794929789841,0.8147810218978102
31376,0,0,0.08415794929789841,0.8147810218978102
53431,0,1,0.08415794929789841,0.8147810218978102
53401,0,0,0.08415794929789841,0.8147810218978102
69831,0,1,0.08415794929789841,0.8147810218978102
3530,0,1,0.08415794929789841,0.8147810218978102
75083,0,1,0.08415794929789841,0.8147810218978102
65277,0,0,0.08415794929789841,0.8147810218978102
5921,0,0,0.08415794929789841,0.8147810218978102
30572,0,1,0.08415794929789841,0.8147810218978102
54577,0,1,0.08415794929789841,0.8147810218978102
60585,0,1,0.08415794929789841,0.8147810218978102
56155,0,0,0.08415794929789841,0.8147810218978102
11881,0,1,0.08415794929789841,0.8147810218978102
10542,0,1,0.08415794929789841,0.8147810218978102
83160,0,0,0.08415794929789841,0.8147810218978102
55850,0,0,0.08415794929789841,0.8147810218978102
2147,0,1,0.08415794929789841,0.8147810218978102
76164,0,0,0.08415794929789841,0.8147810218978102
80778,0,1,0.08415794929789841,0.8147810218978102
83506,0,1,0.08415794929789841,0.8147810218978102
25288,0,0,0.08415794929789841,0.8147810218978102
24641,0,0,0.08415794929789841,0.8147810218978102
84674,0,0,0.08415794929789841,0.8147810218978102
98743,0,1,0.08415794929789841,0.8147810218978102
86707,0,1,0.08415794929789841,0.8147810218978102
8838,0,1,0.08415794929789841,0.8147810218978102
48014,0,1,0.08415794929789841,0.8147810218978102
82788,0,1,0.08415794929789841,0.8147810218978102
18272,0,1,0.08415794929789841,0.8147810218978102
78200,0,0,0.08415794929789841,0.8147810218978102
28515,1,1,0.08415794929789841,0.8147810218978102
12071,0,1,0.08415794929789841,0.8147810218978102
39091,0,0,0.08415794929789841,0.8147810218978102
25649,0,1,0.08415794929789841,0.8147810218978102
22164,0,1,0.08415794929789841,0.8147810218978102
80282,0,0,0.08415794929789841,0.8147810218978102
95781,0,0,0.08415794929789841,0.8147810218978102
66032,0,0,0.08415794929789841,0.8147810218978102
15682,0,0,0.08415794929789841,0.8147810218978102
40678,0,0,0.08415794929789841,0.8147810218978102
12875,0,1,0.08415794929789841,0.8147810218978102
4002,0,1,0.08415794929789841,0.8147810218978102
67924,0,1,0.08415794929789841,0.8147810218978102
85996,0,1,0.08415794929789841,0.8147810218978102
24176,0,1,0.08415794929789841,0.8147810218978102
45437,0,0,0.08415794929789841,0.8147810218978102
40249,0,1,0.08415794929789841,0.8147810218978102
97206,0,0,0.08415794929789841,0.8147810218978102
98904,0,0,0.08415794929789841,0.8147810218978102
66415,0,1,0.08415794929789841,0.8147810218978102
26500,0,0,0.08415794929789841,0.8147810218978102
9005,1,1,0.08415794929789841,0.8147810218978102
98695,0,1,0.08415794929789841,0.8147810218978102
69550,0,0,0.08415794929789841,0.8147810218978102
96817,0,1,0.08415794929789841,0.8147810218978102
74665,0,0,0.08415794929789841,0.8147810218978102
13732,0,1,0.08415794929789841,0.8147810218978102
52285,0,1,0.08415794929789841,0.8147810218978102
8849,0,0,0.08415794929789841,0.8147810218978102
61778,0,1,0.08415794929789841,0.8147810218978102
17797,0,1,0.08415794929789841,0.8147810218978102
47392,0,1,0.08415794929789841,0.8147810218978102
41533,0,1,0.08415794929789841,0.8147810218978102
50452,0,0,0.08415794929789841,0.8147810218978102
22430,0,0,0.08415794929789841,0.8147810218978102
70524,0,0,0.08415794929789841,0.8147810218978102
8080,0,0,0.08415794929789841,0.8147810218978102
59047,0,1,0.08415794929789841,0.8147810218978102
47599,0,0,0.08415794929789841,0.8147810218978102
49777,1,0,0.08415794929789841,0.8147810218978102
75200,0,1,0.08415794929789841,0.8147810218978102
42200,0,1,0.08415794929789841,0.8147810218978102
10931,0,1,0.08415794929789841,0.8147810218978102
91455,0,1,0.08415794929789841,0.8147810218978102
8803,0,1,0.08415794929789841,0.8147810218978102
57940,0,0,0.08415794929789841,0.8147810218978102
62333,0,0,0.08415794929789841,0.8147810218978102
97114,0,1,0.08415794929789841,0.8147810218978102
26121,0,0,0.08415794929789841,0.8147810218978102
51033,0,1,0.08415794929789841,0.8147810218978102
61766,0,0,0.08415794929789841,0.8147810218978102
29639,0,1,0.08415794929789841,0.8147810218978102
90934,0,0,0.08415794929789841,0.8147810218978102
71600,0,1,0.08415794929789841,0.8147810218978102
36588,0,1,0.08415794929789841,0.8147810218978102
11428,0,0,0.08415794929789841,0.8147810218978102
11622,0,1,0.08415794929789841,0.8147810218978102
6278,0,1,0.08415794929789841,0.8147810218978102
99375,0,1,0.08415794929789841,0.8147810218978102
11667,0,0,0.08415794929789841,0.8147810218978102
14652,0,0,0.08415794929789841,0.8147810218978102
3795,0,0,0.08415794929789841,0.8147810218978102
2534,0,1,0.08415794929789841,0.8147810218978102
55344,0,0,0.08415794929789841,0.8147810218978102
74143,0,0,0.08415794929789841,0.8147810218978102
44188,0,0,0.08415794929789841,0.8147810218978102
43602,0,1,0.08415794929789841,0.8147810218978102
72800,0,1,0.08415794929789841,0.8147810218978102
90658,0,0,0.08415794929789841,0.8147810218978102
33557,0,1,0.08415794929789841,0.8147810218978102
15170,0,1,0.08415794929789841,0.8147810218978102
98006,0,1,0.08415794929789841,0.8147810218978102
62661,0,0,0.08415794929789841,0.8147810218978102
75412,0,1,0.08415794929789841,0.8147810218978102
94549,0,1,0.08415794929789841,0.8147810218978102
83001,1,1,0.08415794929789841,0.8147810218978102
67857,0,1,0.08415794929789841,0.8147810218978102
39740,0,1,0.08415794929789841,0.8147810218978102
71350,0,1,0.08415794929789841,0.8147810218978102
12011,0,0,0.08415794929789841,0.8147810218978102
89939,0,0,0.08415794929789841,0.8147810218978102
58352,0,1,0.08415794929789841,0.8147810218978102
4891,0,0,0.08415794929789841,0.8147810218978102
25815,0,1,0.08415794929789841,0.8147810218978102
72736,0,0,0.08415794929789841,0.8147810218978102
41678,0,0,0.08415794929789841,0.8147810218978102
87585,0,0,0.08415794929789841,0.8147810218978102
19040,0,1,0.08415794929789841,0.8147810218978102
24535,0,1,0.08415794929789841,0.8147810218978102
18682,0,1,0.08415794929789841,0.8147810218978102
48277,0,0,0.08415794929789841,0.8147810218978102
28485,0,0,0.08415794929789841,0.8147810218978102
46780,0,1,0.08415794929789841,0.8147810218978102
48856,0,1,0.08415794929789841,0.8147810218978102
76923,0,0,0.08415794929789841,0.8147810218978102
71005,0,1,0.08415794929789841,0.8147810218978102
16558,0,0,0.08415794929789841,0.8147810218978102
82394,0,0,0.08415794929789841,0.8147810218978102
40241,0,1,0.08415794929789841,0.8147810218978102
44300,0,1,0.08415794929789841,0.8147810218978102
91567,0,0,0.08415794929789841,0.8147810218978102
31659,1,1,0.08415794929789841,0.8147810218978102
32180,0,0,0.08415794929789841,0.8147810218978102
80262,0,1,0.08415794929789841,0.8147810218978102
2797,0,0,0.08415794929789841,0.8147810218978102
63769,0,0,0.08415794929789841,0.8147810218978102
39515,0,0,0.08415794929789841,0.8147810218978102
36099,0,1,0.08415794929789841,0.8147810218978102
71218,0,0,0.08415794929789841,0.8147810218978102
66421,1,1,0.08415794929789841,0.8147810218978102
3238,0,1,0.08415794929789841,0.8147810218978102
65082,0,1,0.08415794929789841,0.8147810218978102
75857,0,1,0.08415794929789841,0.8147810218978102
65258,0,1,0.08415794929789841,0.8147810218978102
98462,0,1,0.08415794929789841,0.8147810218978102
18168,0,1,0.08415794929789841,0.8147810218978102
65715,0,0,0.08415794929789841,0.8147810218978102
17269,0,1,0.08415794929789841,0.8147810218978102
6737,0,0,0.08415794929789841,0.8147810218978102
32540,0,0,0.08415794929789841,0.8147810218978102
23993,0,0,0.08415794929789841,0.8147810218978102
50856,0,0,0.08415794929789841,0.8147810218978102
37063,0,0,0.08415794929789841,0.8147810218978102
31465,0,1,0.08415794929789841,0.8147810218978102
54796,1,1,0.08415794929789841,0.8147810218978102
3161,0,1,0.08415794929789841,0.8147810218978102
54605,0,0,0.08415794929789841,0.8147810218978102
71606,0,0,0.08415794929789841,0.8147810218978102
59835,0,1,0.08415794929789841,0.8147810218978102
46924,0,0,0.08415794929789841,0.8147810218978102
80718,1,1,0.08415794929789841,0.8147810218978102
29016,0,0,0.08415794929789841,0.8147810218978102
51732,1,1,0.08415794929789841,0.8147810218978102
1760,0,1,0.08415794929789841,0.8147810218978102
35989,0,0,0.08415794929789841,0.8147810218978102
52837,0,1,0.08415794929789841,0.8147810218978102
44387,0,1,0.08415794929789841,0.8147810218978102
78374,0,0,0.08415794929789841,0.8147810218978102
12718,1,0,0.08415794929789841,0.8147810218978102
17554,0,0,0.08415794929789841,0.8147810218978102
32816,0,1,0.08415794929789841,0.8147810218978102
30614,0,1,0.08415794929789841,0.8147810218978102
30474,0,0,0.08415794929789841,0.8147810218978102
11619,0,0,0.08415794929789841,0.8147810218978102
81266,0,1,0.08415794929789841,0.8147810218978102
40414,0,0,0.08415794929789841,0.8147810218978102
85567,0,1,0.08415794929789841,0.8147810218978102
326,0,1,0.08415794929789841,0.8147810218978102
20331,0,1,0.08415794929789841,0.8147810218978102
69272,0,0,0.08415794929789841,0.8147810218978102
53160,0,1,0.08415794929789841,0.8147810218978102
68432,0,0,0.08415794929789841,0.8147810218978102
62795,0,1,0.08415794929789841,0.8147810218978102
64935,0,0,0.08415794929789841,0.8147810218978102
87697,0,0,0.08415794929789841,0.8147810218978102
4249,0,0,0.08415794929789841,0.8147810218978102
39334,0,1,0.08415794929789841,0.8147810218978102
26400,0,1,0.08415794929789841,0.8147810218978102
1397,0,0,0.08415794929789841,0.8147810218978102
28797,0,1,0.08415794929789841,0.8147810218978102
74290,0,0,0.08415794929789841,0.8147810218978102
6216,0,1,0.08415794929789841,0.8147810218978102
44784,0,1,0.08415794929789841,0.8147810218978102
79379,0,1,0.08415794929789841,0.8147810218978102
57762,0,0,0.08415794929789841,0.8147810218978102
39316,0,1,0.08415794929789841,0.8147810218978102
88846,0,1,0.08415794929789841,0.8147810218978102
84666,0,0,0.08415794929789841,0.8147810218978102
33476,0,1,0.08415794929789841,0.8147810218978102
92235,0,0,0.08415794929789841,0.8147810218978102
163,0,1,0.08415794929789841,0.8147810218978102
98228,0,1,0.08415794929789841,0.8147810218978102
30378,0,1,0.08415794929789841,0.8147810218978102
37901,0,1,0.08415794929789841,0.8147810218978102
63734,0,0,0.08415794929789841,0.8147810218978102
8699,0,0,0.08415794929789841,0.8147810218978102
56411,0,0,0.08415794929789841,0.8147810218978102
9850,0,0,0.08415794929789841,0.8147810218978102
38109,0,1,0.08415794929789841,0.8147810218978102
79832,0,1,0.08415794929789841,0.8147810218978102
34304,0,1,0.08415794929789841,0.8147810218978102
1927,0,0,0.08415794929789841,0.8147810218978102
49408,0,0,0.08415794929789841,0.8147810218978102
80429,0,1,0.08415794929789841,0.8147810218978102
14070,0,0,0.08415794929789841,0.8147810218978102
4894,0,1,0.08415794929789841,0.8147810218978102
81627,0,1,0.08415794929789841,0.8147810218978102
18059,0,1,0.08415794929789841,0.8147810218978102
65324,0,1,0.08415794929789841,0.8147810218978102
95703,0,0,0.08415794929789841,0.8147810218978102
28027,0,1,0.08415794929789841,0.8147810218978102
21585,0,0,0.08415794929789841,0.8147810218978102
72201,0,1,0.08415794929789841,0.8147810218978102
57306,0,1,0.08415794929789841,0.8147810218978102
5232,0,1,0.08415794929789841,0.8147810218978102
25529,0,1,0.08415794929789841,0.8147810218978102
34223,0,1,0.08415794929789841,0.8147810218978102
26943,0,1,0.08415794929789841,0.8147810218978102
16625,0,0,0.08415794929789841,0.8147810218978102
64257,0,0,0.08415794929789841,0.8147810218978102
70493,0,0,0.08415794929789841,0.8147810218978102
50590,0,1,0.08415794929789841,0.8147810218978102
21054,0,0,0.08415794929789841,0.8147810218978102
70661,0,1,0.08415794929789841,0.8147810218978102
1496,0,1,0.08415794929789841,0.8147810218978102
28116,0,0,0.08415794929789841,0.8147810218978102
82207,0,0,0.08415794929789841,0.8147810218978102
4793,0,0,0.08415794929789841,0.8147810218978102
25012,0,1,0.08415794929789841,0.8147810218978102
6073,0,0,0.08415794929789841,0.8147810218978102
32897,0,1,0.08415794929789841,0.8147810218978102
14232,1,0,0.08415794929789841,0.8147810218978102
2886,0,1,0.08415794929789841,0.8147810218978102
61104,0,0,0.08415794929789841,0.8147810218978102
18466,1,1,0.08415794929789841,0.8147810218978102
4021,0,1,0.08415794929789841,0.8147810218978102
6456,0,1,0.08415794929789841,0.8147810218978102
63631,0,0,0.08415794929789841,0.8147810218978102
12839,0,0,0.08415794929789841,0.8147810218978102
5491,0,0,0.08415794929789841,0.8147810218978102
9180,0,0,0.08415794929789841,0.8147810218978102
98903,0,1,0.08415794929789841,0.8147810218978102
45037,0,0,0.08415794929789841,0.8147810218978102
48730,0,1,0.08415794929789841,0.8147810218978102
23565,0,1,0.08415794929789841,0.8147810218978102
2122,1,0,0.08415794929789841,0.8147810218978102
27494,0,0,0.08415794929789841,0.8147810218978102
6179,0,0,0.08415794929789841,0.8147810218978102
65550,0,1,0.08415794929789841,0.8147810218978102
74966,0,1,0.08415794929789841,0.8147810218978102
91496,0,0,0.08415794929789841,0.8147810218978102
15580,0,1,0.08415794929789841,0.8147810218978102
66813,0,0,0.08415794929789841,0.8147810218978102
7913,0,0,0.08415794929789841,0.8147810218978102
93990,0,0,0.08415794929789841,0.8147810218978102
94858,0,0,0.08415794929789841,0.8147810218978102
45211,0,0,0.08415794929789841,0.8147810218978102
66479,0,1,0.08415794929789841,0.8147810218978102
29789,0,1,0.08415794929789841,0.8147810218978102
37898,0,0,0.08415794929789841,0.8147810218978102
3094,0,1,0.08415794929789841,0.8147810218978102
82002,0,1,0.08415794929789841,0.8147810218978102
82350,1,1,0.08415794929789841,0.8147810218978102
85477,1,1,0.08415794929789841,0.8147810218978102
44786,0,0,0.08415794929789841,0.8147810218978102
57227,0,0,0.08415794929789841,0.8147810218978102
47785,0,1,0.08415794929789841,0.8147810218978102
23927,0,0,0.08415794929789841,0.8147810218978102
24931,0,1,0.08415794929789841,0.8147810218978102
21435,0,1,0.08415794929789841,0.8147810218978102
23261,0,1,0.08415794929789841,0.8147810218978102
80670,0,0,0.08415794929789841,0.8147810218978102
20776,0,1,0.08415794929789841,0.8147810218978102
14439,0,0,0.08415794929789841,0.8147810218978102
9686,0,0,0.08415794929789841,0.8147810218978102
4887,0,0,0.08415794929789841,0.8147810218978102
66887,0,0,0.08415794929789841,0.8147810218978102
32170,0,0,0.08415794929789841,0.8147810218978102
65146,0,1,0.08415794929789841,0.8147810218978102
66358,0,1,0.08415794929789841,0.8147810218978102
77120,0,1,0.08415794929789841,0.8147810218978102
63067,0,1,0.08415794929789841,0.8147810218978102
79642,0,1,0.08415794929789841,0.8147810218978102
23026,0,1,0.08415794929789841,0.8147810218978102
87471,0,0,0.08415794929789841,0.8147810218978102
26158,0,0,0.08415794929789841,0.8147810218978102
24073,0,0,0.08415794929789841,0.8147810218978102
83534,0,0,0.08415794929789841,0.8147810218978102
57865,0,1,0.08415794929789841,0.8147810218978102
84989,0,1,0.08415794929789841,0.8147810218978102
23630,0,1,0.08415794929789841,0.8147810218978102
85107,0,1,0.08415794929789841,0.8147810218978102
87515,0,1,0.08415794929789841,0.8147810218978102
77809,0,0,0.08415794929789841,0.8147810218978102
68557,0,1,0.08415794929789841,0.8147810218978102
38810,0,1,0.08415794929789841,0.8147810218978102
27519,1,0,0.08415794929789841,0.8147810218978102
93135,0,0,0.08415794929789841,0.8147810218978102
88642,0,1,0.08415794929789841,0.8147810218978102
51034,0,1,0.08415794929789841,0.8147810218978102
65171,0,0,0.08415794929789841,0.8147810218978102
99127,0,1,0.08415794929789841,0.8147810218978102
55924,0,1,0.08415794929789841,0.8147810218978102
6384,0,1,0.08415794929789841,0.8147810218978102
88202,0,1,0.08415794929789841,0.8147810218978102
29281,0,1,0.08415794929789841,0.8147810218978102
32012,0,1,0.08415794929789841,0.8147810218978102
7912,0,1,0.08415794929789841,0.8147810218978102
96820,0,0,0.08415794929789841,0.8147810218978102
58590,0,0,0.08415794929789841,0.8147810218978102
55767,0,0,0.08415794929789841,0.8147810218978102
19114,0,1,0.08415794929789841,0.8147810218978102
21201,0,0,0.08415794929789841,0.8147810218978102
18969,0,0,0.08415794929789841,0.8147810218978102
10100,0,0,0.08415794929789841,0.8147810218978102
64613,0,0,0.08415794929789841,0.8147810218978102
1816,0,1,0.08415794929789841,0.8147810218978102
14541,0,1,0.08415794929789841,0.8147810218978102
25412,0,1,0.08415794929789841,0.8147810218978102
53615,0,1,0.08415794929789841,0.8147810218978102
78484,0,1,0.08415794929789841,0.8147810218978102
29585,0,1,0.08415794929789841,0.8147810218978102
89191,0,1,0.08415794929789841,0.8147810218978102
86287,0,1,0.08415794929789841,0.8147810218978102
59633,0,1,0.08415794929789841,0.8147810218978102
45338,1,1,0.08415794929789841,0.8147810218978102
28611,0,1,0.08415794929789841,0.8147810218978102
28868,0,1,0.08415794929789841,0.8147810218978102
78500,0,0,0.08415794929789841,0.8147810218978102
23904,0,1,0.08415794929789841,0.8147810218978102
36779,0,0,0.08415794929789841,0.8147810218978102
5778,0,0,0.08415794929789841,0.8147810218978102
18832,0,1,0.08415794929789841,0.8147810218978102
91251,0,0,0.08415794929789841,0.8147810218978102
74053,0,0,0.08415794929789841,0.8147810218978102
81085,0,1,0.08415794929789841,0.8147810218978102
25743,0,0,0.08415794929789841,0.8147810218978102
98919,0,1,0.08415794929789841,0.8147810218978102
20794,0,1,0.08415794929789841,0.8147810218978102
68935,0,0,0.08415794929789841,0.8147810218978102
25747,0,1,0.08415794929789841,0.8147810218978102
65460,0,0,0.08415794929789841,0.8147810218978102
97699,0,0,0.08415794929789841,0.8147810218978102
63511,0,1,0.08415794929789841,0.8147810218978102
88125,0,0,0.08415794929789841,0.8147810218978102
25480,0,0,0.08415794929789841,0.8147810218978102
4630,0,1,0.08415794929789841,0.8147810218978102
35700,0,0,0.08415794929789841,0.8147810218978102
70266,0,0,0.08415794929789841,0.8147810218978102
40626,0,0,0.08415794929789841,0.8147810218978102
60107,0,0,0.08415794929789841,0.8147810218978102
4063,0,0,0.08415794929789841,0.8147810218978102
65436,0,1,0.08415794929789841,0.8147810218978102
59749,0,0,0.08415794929789841,0.8147810218978102
26606,0,0,0.08415794929789841,0.8147810218978102
49197,0,0,0.08415794929789841,0.8147810218978102
69330,0,1,0.08415794929789841,0.8147810218978102
43705,0,1,0.08415794929789841,0.8147810218978102
61802,0,1,0.08415794929789841,0.8147810218978102
84505,0,1,0.08415794929789841,0.8147810218978102
14902,0,0,0.08415794929789841,0.8147810218978102
78294,0,1,0.08415794929789841,0.8147810218978102
12058,0,1,0.08415794929789841,0.8147810218978102
14250,0,1,0.08415794929789841,0.8147810218978102
58096,0,0,0.08415794929789841,0.8147810218978102
49331,0,1,0.08415794929789841,0.8147810218978102
56513,0,1,0.08415794929789841,0.8147810218978102
30804,0,1,0.08415794929789841,0.8147810218978102
85561,0,1,0.08415794929789841,0.8147810218978102
24744,0,0,0.08415794929789841,0.8147810218978102
92828,0,1,0.08415794929789841,0.8147810218978102
93621,0,1,0.08415794929789841,0.8147810218978102
10760,0,0,0.08415794929789841,0.8147810218978102
28614,0,0,0.08415794929789841,0.8147810218978102
47363,0,1,0.08415794929789841,0.8147810218978102
591,0,0,0.08415794929789841,0.8147810218978102
44724,0,0,0.08415794929789841,0.8147810218978102
31003,0,0,0.08415794929789841,0.8147810218978102
56476,0,0,0.08415794929789841,0.8147810218978102
43607,0,0,0.08415794929789841,0.8147810218978102
33739,0,0,0.08415794929789841,0.8147810218978102
23762,0,1,0.08415794929789841,0.8147810218978102
86601,0,1,0.08415794929789841,0.8147810218978102
88644,0,0,0.08415794929789841,0.8147810218978102
18451,0,0,0.08415794929789841,0.8147810218978102
56327,0,0,0.08415794929789841,0.8147810218978102
75164,0,1,0.08415794929789841,0.8147810218978102
72434,0,1,0.08415794929789841,0.8147810218978102
98426,0,0,0.08415794929789841,0.8147810218978102
49766,0,0,0.08415794929789841,0.8147810218978102
69152,0,1,0.08415794929789841,0.8147810218978102
83498,0,0,0.08415794929789841,0.8147810218978102
25648,0,0,0.08415794929789841,0.8147810218978102
58201,0,0,0.08415794929789841,0.8147810218978102
39133,0,1,0.08415794929789841,0.8147810218978102
23918,0,1,0.08415794929789841,0.8147810218978102
76214,0,0,0.08415794929789841,0.8147810218978102
4966,0,0,0.08415794929789841,0.8147810218978102
83436,0,0,0.08415794929789841,0.8147810218978102
62920,0,0,0.08415794929789841,0.8147810218978102
16929,0,0,0.08415794929789841,0.8147810218978102
7974,0,1,0.08415794929789841,0.8147810218978102
47497,0,0,0.08415794929789841,0.8147810218978102
63811,0,1,0.08415794929789841,0.8147810218978102
41413,0,1,0.08415794929789841,0.8147810218978102
86727,0,0,0.08415794929789841,0.8147810218978102
34880,0,1,0.08415794929789841,0.8147810218978102
17489,0,1,0.08415794929789841,0.8147810218978102
1659,0,1,0.08415794929789841,0.8147810218978102
74462,0,1,0.08415794929789841,0.8147810218978102
70030,0,0,0.08415794929789841,0.8147810218978102
25313,0,1,0.08415794929789841,0.8147810218978102
56145,0,1,0.08415794929789841,0.8147810218978102
91136,0,0,0.08415794929789841,0.8147810218978102
19714,0,1,0.08415794929789841,0.8147810218978102
40356,0,0,0.08415794929789841,0.8147810218978102
97712,0,0,0.08415794929789841,0.8147810218978102
32141,0,0,0.08415794929789841,0.8147810218978102
89045,0,1,0.08415794929789841,0.8147810218978102
43487,0,0,0.08415794929789841,0.8147810218978102
15891,0,1,0.08415794929789841,0.8147810218978102
98469,0,0,0.08415794929789841,0.8147810218978102
38892,0,0,0.08415794929789841,0.8147810218978102
16573,0,1,0.08415794929789841,0.8147810218978102
18593,0,0,0.08415794929789841,0.8147810218978102
90072,0,1,0.08415794929789841,0.8147810218978102
49886,0,1,0.08415794929789841,0.8147810218978102
15095,0,0,0.08415794929789841,0.8147810218978102
10079,0,1,0.08415794929789841,0.8147810218978102
25328,0,1,0.08415794929789841,0.8147810218978102
1391,0,1,0.08415794929789841,0.8147810218978102
14157,0,1,0.08415794929789841,0.8147810218978102
69951,0,1,0.08415794929789841,0.8147810218978102
520,0,0,0.08415794929789841,0.8147810218978102
7967,0,1,0.08415794929789841,0.8147810218978102
94861,0,0,0.08415794929789841,0.8147810218978102
73897,0,0,0.08415794929789841,0.8147810218978102
22830,0,1,0.08415794929789841,0.8147810218978102
61415,0,1,0.08415794929789841,0.8147810218978102
10482,0,0,0.08415794929789841,0.8147810218978102
55997,0,1,0.08415794929789841,0.8147810218978102
37823,0,0,0.08415794929789841,0.8147810218978102
93662,0,0,0.08415794929789841,0.8147810218978102
44665,0,0,0.08415794929789841,0.8147810218978102
97044,0,1,0.08415794929789841,0.8147810218978102
39156,0,0,0.08415794929789841,0.8147810218978102
56259,0,1,0.08415794929789841,0.8147810218978102
15842,0,1,0.08415794929789841,0.8147810218978102
12626,0,1,0.08415794929789841,0.8147810218978102
93783,0,1,0.08415794929789841,0.8147810218978102
9841,0,0,0.08415794929789841,0.8147810218978102
11462,0,1,0.08415794929789841,0.8147810218978102
58036,0,1,0.08415794929789841,0.8147810218978102
26295,0,1,0.08415794929789841,0.8147810218978102
86298,0,1,0.08415794929789841,0.8147810218978102
49582,0,0,0.08415794929789841,0.8147810218978102
87179,0,0,0.08415794929789841,0.8147810218978102
80518,0,1,0.08415794929789841,0.8147810218978102
16152,0,0,0.08415794929789841,0.8147810218978102
9400,0,1,0.08415794929789841,0.8147810218978102
58224,0,0,0.08415794929789841,0.8147810218978102
54198,1,0,0.08415794929789841,0.8147810218978102
76292,0,0,0.08415794929789841,0.8147810218978102
27689,0,1,0.08415794929789841,0.8147810218978102
7075,0,1,0.08415794929789841,0.8147810218978102
87049,0,1,0.08415794929789841,0.8147810218978102
307,0,0,0.08415794929789841,0.8147810218978102
173,0,1,0.08415794929789841,0.8147810218978102
52986,0,0,0.08415794929789841,0.8147810218978102
30734,0,0,0.08415794929789841,0.8147810218978102
36661,0,1,0.08415794929789841,0.8147810218978102
10974,0,1,0.08415794929789841,0.8147810218978102
35682,0,0,0.08415794929789841,0.8147810218978102
78595,0,0,0.08415794929789841,0.8147810218978102
68242,0,0,0.08415794929789841,0.8147810218978102
45320,0,1,0.08415794929789841,0.8147810218978102
18789,0,0,0.08415794929789841,0.8147810218978102
3811,0,0,0.08415794929789841,0.8147810218978102
53870,0,1,0.08415794929789841,0.8147810218978102
19492,0,1,0.08415794929789841,0.8147810218978102
81701,0,0,0.08415794929789841,0.8147810218978102
11870,0,0,0.08415794929789841,0.8147810218978102
56791,0,1,0.08415794929789841,0.8147810218978102
60124,0,1,0.08415794929789841,0.8147810218978102
29542,0,0,0.08415794929789841,0.8147810218978102
82592,0,1,0.08415794929789841,0.8147810218978102
71730,0,1,0.08415794929789841,0.8147810218978102
10784,0,0,0.08415794929789841,0.8147810218978102
99630,0,1,0.08415794929789841,0.8147810218978102
60774,0,1,0.08415794929789841,0.8147810218978102
14511,0,0,0.08415794929789841,0.8147810218978102
31113,0,1,0.08415794929789841,0.8147810218978102
83406,0,1,0.08415794929789841,0.8147810218978102
77415,0,0,0.08415794929789841,0.8147810218978102
48278,0,0,0.08415794929789841,0.8147810218978102
17729,0,0,0.08415794929789841,0.8147810218978102
4396,0,0,0.08415794929789841,0.8147810218978102
47369,0,1,0.08415794929789841,0.8147810218978102
50947,0,1,0.08415794929789841,0.8147810218978102
9652,0,0,0.08415794929789841,0.8147810218978102
43891,0,1,0.08415794929789841,0.8147810218978102
64138,0,0,0.08415794929789841,0.8147810218978102
37845,0,1,0.08415794929789841,0.8147810218978102
8937,0,1,0.08415794929789841,0.8147810218978102
62620,0,0,0.08415794929789841,0.8147810218978102
79460,0,0,0.08415794929789841,0.8147810218978102
53679,0,1,0.08415794929789841,0.8147810218978102
93054,0,1,0.08415794929789841,0.8147810218978102
99549,0,0,0.08415794929789841,0.8147810218978102
77529,0,0,0.08415794929789841,0.8147810218978102
50714,0,1,0.08415794929789841,0.8147810218978102
25122,0,0,0.08415794929789841,0.8147810218978102
88377,1,1,0.08415794929789841,0.8147810218978102
25287,0,1,0.08415794929789841,0.8147810218978102
47269,0,1,0.08415794929789841,0.8147810218978102
45309,0,0,0.08415794929789841,0.8147810218978102
17913,0,1,0.08415794929789841,0.8147810218978102
90647,0,0,0.08415794929789841,0.8147810218978102
32728,0,1,0.08415794929789841,0.8147810218978102
61944,0,0,0.08415794929789841,0.8147810218978102
30119,0,1,0.08415794929789841,0.8147810218978102
94656,0,1,0.08415794929789841,0.8147810218978102
24718,0,1,0.08415794929789841,0.8147810218978102
48692,0,0,0.08415794929789841,0.8147810218978102
44396,0,1,0.08415794929789841,0.8147810218978102
77823,0,1,0.08415794929789841,0.8147810218978102
36106,0,1,0.08415794929789841,0.8147810218978102
1459,0,0,0.08415794929789841,0.8147810218978102
40723,1,1,0.08415794929789841,0.8147810218978102
73841,0,1,0.08415794929789841,0.8147810218978102
13295,0,0,0.08415794929789841,0.8147810218978102
38992,0,0,0.08415794929789841,0.8147810218978102
83122,0,1,0.08415794929789841,0.8147810218978102
24650,0,1,0.08415794929789841,0.8147810218978102
6875,0,0,0.08415794929789841,0.8147810218978102
19427,1,1,0.08415794929789841,0.8147810218978102
51136,0,1,0.08415794929789841,0.8147810218978102
64430,0,0,0.08415794929789841,0.8147810218978102
35275,0,1,0.08415794929789841,0.8147810218978102
5120,0,1,0.08415794929789841,0.8147810218978102
29815,0,1,0.08415794929789841,0.8147810218978102
30293,0,0,0.08415794929789841,0.8147810218978102
83357,0,0,0.08415794929789841,0.8147810218978102
91433,0,0,0.08415794929789841,0.8147810218978102
10692,0,0,0.08415794929789841,0.8147810218978102
35817,0,1,0.08415794929789841,0.8147810218978102
92367,0,1,0.08415794929789841,0.8147810218978102
87273,0,1,0.08415794929789841,0.8147810218978102
74005,0,0,0.08415794929789841,0.8147810218978102
25189,0,0,0.08415794929789841,0.8147810218978102
76685,0,1,0.08415794929789841,0.8147810218978102
22050,0,0,0.08415794929789841,0.8147810218978102
83176,0,1,0.08415794929789841,0.8147810218978102
34974,0,1,0.08415794929789841,0.8147810218978102
89186,1,1,0.08415794929789841,0.8147810218978102
49096,0,1,0.08415794929789841,0.8147810218978102
89647,0,0,0.08415794929789841,0.8147810218978102
36470,0,1,0.08415794929789841,0.8147810218978102
22801,0,0,0.08415794929789841,0.8147810218978102
82614,0,1,0.08415794929789841,0.8147810218978102
30514,0,1,0.08415794929789841,0.8147810218978102
59145,0,1,0.08415794929789841,0.8147810218978102
63658,0,0,0.08415794929789841,0.8147810218978102
26695,0,1,0.08415794929789841,0.8147810218978102
33029,0,1,0.08415794929789841,0.8147810218978102
59760,0,1,0.08415794929789841,0.8147810218978102
91191,0,1,0.08415794929789841,0.8147810218978102
14516,0,1,0.08415794929789841,0.8147810218978102
94724,0,0,0.08415794929789841,0.8147810218978102
92616,0,1,0.08415794929789841,0.8147810218978102
48508,0,0,0.08415794929789841,0.8147810218978102
89097,0,1,0.08415794929789841,0.8147810218978102
36462,0,1,0.08415794929789841,0.8147810218978102
61441,0,1,0.08415794929789841,0.8147810218978102
76920,0,1,0.08415794929789841,0.8147810218978102
91305,0,0,0.08415794929789841,0.8147810218978102
49949,0,1,0.08415794929789841,0.8147810218978102
54981,0,1,0.08415794929789841,0.8147810218978102
63400,0,0,0.08415794929789841,0.8147810218978102
61286,0,0,0.08415794929789841,0.8147810218978102
4815,0,1,0.08415794929789841,0.8147810218978102
68097,0,0,0.08415794929789841,0.8147810218978102
28812,0,1,0.08415794929789841,0.8147810218978102
34779,0,0,0.08415794929789841,0.8147810218978102
67890,0,1,0.08415794929789841,0.8147810218978102
64136,0,1,0.08415794929789841,0.8147810218978102
55693,0,0,0.08415794929789841,0.8147810218978102
1813,0,1,0.08415794929789841,0.8147810218978102
42728,0,0,0.08415794929789841,0.8147810218978102
29433,0,1,0.08415794929789841,0.8147810218978102
23733,0,0,0.08415794929789841,0.8147810218978102
10215,0,1,0.08415794929789841,0.8147810218978102
43972,0,1,0.08415794929789841,0.8147810218978102
22947,0,0,0.08415794929789841,0.8147810218978102
99283,0,1,0.08415794929789841,0.8147810218978102
3904,1,1,0.08415794929789841,0.8147810218978102
80047,0,1,0.08415794929789841,0.8147810218978102
57721,0,0,0.08415794929789841,0.8147810218978102
94981,0,0,0.08415794929789841,0.8147810218978102
12879,0,1,0.08415794929789841,0.8147810218978102
90148,0,1,0.08415794929789841,0.8147810218978102
21227,0,0,0.08415794929789841,0.8147810218978102
11409,0,1,0.08415794929789841,0.8147810218978102
34912,0,1,0.08415794929789841,0.8147810218978102
9266,0,0,0.08415794929789841,0.8147810218978102
84162,0,0,0.08415794929789841,0.8147810218978102
83582,0,0,0.08415794929789841,0.8147810218978102
41459,0,0,0.08415794929789841,0.8147810218978102
83405,0,1,0.08415794929789841,0.8147810218978102
39772,0,0,0.08415794929789841,0.8147810218978102
14300,0,1,0.08415794929789841,0.8147810218978102
66895,0,0,0.08415794929789841,0.8147810218978102
85046,0,1,0.08415794929789841,0.8147810218978102
5279,0,0,0.08415794929789841,0.8147810218978102
61302,0,0,0.08415794929789841,0.8147810218978102
14745,0,0,0.08415794929789841,0.8147810218978102
89231,0,0,0.08415794929789841,0.8147810218978102
8651,0,0,0.08415794929789841,0.8147810218978102
92463,0,0,0.08415794929789841,0.8147810218978102
40268,0,1,0.08415794929789841,0.8147810218978102
96633,0,1,0.08415794929789841,0.8147810218978102
36284,0,0,0.08415794929789841,0.8147810218978102
66955,0,0,0.08415794929789841,0.8147810218978102
93918,0,1,0.08415794929789841,0.8147810218978102
80903,0,0,0.08415794929789841,0.8147810218978102
37211,0,0,0.08415794929789841,0.8147810218978102
64115,1,1,0.08415794929789841,0.8147810218978102
61317,0,1,0.08415794929789841,0.8147810218978102
23462,0,1,0.08415794929789841,0.8147810218978102
94412,0,0,0.08415794929789841,0.8147810218978102
34621,0,1,0.08415794929789841,0.8147810218978102
29546,1,1,0.08415794929789841,0.8147810218978102
74542,0,1,0.08415794929789841,0.8147810218978102
52669,0,0,0.08415794929789841,0.8147810218978102
19434,0,0,0.08415794929789841,0.8147810218978102
87576,0,0,0.08415794929789841,0.8147810218978102
23299,0,0,0.08415794929789841,0.8147810218978102
50807,0,1,0.08415794929789841,0.8147810218978102
21584,0,1,0.08415794929789841,0.8147810218978102
91616,0,0,0.08415794929789841,0.8147810218978102
72112,0,0,0.08415794929789841,0.8147810218978102
95155,0,1,0.08415794929789841,0.8147810218978102
86844,1,1,0.08415794929789841,0.8147810218978102
28231,0,0,0.08415794929789841,0.8147810218978102
62692,0,0,0.08415794929789841,0.8147810218978102
81781,0,1,0.08415794929789841,0.8147810218978102
94284,0,1,0.08415794929789841,0.8147810218978102
21813,0,1,0.08415794929789841,0.8147810218978102
3162,1,1,0.08415794929789841,0.8147810218978102
94268,0,1,0.08415794929789841,0.8147810218978102
32751,0,0,0.08415794929789841,0.8147810218978102
76762,0,1,0.08415794929789841,0.8147810218978102
3462,0,1,0.08415794929789841,0.8147810218978102
12061,0,1,0.08415794929789841,0.8147810218978102
83639,0,0,0.08415794929789841,0.8147810218978102
38841,0,1,0.08415794929789841,0.8147810218978102
21100,0,1,0.08415794929789841,0.8147810218978102
920,0,0,0.08415794929789841,0.8147810218978102
18648,0,1,0.08415794929789841,0.8147810218978102
90269,1,1,0.08415794929789841,0.8147810218978102
50332,0,1,0.08415794929789841,0.8147810218978102
74309,0,0,0.08415794929789841,0.8147810218978102
85317,0,1,0.08415794929789841,0.8147810218978102
77606,0,1,0.08415794929789841,0.8147810218978102
40570,0,1,0.08415794929789841,0.8147810218978102
97156,0,0,0.08415794929789841,0.8147810218978102
91141,0,1,0.08415794929789841,0.8147810218978102
31605,0,1,0.08415794929789841,0.8147810218978102
10046,0,0,0.08415794929789841,0.8147810218978102
27635,0,0,0.08415794929789841,0.8147810218978102
22602,0,0,0.08415794929789841,0.8147810218978102
36086,0,1,0.08415794929789841,0.8147810218978102
69613,0,0,0.08415794929789841,0.8147810218978102
9353,0,0,0.08415794929789841,0.8147810218978102
28077,0,0,0.08415794929789841,0.8147810218978102
52175,1,1,0.08415794929789841,0.8147810218978102
56828,0,0,0.08415794929789841,0.8147810218978102
87007,0,0,0.08415794929789841,0.8147810218978102
51682,0,1,0.08415794929789841,0.8147810218978102
22093,0,0,0.08415794929789841,0.8147810218978102
8272,0,1,0.08415794929789841,0.8147810218978102
49611,0,1,0.08415794929789841,0.8147810218978102
3393,0,1,0.08415794929789841,0.8147810218978102
24575,0,1,0.08415794929789841,0.8147810218978102
41136,0,1,0.08415794929789841,0.8147810218978102
80836,0,1,0.08415794929789841,0.8147810218978102
3172,0,0,0.08415794929789841,0.8147810218978102
52997,0,0,0.08415794929789841,0.8147810218978102
71120,0,1,0.08415794929789841,0.8147810218978102
38825,1,1,0.08415794929789841,0.8147810218978102
95033,0,1,0.08415794929789841,0.8147810218978102
55932,0,0,0.08415794929789841,0.8147810218978102
82998,0,1,0.08415794929789841,0.8147810218978102
29558,0,0,0.08415794929789841,0.8147810218978102
7652,0,1,0.08415794929789841,0.8147810218978102
58679,0,1,0.08415794929789841,0.8147810218978102
12865,0,1,0.08415794929789841,0.8147810218978102
57704,0,1,0.08415794929789841,0.8147810218978102
89073,0,0,0.08415794929789841,0.8147810218978102
43993,0,1,0.08415794929789841,0.8147810218978102
84140,0,1,0.08415794929789841,0.8147810218978102
81375,0,1,0.08415794929789841,0.8147810218978102
49619,0,1,0.08415794929789841,0.8147810218978102
60546,0,1,0.08415794929789841,0.8147810218978102
67803,0,1,0.08415794929789841,0.8147810218978102
74526,0,0,0.08415794929789841,0.8147810218978102
14137,0,0,0.08415794929789841,0.8147810218978102
83521,0,1,0.08415794929789841,0.8147810218978102
29474,0,0,0.08415794929789841,0.8147810218978102
86664,0,1,0.08415794929789841,0.8147810218978102
96449,0,0,0.08415794929789841,0.8147810218978102
34528,0,1,0.08415794929789841,0.8147810218978102
21225,0,0,0.08415794929789841,0.8147810218978102
41757,0,0,0.08415794929789841,0.8147810218978102
50306,0,1,0.08415794929789841,0.8147810218978102
26710,0,0,0.08415794929789841,0.8147810218978102
17807,0,1,0.08415794929789841,0.8147810218978102
49665,0,0,0.08415794929789841,0.8147810218978102
50761,0,1,0.08415794929789841,0.8147810218978102
66566,0,0,0.08415794929789841,0.8147810218978102
5646,0,0,0.08415794929789841,0.8147810218978102
9673,0,0,0.08415794929789841,0.8147810218978102
97262,0,0,0.08415794929789841,0.8147810218978102
62001,0,0,0.08415794929789841,0.8147810218978102
12000,0,0,0.08415794929789841,0.8147810218978102
11920,0,1,0.08415794929789841,0.8147810218978102
29466,0,0,0.08415794929789841,0.8147810218978102
95734,0,1,0.08415794929789841,0.8147810218978102
21105,0,1,0.08415794929789841,0.8147810218978102
33238,0,1,0.08415794929789841,0.8147810218978102
5588,0,1,0.08415794929789841,0.8147810218978102
11686,0,1,0.08415794929789841,0.8147810218978102
35355,0,0,0.08415794929789841,0.8147810218978102
36221,0,1,0.08415794929789841,0.8147810218978102
45047,0,0,0.08415794929789841,0.8147810218978102
39215,0,1,0.08415794929789841,0.8147810218978102
29021,0,0,0.08415794929789841,0.8147810218978102
8249,0,0,0.08415794929789841,0.8147810218978102
30579,0,1,0.08415794929789841,0.8147810218978102
69959,0,1,0.08415794929789841,0.8147810218978102
26383,0,1,0.08415794929789841,0.8147810218978102
98203,0,1,0.08415794929789841,0.8147810218978102
13830,0,1,0.08415794929789841,0.8147810218978102
21381,0,0,0.08415794929789841,0.8147810218978102
20521,0,0,0.08415794929789841,0.8147810218978102
91838,0,1,0.08415794929789841,0.8147810218978102
26293,0,0,0.08415794929789841,0.8147810218978102
94658,0,0,0.08415794929789841,0.8147810218978102
42471,0,0,0.08415794929789841,0.8147810218978102
95599,1,1,0.08415794929789841,0.8147810218978102
12105,0,0,0.08415794929789841,0.8147810218978102
8011,0,1,0.08415794929789841,0.8147810218978102
38031,0,1,0.08415794929789841,0.8147810218978102
3167,0,0,0.08415794929789841,0.8147810218978102
45262,0,1,0.08415794929789841,0.8147810218978102
63363,0,0,0.08415794929789841,0.8147810218978102
59001,0,0,0.08415794929789841,0.8147810218978102
94569,0,1,0.08415794929789841,0.8147810218978102
97464,0,0,0.08415794929789841,0.8147810218978102
32481,0,1,0.08415794929789841,0.8147810218978102
93701,0,1,0.08415794929789841,0.8147810218978102
4183,0,1,0.08415794929789841,0.8147810218978102
47746,0,1,0.08415794929789841,0.8147810218978102
86947,0,1,0.08415794929789841,0.8147810218978102
99890,0,1,0.08415794929789841,0.8147810218978102
64424,0,1,0.08415794929789841,0.8147810218978102
14285,0,1,0.08415794929789841,0.8147810218978102
19729,0,0,0.08415794929789841,0.8147810218978102
96523,0,0,0.08415794929789841,0.8147810218978102
3302,0,1,0.08415794929789841,0.8147810218978102
74089,0,1,0.08415794929789841,0.8147810218978102
39357,0,1,0.08415794929789841,0.8147810218978102
12712,0,1,0.08415794929789841,0.8147810218978102
64119,0,1,0.08415794929789841,0.8147810218978102
29867,0,1,0.08415794929789841,0.8147810218978102
81332,0,0,0.08415794929789841,0.8147810218978102
84990,0,1,0.08415794929789841,0.8147810218978102
28917,0,1,0.08415794929789841,0.8147810218978102
45294,0,1,0.08415794929789841,0.8147810218978102
84030,0,1,0.08415794929789841,0.8147810218978102
82808,0,1,0.08415794929789841,0.8147810218978102
53689,0,1,0.08415794929789841,0.8147810218978102
81302,0,0,0.08415794929789841,0.8147810218978102
88976,0,0,0.08415794929789841,0.8147810218978102
4217,0,0,0.08415794929789841,0.8147810218978102
83494,0,0,0.08415794929789841,0.8147810218978102
72562,0,1,0.08415794929789841,0.8147810218978102
10073,0,0,0.08415794929789841,0.8147810218978102
80488,0,1,0.08415794929789841,0.8147810218978102
8554,0,1,0.08415794929789841,0.8147810218978102
73620,0,0,0.08415794929789841,0.8147810218978102
23276,0,1,0.08415794929789841,0.8147810218978102
8828,0,1,0.08415794929789841,0.8147810218978102
51835,0,0,0.08415794929789841,0.8147810218978102
845,0,1,0.08415794929789841,0.8147810218978102
31483,0,0,0.08415794929789841,0.8147810218978102
13716,1,1,0.08415794929789841,0.8147810218978102
86542,0,1,0.08415794929789841,0.8147810218978102
69321,0,1,0.08415794929789841,0.8147810218978102
10686,0,1,0.08415794929789841,0.8147810218978102
4995,0,0,0.08415794929789841,0.8147810218978102
7610,0,0,0.08415794929789841,0.8147810218978102
21933,0,1,0.08415794929789841,0.8147810218978102
21315,0,1,0.08415794929789841,0.8147810218978102
4676,0,1,0.08415794929789841,0.8147810218978102
47804,0,0,0.08415794929789841,0.8147810218978102
55036,0,1,0.08415794929789841,0.8147810218978102
58937,1,1,0.08415794929789841,0.8147810218978102
78686,0,1,0.08415794929789841,0.8147810218978102
50688,0,0,0.08415794929789841,0.8147810218978102
18243,0,1,0.08415794929789841,0.8147810218978102
11716,0,1,0.08415794929789841,0.8147810218978102
22326,0,1,0.08415794929789841,0.8147810218978102
84381,0,0,0.08415794929789841,0.8147810218978102
3925,0,0,0.08415794929789841,0.8147810218978102
53557,0,1,0.08415794929789841,0.8147810218978102
61393,0,0,0.08415794929789841,0.8147810218978102
44329,0,0,0.08415794929789841,0.8147810218978102
42712,0,0,0.08415794929789841,0.8147810218978102
74816,0,1,0.08415794929789841,0.8147810218978102
79173,0,0,0.08415794929789841,0.8147810218978102
48443,0,0,0.08415794929789841,0.8147810218978102
25665,0,1,0.08415794929789841,0.8147810218978102
40,0,0,0.08415794929789841,0.8147810218978102
11220,0,0,0.08415794929789841,0.8147810218978102
17004,0,1,0.08415794929789841,0.8147810218978102
51472,0,1,0.08415794929789841,0.8147810218978102
29355,0,1,0.08415794929789841,0.8147810218978102
57213,0,0,0.08415794929789841,0.8147810218978102
77845,0,1,0.08415794929789841,0.8147810218978102
85269,0,0,0.08415794929789841,0.8147810218978102
10446,0,1,0.08415794929789841,0.8147810218978102
62476,0,0,0.08415794929789841,0.8147810218978102
26637,0,0,0.08415794929789841,0.8147810218978102
40992,0,0,0.08415794929789841,0.8147810218978102
58283,0,1,0.08415794929789841,0.8147810218978102
24805,0,1,0.08415794929789841,0.8147810218978102
94002,0,1,0.08415794929789841,0.8147810218978102
9208,0,0,0.08415794929789841,0.8147810218978102
32587,0,0,0.08415794929789841,0.8147810218978102
61092,1,1,0.08415794929789841,0.8147810218978102
65172,0,1,0.08415794929789841,0.8147810218978102
16474,0,0,0.08415794929789841,0.8147810218978102
59809,0,0,0.08415794929789841,0.8147810218978102
65839,0,1,0.08415794929789841,0.8147810218978102
53625,0,0,0.08415794929789841,0.8147810218978102
12162,0,1,0.08415794929789841,0.8147810218978102
63262,0,0,0.08415794929789841,0.8147810218978102
29000,0,1,0.08415794929789841,0.8147810218978102
40055,0,0,0.08415794929789841,0.8147810218978102
41100,0,0,0.08415794929789841,0.8147810218978102
55161,0,0,0.08415794929789841,0.8147810218978102
93194,0,0,0.08415794929789841,0.8147810218978102
21515,0,0,0.08415794929789841,0.8147810218978102
87917,0,0,0.08415794929789841,0.8147810218978102
91593,0,0,0.08415794929789841,0.8147810218978102
82450,0,1,0.08415794929789841,0.8147810218978102
10022,0,0,0.08415794929789841,0.8147810218978102
62136,0,0,0.08415794929789841,0.8147810218978102
83526,0,1,0.08415794929789841,0.8147810218978102
23111,0,1,0.08415794929789841,0.8147810218978102
90467,0,0,0.08415794929789841,0.8147810218978102
8424,0,0,0.08415794929789841,0.8147810218978102
53780,0,1,0.08415794929789841,0.8147810218978102
58894,0,1,0.08415794929789841,0.8147810218978102
42816,1,1,0.08415794929789841,0.8147810218978102
62701,0,1,0.08415794929789841,0.8147810218978102
81079,0,0,0.08415794929789841,0.8147810218978102
80390,0,1,0.08415794929789841,0.8147810218978102
83082,0,1,0.08415794929789841,0.8147810218978102
61592,0,0,0.08415794929789841,0.8147810218978102
9040,0,1,0.08415794929789841,0.8147810218978102
1895,0,0,0.08415794929789841,0.8147810218978102
15282,0,0,0.08415794929789841,0.8147810218978102
65651,0,1,0.08415794929789841,0.8147810218978102
78572,0,1,0.08415794929789841,0.8147810218978102
89606,1,1,0.08415794929789841,0.8147810218978102
28310,0,0,0.08415794929789841,0.8147810218978102
57485,0,0,0.08415794929789841,0.8147810218978102
24672,1,1,0.08415794929789841,0.8147810218978102
10045,0,0,0.08415794929789841,0.8147810218978102
20620,0,1,0.08415794929789841,0.8147810218978102
26941,0,1,0.08415794929789841,0.8147810218978102
16770,0,0,0.08415794929789841,0.8147810218978102
62168,0,1,0.08415794929789841,0.8147810218978102
36506,0,0,0.08415794929789841,0.8147810218978102
34434,0,0,0.08415794929789841,0.8147810218978102
41776,0,1,0.08415794929789841,0.8147810218978102
92440,0,0,0.08415794929789841,0.8147810218978102
77479,0,0,0.08415794929789841,0.8147810218978102
62589,0,0,0.08415794929789841,0.8147810218978102
25212,0,1,0.08415794929789841,0.8147810218978102
58595,0,1,0.08415794929789841,0.8147810218978102
55842,0,0,0.08415794929789841,0.8147810218978102
50368,0,1,0.08415794929789841,0.8147810218978102
55244,0,0,0.08415794929789841,0.8147810218978102
32777,0,0,0.08415794929789841,0.8147810218978102
85341,0,0,0.08415794929789841,0.8147810218978102
19362,0,0,0.08415794929789841,0.8147810218978102
4007,0,0,0.08415794929789841,0.8147810218978102
99826,0,1,0.08415794929789841,0.8147810218978102
6785,0,0,0.08415794929789841,0.8147810218978102
59572,0,1,0.08415794929789841,0.8147810218978102
75434,0,1,0.08415794929789841,0.8147810218978102
57837,0,0,0.08415794929789841,0.8147810218978102
34475,0,1,0.08415794929789841,0.8147810218978102
19805,0,1,0.08415794929789841,0.8147810218978102
53480,0,1,0.08415794929789841,0.8147810218978102
97704,0,1,0.08415794929789841,0.8147810218978102
40330,1,1,0.08415794929789841,0.8147810218978102
48779,0,1,0.08415794929789841,0.8147810218978102
19496,0,0,0.08415794929789841,0.8147810218978102
78240,0,1,0.08415794929789841,0.8147810218978102
88664,0,1,0.08415794929789841,0.8147810218978102
59391,0,0,0.08415794929789841,0.8147810218978102
35552,0,1,0.08415794929789841,0.8147810218978102
22497,0,1,0.08415794929789841,0.8147810218978102
31194,0,0,0.08415794929789841,0.8147810218978102
8415,0,1,0.08415794929789841,0.8147810218978102
22777,0,1,0.08415794929789841,0.8147810218978102
52890,0,1,0.08415794929789841,0.8147810218978102
59586,0,0,0.08415794929789841,0.8147810218978102
16266,1,1,0.08415794929789841,0.8147810218978102
90859,0,0,0.08415794929789841,0.8147810218978102
35068,0,0,0.08415794929789841,0.8147810218978102
38208,0,0,0.08415794929789841,0.8147810218978102
44171,0,0,0.08415794929789841,0.8147810218978102
83957,1,1,0.08415794929789841,0.8147810218978102
36262,0,0,0.08415794929789841,0.8147810218978102
70278,0,0,0.08415794929789841,0.8147810218978102
52819,0,1,0.08415794929789841,0.8147810218978102
26100,0,1,0.08415794929789841,0.8147810218978102
91984,0,0,0.08415794929789841,0.8147810218978102
95176,0,0,0.08415794929789841,0.8147810218978102
60024,0,1,0.08415794929789841,0.8147810218978102
5980,0,0,0.08415794929789841,0.8147810218978102
19334,1,1,0.08415794929789841,0.8147810218978102
56975,0,1,0.08415794929789841,0.8147810218978102
74080,0,0,0.08415794929789841,0.8147810218978102
29168,0,0,0.08415794929789841,0.8147810218978102
6063,0,0,0.08415794929789841,0.8147810218978102
91144,0,1,0.08415794929789841,0.8147810218978102
63124,0,0,0.08415794929789841,0.8147810218978102
59707,0,0,0.08415794929789841,0.8147810218978102
25590,0,1,0.08415794929789841,0.8147810218978102
39644,0,1,0.08415794929789841,0.8147810218978102
5755,0,0,0.08415794929789841,0.8147810218978102
50860,0,0,0.08415794929789841,0.8147810218978102
51307,0,0,0.08415794929789841,0.8147810218978102
60457,1,1,0.08415794929789841,0.8147810218978102
19627,0,0,0.08415794929789841,0.8147810218978102
4393,0,0,0.08415794929789841,0.8147810218978102
24289,1,1,0.08415794929789841,0.8147810218978102
69777,0,0,0.08415794929789841,0.8147810218978102
32450,0,0,0.08415794929789841,0.8147810218978102
10067,0,1,0.08415794929789841,0.8147810218978102
76777,0,1,0.08415794929789841,0.8147810218978102
51522,0,0,0.08415794929789841,0.8147810218978102
11616,0,0,0.08415794929789841,0.8147810218978102
70390,0,0,0.08415794929789841,0.8147810218978102
70695,0,1,0.08415794929789841,0.8147810218978102
24160,0,1,0.08415794929789841,0.8147810218978102
43323,0,1,0.08415794929789841,0.8147810218978102
93358,1,1,0.08415794929789841,0.8147810218978102
40170,0,1,0.08415794929789841,0.8147810218978102
13665,0,1,0.08415794929789841,0.8147810218978102
26948,0,0,0.08415794929789841,0.8147810218978102
18252,0,1,0.08415794929789841,0.8147810218978102
38236,0,1,0.08415794929789841,0.8147810218978102
55189,0,1,0.08415794929789841,0.8147810218978102
75868,0,0,0.08415794929789841,0.8147810218978102
80807,0,0,0.08415794929789841,0.8147810218978102
41966,0,0,0.08415794929789841,0.8147810218978102
87687,0,0,0.08415794929789841,0.8147810218978102
61133,0,0,0.08415794929789841,0.8147810218978102
90348,0,1,0.08415794929789841,0.8147810218978102
41288,0,1,0.08415794929789841,0.8147810218978102
62846,0,0,0.08415794929789841,0.8147810218978102
36679,0,1,0.08415794929789841,0.8147810218978102
76981,0,1,0.08415794929789841,0.8147810218978102
17649,0,0,0.08415794929789841,0.8147810218978102
28421,0,0,0.08415794929789841,0.8147810218978102
13958,0,1,0.08415794929789841,0.8147810218978102
11065,0,0,0.08415794929789841,0.8147810218978102
7219,1,1,0.08415794929789841,0.8147810218978102
89578,0,1,0.08415794929789841,0.8147810218978102
36182,0,0,0.08415794929789841,0.8147810218978102
24579,0,0,0.08415794929789841,0.8147810218978102
77786,0,0,0.08415794929789841,0.8147810218978102
36868,0,1,0.08415794929789841,0.8147810218978102
80360,0,1,0.08415794929789841,0.8147810218978102
44775,0,1,0.08415794929789841,0.8147810218978102
1805,0,1,0.08415794929789841,0.8147810218978102
83501,0,1,0.08415794929789841,0.8147810218978102
90247,0,0,0.08415794929789841,0.8147810218978102
52718,0,0,0.08415794929789841,0.8147810218978102
30126,0,0,0.08415794929789841,0.8147810218978102
75478,0,0,0.08415794929789841,0.8147810218978102
31586,0,0,0.08415794929789841,0.8147810218978102
47412,0,1,0.08415794929789841,0.8147810218978102
79242,0,0,0.08415794929789841,0.8147810218978102
48130,0,1,0.08415794929789841,0.8147810218978102
68162,0,0,0.08415794929789841,0.8147810218978102
29346,0,1,0.08415794929789841,0.8147810218978102
35666,0,0,0.08415794929789841,0.8147810218978102
23043,0,1,0.08415794929789841,0.8147810218978102
64777,0,1,0.08415794929789841,0.8147810218978102
34351,0,1,0.08415794929789841,0.8147810218978102
60178,1,1,0.08415794929789841,0.8147810218978102
91201,0,1,0.08415794929789841,0.8147810218978102
59192,0,1,0.08415794929789841,0.8147810218978102
36954,0,0,0.08415794929789841,0.8147810218978102
49915,0,1,0.08415794929789841,0.8147810218978102
24101,0,1,0.08415794929789841,0.8147810218978102
73349,0,1,0.08415794929789841,0.8147810218978102
99682,0,0,0.08415794929789841,0.8147810218978102
6797,0,0,0.08415794929789841,0.8147810218978102
98457,0,1,0.08415794929789841,0.8147810218978102
98512,0,1,0.08415794929789841,0.8147810218978102
16758,0,1,0.08415794929789841,0.8147810218978102
38643,0,1,0.08415794929789841,0.8147810218978102
17124,0,1,0.08415794929789841,0.8147810218978102
87979,0,0,0.08415794929789841,0.8147810218978102
74686,0,1,0.08415794929789841,0.8147810218978102
91503,0,1,0.08415794929789841,0.8147810218978102
67611,0,1,0.08415794929789841,0.8147810218978102
10488,0,1,0.08415794929789841,0.8147810218978102
80403,0,0,0.08415794929789841,0.8147810218978102
25056,0,1,0.08415794929789841,0.8147810218978102
60518,0,1,0.08415794929789841,0.8147810218978102
187,0,0,0.08415794929789841,0.8147810218978102
92873,0,1,0.08415794929789841,0.8147810218978102
43872,0,1,0.08415794929789841,0.8147810218978102
33283,0,0,0.08415794929789841,0.8147810218978102
75788,0,0,0.08415794929789841,0.8147810218978102
70011,0,0,0.08415794929789841,0.8147810218978102
49281,0,0,0.08415794929789841,0.8147810218978102
88065,0,1,0.08415794929789841,0.8147810218978102
88352,0,0,0.08415794929789841,0.8147810218978102
97974,0,0,0.08415794929789841,0.8147810218978102
58870,0,0,0.08415794929789841,0.8147810218978102
63184,0,1,0.08415794929789841,0.8147810218978102
74076,0,1,0.08415794929789841,0.8147810218978102
51550,1,0,0.08415794929789841,0.8147810218978102
22270,0,1,0.08415794929789841,0.8147810218978102
22772,0,1,0.08415794929789841,0.8147810218978102
2596,0,1,0.08415794929789841,0.8147810218978102
50583,0,0,0.08415794929789841,0.8147810218978102
57500,0,1,0.08415794929789841,0.8147810218978102
6218,0,0,0.08415794929789841,0.8147810218978102
40716,0,1,0.08415794929789841,0.8147810218978102
2766,0,1,0.08415794929789841,0.8147810218978102
72585,0,1,0.08415794929789841,0.8147810218978102
48289,0,1,0.08415794929789841,0.8147810218978102
23769,0,0,0.08415794929789841,0.8147810218978102
31371,1,0,0.08415794929789841,0.8147810218978102
69202,0,0,0.08415794929789841,0.8147810218978102
76569,0,1,0.08415794929789841,0.8147810218978102
16065,0,1,0.08415794929789841,0.8147810218978102
78365,0,0,0.08415794929789841,0.8147810218978102
72553,0,1,0.08415794929789841,0.8147810218978102
2224,0,0,0.08415794929789841,0.8147810218978102
84042,0,1,0.08415794929789841,0.8147810218978102
28945,0,1,0.08415794929789841,0.8147810218978102
88902,0,0,0.08415794929789841,0.8147810218978102
94823,0,1,0.08415794929789841,0.8147810218978102
79974,0,0,0.08415794929789841,0.8147810218978102
55449,0,0,0.08415794929789841,0.8147810218978102
82545,0,1,0.08415794929789841,0.8147810218978102
9693,0,0,0.08415794929789841,0.8147810218978102
74929,0,0,0.08415794929789841,0.8147810218978102
39355,0,1,0.08415794929789841,0.8147810218978102
95035,0,1,0.08415794929789841,0.8147810218978102
8303,0,0,0.08415794929789841,0.8147810218978102
49678,0,1,0.08415794929789841,0.8147810218978102
32986,0,1,0.08415794929789841,0.8147810218978102
10362,0,1,0.08415794929789841,0.8147810218978102
99595,0,0,0.08415794929789841,0.8147810218978102
90763,0,0,0.08415794929789841,0.8147810218978102
20340,0,0,0.08415794929789841,0.8147810218978102
60716,0,0,0.08415794929789841,0.8147810218978102
85751,0,0,0.08415794929789841,0.8147810218978102
82542,0,0,0.08415794929789841,0.8147810218978102
27213,0,1,0.08415794929789841,0.8147810218978102
96496,0,0,0.08415794929789841,0.8147810218978102
19720,0,0,0.08415794929789841,0.8147810218978102
86134,0,0,0.08415794929789841,0.8147810218978102
53176,0,0,0.08415794929789841,0.8147810218978102
6973,0,0,0.08415794929789841,0.8147810218978102
18925,0,0,0.08415794929789841,0.8147810218978102
53700,0,1,0.08415794929789841,0.8147810218978102
4658,0,0,0.08415794929789841,0.8147810218978102
65228,0,0,0.08415794929789841,0.8147810218978102
98622,0,1,0.08415794929789841,0.8147810218978102
19925,0,1,0.08415794929789841,0.8147810218978102
39253,0,0,0.08415794929789841,0.8147810218978102
24908,0,0,0.08415794929789841,0.8147810218978102
41983,0,0,0.08415794929789841,0.8147810218978102
24850,0,0,0.08415794929789841,0.8147810218978102
83022,0,0,0.08415794929789841,0.8147810218978102
10943,0,0,0.08415794929789841,0.8147810218978102
15067,1,0,0.08415794929789841,0.8147810218978102
47840,0,1,0.08415794929789841,0.8147810218978102
6521,0,1,0.08415794929789841,0.8147810218978102
26989,0,0,0.08415794929789841,0.8147810218978102
1762,0,0,0.08415794929789841,0.8147810218978102
64215,0,0,0.08415794929789841,0.8147810218978102
45645,0,1,0.08415794929789841,0.8147810218978102
50423,0,0,0.08415794929789841,0.8147810218978102
39406,0,1,0.08415794929789841,0.8147810218978102
14409,0,1,0.08415794929789841,0.8147810218978102
85997,0,1,0.08415794929789841,0.8147810218978102
26795,0,0,0.08415794929789841,0.8147810218978102
31730,0,1,0.08415794929789841,0.8147810218978102
43560,0,1,0.08415794929789841,0.8147810218978102
2108,0,0,0.08415794929789841,0.8147810218978102
87787,0,1,0.08415794929789841,0.8147810218978102
59201,0,0,0.08415794929789841,0.8147810218978102
58015,0,1,0.08415794929789841,0.8147810218978102
52588,0,1,0.08415794929789841,0.8147810218978102
71889,0,1,0.08415794929789841,0.8147810218978102
80956,0,0,0.08415794929789841,0.8147810218978102
14044,0,0,0.08415794929789841,0.8147810218978102
35790,0,1,0.08415794929789841,0.8147810218978102
99092,0,1,0.08415794929789841,0.8147810218978102
95145,0,1,0.08415794929789841,0.8147810218978102
18364,0,0,0.08415794929789841,0.8147810218978102
6608,0,0,0.08415794929789841,0.8147810218978102
62157,0,0,0.08415794929789841,0.8147810218978102
24689,0,0,0.08415794929789841,0.8147810218978102
86147,0,0,0.08415794929789841,0.8147810218978102
28792,0,1,0.08415794929789841,0.8147810218978102
19431,0,0,0.08415794929789841,0.8147810218978102
6998,0,0,0.08415794929789841,0.8147810218978102
60285,0,0,0.08415794929789841,0.8147810218978102
27031,0,1,0.08415794929789841,0.8147810218978102
65119,0,0,0.08415794929789841,0.8147810218978102
35627,0,1,0.08415794929789841,0.8147810218978102
93672,0,1,0.08415794929789841,0.8147810218978102
10709,0,1,0.08415794929789841,0.8147810218978102
89034,0,0,0.08415794929789841,0.8147810218978102
9379,0,0,0.08415794929789841,0.8147810218978102
74189,0,1,0.08415794929789841,0.8147810218978102
30897,0,0,0.08415794929789841,0.8147810218978102
67917,0,0,0.08415794929789841,0.8147810218978102
23947,0,0,0.08415794929789841,0.8147810218978102
30328,0,0,0.08415794929789841,0.8147810218978102
67007,0,1,0.08415794929789841,0.8147810218978102
16292,0,0,0.08415794929789841,0.8147810218978102
38046,1,0,0.08415794929789841,0.8147810218978102
8904,0,1,0.08415794929789841,0.8147810218978102
5444,1,1,0.08415794929789841,0.8147810218978102
97835,0,1,0.08415794929789841,0.8147810218978102
59282,0,0,0.08415794929789841,0.8147810218978102
6149,0,1,0.08415794929789841,0.8147810218978102
52750,0,1,0.08415794929789841,0.8147810218978102
54587,0,1,0.08415794929789841,0.8147810218978102
68480,0,1,0.08415794929789841,0.8147810218978102
49986,0,1,0.08415794929789841,0.8147810218978102
39198,0,0,0.08415794929789841,0.8147810218978102
93928,0,0,0.08415794929789841,0.8147810218978102
13677,0,0,0.08415794929789841,0.8147810218978102
53227,0,0,0.08415794929789841,0.8147810218978102
95104,0,1,0.08415794929789841,0.8147810218978102
58482,0,1,0.08415794929789841,0.8147810218978102
62902,0,0,0.08415794929789841,0.8147810218978102
7715,0,1,0.08415794929789841,0.8147810218978102
70173,0,0,0.08415794929789841,0.8147810218978102
75301,0,0,0.08415794929789841,0.8147810218978102
75243,1,1,0.08415794929789841,0.8147810218978102
63639,0,1,0.08415794929789841,0.8147810218978102
58375,0,0,0.08415794929789841,0.8147810218978102
67418,0,1,0.08415794929789841,0.8147810218978102
92337,0,0,0.08415794929789841,0.8147810218978102
13446,0,0,0.08415794929789841,0.8147810218978102
66708,0,0,0.08415794929789841,0.8147810218978102
5616,0,0,0.08415794929789841,0.8147810218978102
68738,0,0,0.08415794929789841,0.8147810218978102
86851,1,0,0.08415794929789841,0.8147810218978102
75425,0,1,0.08415794929789841,0.8147810218978102
36489,0,0,0.08415794929789841,0.8147810218978102
86972,0,1,0.08415794929789841,0.8147810218978102
86753,0,0,0.08415794929789841,0.8147810218978102
54924,0,0,0.08415794929789841,0.8147810218978102
76756,0,1,0.08415794929789841,0.8147810218978102
76949,0,1,0.08415794929789841,0.8147810218978102
46130,0,0,0.08415794929789841,0.8147810218978102
45662,0,1,0.08415794929789841,0.8147810218978102
83400,0,0,0.08415794929789841,0.8147810218978102
86860,0,1,0.08415794929789841,0.8147810218978102
97531,0,0,0.08415794929789841,0.8147810218978102
15980,0,1,0.08415794929789841,0.8147810218978102
85274,0,1,0.08415794929789841,0.8147810218978102
70237,0,1,0.08415794929789841,0.8147810218978102
62217,1,1,0.08415794929789841,0.8147810218978102
83477,0,0,0.08415794929789841,0.8147810218978102
8401,0,0,0.08415794929789841,0.8147810218978102
40754,0,0,0.08415794929789841,0.8147810218978102
29986,0,1,0.08415794929789841,0.8147810218978102
21957,0,1,0.08415794929789841,0.8147810218978102
60708,0,1,0.08415794929789841,0.8147810218978102
78646,0,0,0.08415794929789841,0.8147810218978102
8808,0,1,0.08415794929789841,0.8147810218978102
78046,0,1,0.08415794929789841,0.8147810218978102
69601,0,1,0.08415794929789841,0.8147810218978102
61174,0,0,0.08415794929789841,0.8147810218978102
81444,0,1,0.08415794929789841,0.8147810218978102
22364,0,1,0.08415794929789841,0.8147810218978102
46913,0,0,0.08415794929789841,0.8147810218978102
75657,0,1,0.08415794929789841,0.8147810218978102
8298,0,1,0.08415794929789841,0.8147810218978102
40659,0,1,0.08415794929789841,0.8147810218978102
3229,0,1,0.08415794929789841,0.8147810218978102
56315,0,1,0.08415794929789841,0.8147810218978102
82206,0,0,0.08415794929789841,0.8147810218978102
92098,0,1,0.08415794929789841,0.8147810218978102
3702,0,1,0.08415794929789841,0.8147810218978102
8918,0,1,0.08415794929789841,0.8147810218978102
85521,0,1,0.08415794929789841,0.8147810218978102
15662,0,1,0.08415794929789841,0.8147810218978102
93029,0,0,0.08415794929789841,0.8147810218978102
96882,0,0,0.08415794929789841,0.8147810218978102
70161,0,0,0.08415794929789841,0.8147810218978102
16661,0,0,0.08415794929789841,0.8147810218978102
23236,0,0,0.08415794929789841,0.8147810218978102
8647,0,0,0.08415794929789841,0.8147810218978102
33281,0,1,0.08415794929789841,0.8147810218978102
14512,0,0,0.08415794929789841,0.8147810218978102
60695,0,0,0.08415794929789841,0.8147810218978102
36604,0,1,0.08415794929789841,0.8147810218978102
11303,1,1,0.08415794929789841,0.8147810218978102
9518,0,0,0.08415794929789841,0.8147810218978102
51354,0,1,0.08415794929789841,0.8147810218978102
1389,0,0,0.08415794929789841,0.8147810218978102
5139,0,0,0.08415794929789841,0.8147810218978102
21954,0,1,0.08415794929789841,0.8147810218978102
47852,0,1,0.08415794929789841,0.8147810218978102
37848,0,1,0.08415794929789841,0.8147810218978102
27124,1,0,0.08415794929789841,0.8147810218978102
37783,0,1,0.08415794929789841,0.8147810218978102
84266,0,0,0.08415794929789841,0.8147810218978102
62609,0,1,0.08415794929789841,0.8147810218978102
73329,0,0,0.08415794929789841,0.8147810218978102
12274,0,1,0.08415794929789841,0.8147810218978102
94776,0,1,0.08415794929789841,0.8147810218978102
61155,0,1,0.08415794929789841,0.8147810218978102
99023,1,0,0.08415794929789841,0.8147810218978102
63289,0,0,0.08415794929789841,0.8147810218978102
66450,0,1,0.08415794929789841,0.8147810218978102
1707,0,1,0.08415794929789841,0.8147810218978102
22999,0,1,0.08415794929789841,0.8147810218978102
92002,0,1,0.08415794929789841,0.8147810218978102
77671,0,1,0.08415794929789841,0.8147810218978102
39917,0,0,0.08415794929789841,0.8147810218978102
90053,0,0,0.08415794929789841,0.8147810218978102
68657,0,1,0.08415794929789841,0.8147810218978102
9367,0,1,0.08415794929789841,0.8147810218978102
23829,0,1,0.08415794929789841,0.8147810218978102
76416,0,0,0.08415794929789841,0.8147810218978102
97068,0,0,0.08415794929789841,0.8147810218978102
99753,0,0,0.08415794929789841,0.8147810218978102
14076,0,0,0.08415794929789841,0.8147810218978102
14713,0,1,0.08415794929789841,0.8147810218978102
80393,0,0,0.08415794929789841,0.8147810218978102
8870,0,1,0.08415794929789841,0.8147810218978102
8955,0,1,0.08415794929789841,0.8147810218978102
51849,0,1,0.08415794929789841,0.8147810218978102
69864,0,1,0.08415794929789841,0.8147810218978102
96043,1,1,0.08415794929789841,0.8147810218978102
39041,0,0,0.08415794929789841,0.8147810218978102
82047,0,1,0.08415794929789841,0.8147810218978102
25530,0,1,0.08415794929789841,0.8147810218978102
7375,0,1,0.08415794929789841,0.8147810218978102
25230,0,1,0.08415794929789841,0.8147810218978102
42034,0,1,0.08415794929789841,0.8147810218978102
15958,0,0,0.08415794929789841,0.8147810218978102
40929,0,1,0.08415794929789841,0.8147810218978102
89219,0,1,0.08415794929789841,0.8147810218978102
97259,0,1,0.08415794929789841,0.8147810218978102
54882,0,0,0.08415794929789841,0.8147810218978102
76941,0,0,0.08415794929789841,0.8147810218978102
49270,0,1,0.08415794929789841,0.8147810218978102
92848,1,1,0.08415794929789841,0.8147810218978102
72631,0,0,0.08415794929789841,0.8147810218978102
76911,0,0,0.08415794929789841,0.8147810218978102
60947,0,1,0.08415794929789841,0.8147810218978102
19675,0,0,0.08415794929789841,0.8147810218978102
97122,1,0,0.08415794929789841,0.8147810218978102
77218,0,1,0.08415794929789841,0.8147810218978102
18004,0,1,0.08415794929789841,0.8147810218978102
99778,0,0,0.08415794929789841,0.8147810218978102
839,0,0,0.08415794929789841,0.8147810218978102
10301,0,1,0.08415794929789841,0.8147810218978102
65384,0,0,0.08415794929789841,0.8147810218978102
71914,0,0,0.08415794929789841,0.8147810218978102
165,0,1,0.08415794929789841,0.8147810218978102
17364,0,1,0.08415794929789841,0.8147810218978102
74433,0,0,0.08415794929789841,0.8147810218978102
11780,0,0,0.08415794929789841,0.8147810218978102
32165,0,0,0.08415794929789841,0.8147810218978102
14509,0,1,0.08415794929789841,0.8147810218978102
89430,0,0,0.08415794929789841,0.8147810218978102
56393,0,0,0.08415794929789841,0.8147810218978102
81830,0,0,0.08415794929789841,0.8147810218978102
77573,0,0,0.08415794929789841,0.8147810218978102
25625,0,1,0.08415794929789841,0.8147810218978102
67632,0,0,0.08415794929789841,0.8147810218978102
7191,0,0,0.08415794929789841,0.8147810218978102
9460,0,1,0.08415794929789841,0.8147810218978102
65721,0,0,0.08415794929789841,0.8147810218978102
10057,1,1,0.08415794929789841,0.8147810218978102
62584,0,0,0.08415794929789841,0.8147810218978102
45650,0,0,0.08415794929789841,0.8147810218978102
64549,1,1,0.08415794929789841,0.8147810218978102
58404,0,1,0.08415794929789841,0.8147810218978102
71460,0,0,0.08415794929789841,0.8147810218978102
95990,0,0,0.08415794929789841,0.8147810218978102
10376,0,1,0.08415794929789841,0.8147810218978102
96558,0,1,0.08415794929789841,0.8147810218978102
66736,0,0,0.08415794929789841,0.8147810218978102
30538,0,1,0.08415794929789841,0.8147810218978102
83062,0,0,0.08415794929789841,0.8147810218978102
65602,0,1,0.08415794929789841,0.8147810218978102
15489,0,0,0.08415794929789841,0.8147810218978102
36520,0,0,0.08415794929789841,0.8147810218978102
6916,0,1,0.08415794929789841,0.8147810218978102
80708,0,1,0.08415794929789841,0.8147810218978102
26119,0,1,0.08415794929789841,0.8147810218978102
9938,0,1,0.08415794929789841,0.8147810218978102
45806,0,0,0.08415794929789841,0.8147810218978102
26079,0,0,0.08415794929789841,0.8147810218978102
2641,0,0,0.08415794929789841,0.8147810218978102
32775,0,0,0.08415794929789841,0.8147810218978102
79552,1,1,0.08415794929789841,0.8147810218978102
771,0,1,0.08415794929789841,0.8147810218978102
92846,1,1,0.08415794929789841,0.8147810218978102
93374,0,1,0.08415794929789841,0.8147810218978102
40306,0,0,0.08415794929789841,0.8147810218978102
59771,0,1,0.08415794929789841,0.8147810218978102
62050,0,0,0.08415794929789841,0.8147810218978102
20875,0,0,0.08415794929789841,0.8147810218978102
174,0,1,0.08415794929789841,0.8147810218978102
10249,0,1,0.08415794929789841,0.8147810218978102
19199,0,0,0.08415794929789841,0.8147810218978102
38454,0,0,0.08415794929789841,0.8147810218978102
48363,0,1,0.08415794929789841,0.8147810218978102
29624,0,0,0.08415794929789841,0.8147810218978102
72814,0,1,0.08415794929789841,0.8147810218978102
8257,0,0,0.08415794929789841,0.8147810218978102
17768,0,1,0.08415794929789841,0.8147810218978102
29348,0,1,0.08415794929789841,0.8147810218978102
48793,0,1,0.08415794929789841,0.8147810218978102
77648,0,1,0.08415794929789841,0.8147810218978102
58820,0,0,0.08415794929789841,0.8147810218978102
96993,0,0,0.08415794929789841,0.8147810218978102
97842,0,1,0.08415794929789841,0.8147810218978102
84583,0,0,0.08415794929789841,0.8147810218978102
11842,0,1,0.08415794929789841,0.8147810218978102
76570,0,1,0.08415794929789841,0.8147810218978102
78859,0,0,0.08415794929789841,0.8147810218978102
28474,0,0,0.08415794929789841,0.8147810218978102
9514,0,1,0.08415794929789841,0.8147810218978102
23006,0,0,0.08415794929789841,0.8147810218978102
6990,0,0,0.08415794929789841,0.8147810218978102
85383,0,1,0.08415794929789841,0.8147810218978102
76809,0,0,0.08415794929789841,0.8147810218978102
21133,1,1,0.08415794929789841,0.8147810218978102
30553,0,0,0.08415794929789841,0.8147810218978102
28134,0,0,0.08415794929789841,0.8147810218978102
69737,0,1,0.08415794929789841,0.8147810218978102
55280,0,0,0.08415794929789841,0.8147810218978102
23036,0,0,0.08415794929789841,0.8147810218978102
21913,0,0,0.08415794929789841,0.8147810218978102
63079,0,0,0.08415794929789841,0.8147810218978102
35767,0,0,0.08415794929789841,0.8147810218978102
97149,0,0,0.08415794929789841,0.8147810218978102
13625,0,0,0.08415794929789841,0.8147810218978102
37450,0,1,0.08415794929789841,0.8147810218978102
79022,0,1,0.08415794929789841,0.8147810218978102
90042,0,0,0.08415794929789841,0.8147810218978102
80795,0,1,0.08415794929789841,0.8147810218978102
66430,0,1,0.08415794929789841,0.8147810218978102
85800,0,0,0.08415794929789841,0.8147810218978102
11648,0,1,0.08415794929789841,0.8147810218978102
28390,0,1,0.08415794929789841,0.8147810218978102
87544,0,0,0.08415794929789841,0.8147810218978102
46007,0,0,0.08415794929789841,0.8147810218978102
58857,0,0,0.08415794929789841,0.8147810218978102
23936,1,1,0.08415794929789841,0.8147810218978102
1934,0,1,0.08415794929789841,0.8147810218978102
87110,0,1,0.08415794929789841,0.8147810218978102
72820,0,0,0.08415794929789841,0.8147810218978102
26124,0,1,0.08415794929789841,0.8147810218978102
19556,0,0,0.08415794929789841,0.8147810218978102
63480,0,1,0.08415794929789841,0.8147810218978102
21517,0,0,0.08415794929789841,0.8147810218978102
13674,0,1,0.08415794929789841,0.8147810218978102
46464,0,0,0.08415794929789841,0.8147810218978102
72656,0,1,0.08415794929789841,0.8147810218978102
59228,0,0,0.08415794929789841,0.8147810218978102
10078,0,1,0.08415794929789841,0.8147810218978102
91899,0,1,0.08415794929789841,0.8147810218978102
75168,0,1,0.08415794929789841,0.8147810218978102
75432,0,0,0.08415794929789841,0.8147810218978102
63993,0,0,0.08415794929789841,0.8147810218978102
74534,0,0,0.08415794929789841,0.8147810218978102
84477,0,0,0.08415794929789841,0.8147810218978102
90635,0,1,0.08415794929789841,0.8147810218978102
84050,0,1,0.08415794929789841,0.8147810218978102
1247,0,1,0.08415794929789841,0.8147810218978102
67550,0,1,0.08415794929789841,0.8147810218978102
95375,0,1,0.08415794929789841,0.8147810218978102
66965,0,0,0.08415794929789841,0.8147810218978102
38285,0,1,0.08415794929789841,0.8147810218978102
20187,0,0,0.08415794929789841,0.8147810218978102
90427,0,1,0.08415794929789841,0.8147810218978102
89211,0,0,0.08415794929789841,0.8147810218978102
79795,0,0,0.08415794929789841,0.8147810218978102
11430,0,1,0.08415794929789841,0.8147810218978102
65050,0,1,0.08415794929789841,0.8147810218978102
75904,0,0,0.08415794929789841,0.8147810218978102
29301,0,1,0.08415794929789841,0.8147810218978102
3033,0,0,0.08415794929789841,0.8147810218978102
63645,0,0,0.08415794929789841,0.8147810218978102
60073,0,0,0.08415794929789841,0.8147810218978102
45173,0,0,0.08415794929789841,0.8147810218978102
76067,0,1,0.08415794929789841,0.8147810218978102
18120,0,0,0.08415794929789841,0.8147810218978102
88179,0,1,0.08415794929789841,0.8147810218978102
81371,0,1,0.08415794929789841,0.8147810218978102
53115,0,0,0.08415794929789841,0.8147810218978102
76712,0,1,0.08415794929789841,0.8147810218978102
44220,0,0,0.08415794929789841,0.8147810218978102
14081,0,1,0.08415794929789841,0.8147810218978102
92299,0,0,0.08415794929789841,0.8147810218978102
45483,0,1,0.08415794929789841,0.8147810218978102
78514,0,0,0.08415794929789841,0.8147810218978102
70896,0,0,0.08415794929789841,0.8147810218978102
77098,0,0,0.08415794929789841,0.8147810218978102
53136,0,1,0.08415794929789841,0.8147810218978102
56051,0,1,0.08415794929789841,0.8147810218978102
23759,0,1,0.08415794929789841,0.8147810218978102
58019,0,0,0.08415794929789841,0.8147810218978102
77354,0,0,0.08415794929789841,0.8147810218978102
11455,0,1,0.08415794929789841,0.8147810218978102
12663,0,0,0.08415794929789841,0.8147810218978102
2233,0,1,0.08415794929789841,0.8147810218978102
70614,0,1,0.08415794929789841,0.8147810218978102
18057,0,0,0.08415794929789841,0.8147810218978102
60541,0,0,0.08415794929789841,0.8147810218978102
50425,0,1,0.08415794929789841,0.8147810218978102
82783,0,0,0.08415794929789841,0.8147810218978102
44820,0,0,0.08415794929789841,0.8147810218978102
64395,0,0,0.08415794929789841,0.8147810218978102
68856,0,1,0.08415794929789841,0.8147810218978102
57605,0,1,0.08415794929789841,0.8147810218978102
40001,0,0,0.08415794929789841,0.8147810218978102
35699,0,1,0.08415794929789841,0.8147810218978102
28793,0,1,0.08415794929789841,0.8147810218978102
65594,0,0,0.08415794929789841,0.8147810218978102
81788,0,1,0.08415794929789841,0.8147810218978102
10639,0,0,0.08415794929789841,0.8147810218978102
63597,0,0,0.08415794929789841,0.8147810218978102
8842,0,1,0.08415794929789841,0.8147810218978102
5732,0,1,0.08415794929789841,0.8147810218978102
76265,0,0,0.08415794929789841,0.8147810218978102
27195,0,0,0.08415794929789841,0.8147810218978102
43333,0,0,0.08415794929789841,0.8147810218978102
93081,0,0,0.08415794929789841,0.8147810218978102
95634,0,0,0.08415794929789841,0.8147810218978102
16542,0,1,0.08415794929789841,0.8147810218978102
69253,0,0,0.08415794929789841,0.8147810218978102
80626,0,1,0.08415794929789841,0.8147810218978102
1266,0,1,0.08415794929789841,0.8147810218978102
79195,0,0,0.08415794929789841,0.8147810218978102
39936,0,1,0.08415794929789841,0.8147810218978102
1221,0,1,0.08415794929789841,0.8147810218978102
94902,0,0,0.08415794929789841,0.8147810218978102
96690,0,0,0.08415794929789841,0.8147810218978102
70854,0,0,0.08415794929789841,0.8147810218978102
10578,0,0,0.08415794929789841,0.8147810218978102
85780,0,0,0.08415794929789841,0.8147810218978102
82072,0,1,0.08415794929789841,0.8147810218978102
79130,0,0,0.08415794929789841,0.8147810218978102
62366,0,1,0.08415794929789841,0.8147810218978102
49789,0,1,0.08415794929789841,0.8147810218978102
74532,0,1,0.08415794929789841,0.8147810218978102
67740,0,0,0.08415794929789841,0.8147810218978102
23567,0,1,0.08415794929789841,0.8147810218978102
943,0,1,0.08415794929789841,0.8147810218978102
58823,0,0,0.08415794929789841,0.8147810218978102
14288,0,1,0.08415794929789841,0.8147810218978102
16668,0,0,0.08415794929789841,0.8147810218978102
52332,0,0,0.08415794929789841,0.8147810218978102
80657,0,1,0.08415794929789841,0.8147810218978102
63619,0,1,0.08415794929789841,0.8147810218978102
18624,0,1,0.08415794929789841,0.8147810218978102
67754,0,0,0.08415794929789841,0.8147810218978102
36100,0,1,0.08415794929789841,0.8147810218978102
92244,0,1,0.08415794929789841,0.8147810218978102
34972,0,1,0.08415794929789841,0.8147810218978102
47782,0,1,0.08415794929789841,0.8147810218978102
59982,0,1,0.08415794929789841,0.8147810218978102
53634,0,1,0.08415794929789841,0.8147810218978102
21924,0,1,0.08415794929789841,0.8147810218978102
90051,0,0,0.08415794929789841,0.8147810218978102
56762,0,1,0.08415794929789841,0.8147810218978102
96223,0,0,0.08415794929789841,0.8147810218978102
32658,0,0,0.08415794929789841,0.8147810218978102
87590,0,1,0.08415794929789841,0.8147810218978102
98606,0,0,0.08415794929789841,0.8147810218978102
99427,0,1,0.08415794929789841,0.8147810218978102
64713,1,1,0.08415794929789841,0.8147810218978102
17754,1,1,0.08415794929789841,0.8147810218978102
56766,0,1,0.08415794929789841,0.8147810218978102
52160,1,1,0.08415794929789841,0.8147810218978102
20133,0,0,0.08415794929789841,0.8147810218978102
17437,0,0,0.08415794929789841,0.8147810218978102
70945,0,0,0.08415794929789841,0.8147810218978102
96714,0,0,0.08415794929789841,0.8147810218978102
18216,0,1,0.08415794929789841,0.8147810218978102
96169,0,0,0.08415794929789841,0.8147810218978102
13130,0,0,0.08415794929789841,0.8147810218978102
55816,0,1,0.08415794929789841,0.8147810218978102
26969,0,0,0.08415794929789841,0.8147810218978102
24443,0,0,0.08415794929789841,0.8147810218978102
83370,0,0,0.08415794929789841,0.8147810218978102
43389,1,1,0.08415794929789841,0.8147810218978102
43656,0,1,0.08415794929789841,0.8147810218978102
88433,0,0,0.08415794929789841,0.8147810218978102
62662,1,1,0.08415794929789841,0.8147810218978102
19759,0,0,0.08415794929789841,0.8147810218978102
8509,0,1,0.08415794929789841,0.8147810218978102
76427,0,0,0.08415794929789841,0.8147810218978102
17432,0,1,0.08415794929789841,0.8147810218978102
35860,0,1,0.08415794929789841,0.8147810218978102
23226,0,1,0.08415794929789841,0.8147810218978102
1633,0,0,0.08415794929789841,0.8147810218978102
31705,0,0,0.08415794929789841,0.8147810218978102
74666,0,0,0.08415794929789841,0.8147810218978102
48026,0,0,0.08415794929789841,0.8147810218978102
67569,0,1,0.08415794929789841,0.8147810218978102
43506,0,0,0.08415794929789841,0.8147810218978102
60032,0,0,0.08415794929789841,0.8147810218978102
62939,0,0,0.08415794929789841,0.8147810218978102
58210,0,1,0.08415794929789841,0.8147810218978102
30677,0,1,0.08415794929789841,0.8147810218978102
78751,0,1,0.08415794929789841,0.8147810218978102
93518,0,1,0.08415794929789841,0.8147810218978102
14692,0,0,0.08415794929789841,0.8147810218978102
47563,0,1,0.08415794929789841,0.8147810218978102
36309,0,1,0.08415794929789841,0.8147810218978102
13069,0,1,0.08415794929789841,0.8147810218978102
57971,0,0,0.08415794929789841,0.8147810218978102
22499,0,1,0.08415794929789841,0.8147810218978102
60413,0,0,0.08415794929789841,0.8147810218978102
27934,0,0,0.08415794929789841,0.8147810218978102
9688,0,1,0.08415794929789841,0.8147810218978102
39693,0,1,0.08415794929789841,0.8147810218978102
18194,0,1,0.08415794929789841,0.8147810218978102
64774,0,0,0.08415794929789841,0.8147810218978102
86612,0,1,0.08415794929789841,0.8147810218978102
54031,0,0,0.08415794929789841,0.8147810218978102
88819,0,0,0.08415794929789841,0.8147810218978102
98134,0,1,0.08415794929789841,0.8147810218978102
39624,0,1,0.08415794929789841,0.8147810218978102
24135,0,0,0.08415794929789841,0.8147810218978102
4184,0,0,0.08415794929789841,0.8147810218978102
25578,0,1,0.08415794929789841,0.8147810218978102
13949,0,1,0.08415794929789841,0.8147810218978102
83189,0,0,0.08415794929789841,0.8147810218978102
25893,0,0,0.08415794929789841,0.8147810218978102
11742,0,1,0.08415794929789841,0.8147810218978102
60927,0,1,0.08415794929789841,0.8147810218978102
93975,0,0,0.08415794929789841,0.8147810218978102
51551,0,0,0.08415794929789841,0.8147810218978102
73946,0,0,0.08415794929789841,0.8147810218978102
56499,1,0,0.08415794929789841,0.8147810218978102
88015,0,0,0.08415794929789841,0.8147810218978102
71055,0,0,0.08415794929789841,0.8147810218978102
39237,0,1,0.08415794929789841,0.8147810218978102
34695,0,0,0.08415794929789841,0.8147810218978102
88723,0,1,0.08415794929789841,0.8147810218978102
79695,0,0,0.08415794929789841,0.8147810218978102
87499,0,0,0.08415794929789841,0.8147810218978102
8569,0,1,0.08415794929789841,0.8147810218978102
82408,0,0,0.08415794929789841,0.8147810218978102
27815,0,0,0.08415794929789841,0.8147810218978102
76045,0,0,0.08415794929789841,0.8147810218978102
62590,0,0,0.08415794929789841,0.8147810218978102
79160,0,0,0.08415794929789841,0.8147810218978102
20313,0,1,0.08415794929789841,0.8147810218978102
22231,0,1,0.08415794929789841,0.8147810218978102
62526,0,0,0.08415794929789841,0.8147810218978102
49719,1,1,0.08415794929789841,0.8147810218978102
85039,0,1,0.08415794929789841,0.8147810218978102
44631,0,0,0.08415794929789841,0.8147810218978102
4884,0,1,0.08415794929789841,0.8147810218978102
46292,0,0,0.08415794929789841,0.8147810218978102
4663,0,1,0.08415794929789841,0.8147810218978102
91993,0,1,0.08415794929789841,0.8147810218978102
31187,0,1,0.08415794929789841,0.8147810218978102
6492,0,1,0.08415794929789841,0.8147810218978102
67398,0,1,0.08415794929789841,0.8147810218978102
37007,0,0,0.08415794929789841,0.8147810218978102
5926,0,0,0.08415794929789841,0.8147810218978102
51546,0,1,0.08415794929789841,0.8147810218978102
11043,0,1,0.08415794929789841,0.8147810218978102
9139,0,1,0.08415794929789841,0.8147810218978102
63429,0,0,0.08415794929789841,0.8147810218978102
95061,0,1,0.08415794929789841,0.8147810218978102
42616,0,1,0.08415794929789841,0.8147810218978102
63134,0,0,0.08415794929789841,0.8147810218978102
75625,0,1,0.08415794929789841,0.8147810218978102
44303,0,1,0.08415794929789841,0.8147810218978102
18150,0,1,0.08415794929789841,0.8147810218978102
76366,0,1,0.08415794929789841,0.8147810218978102
92467,0,1,0.08415794929789841,0.8147810218978102
15378,0,0,0.08415794929789841,0.8147810218978102
76228,0,1,0.08415794929789841,0.8147810218978102
21161,0,1,0.08415794929789841,0.8147810218978102
91114,0,0,0.08415794929789841,0.8147810218978102
55394,1,0,0.08415794929789841,0.8147810218978102
4082,0,0,0.08415794929789841,0.8147810218978102
18191,0,0,0.08415794929789841,0.8147810218978102
88430,0,0,0.08415794929789841,0.8147810218978102
81178,0,0,0.08415794929789841,0.8147810218978102
95667,0,0,0.08415794929789841,0.8147810218978102
42925,0,1,0.08415794929789841,0.8147810218978102
96638,0,1,0.08415794929789841,0.8147810218978102
31350,0,0,0.08415794929789841,0.8147810218978102
89471,0,0,0.08415794929789841,0.8147810218978102
23945,0,0,0.08415794929789841,0.8147810218978102
52947,0,0,0.08415794929789841,0.8147810218978102
8953,0,1,0.08415794929789841,0.8147810218978102
58583,0,1,0.08415794929789841,0.8147810218978102
79408,0,1,0.08415794929789841,0.8147810218978102
50107,0,0,0.08415794929789841,0.8147810218978102
95782,0,0,0.08415794929789841,0.8147810218978102
27661,0,1,0.08415794929789841,0.8147810218978102
41871,0,1,0.08415794929789841,0.8147810218978102
19542,0,0,0.08415794929789841,0.8147810218978102
92517,0,1,0.08415794929789841,0.8147810218978102
14703,0,0,0.08415794929789841,0.8147810218978102
41146,0,1,0.08415794929789841,0.8147810218978102
20488,0,1,0.08415794929789841,0.8147810218978102
43501,0,1,0.08415794929789841,0.8147810218978102
53914,0,1,0.08415794929789841,0.8147810218978102
2770,0,1,0.08415794929789841,0.8147810218978102
4269,0,0,0.08415794929789841,0.8147810218978102
80525,0,0,0.08415794929789841,0.8147810218978102
71351,0,0,0.08415794929789841,0.8147810218978102
26626,0,1,0.08415794929789841,0.8147810218978102
64992,0,1,0.08415794929789841,0.8147810218978102
90803,0,0,0.08415794929789841,0.8147810218978102
48477,0,0,0.08415794929789841,0.8147810218978102
21096,0,0,0.08415794929789841,0.8147810218978102
22115,0,0,0.08415794929789841,0.8147810218978102
93138,0,1,0.08415794929789841,0.8147810218978102
71708,0,1,0.08415794929789841,0.8147810218978102
16650,0,1,0.08415794929789841,0.8147810218978102
47059,0,1,0.08415794929789841,0.8147810218978102
11973,0,0,0.08415794929789841,0.8147810218978102
62656,0,0,0.08415794929789841,0.8147810218978102
11150,0,0,0.08415794929789841,0.8147810218978102
74743,0,0,0.08415794929789841,0.8147810218978102
59410,0,1,0.08415794929789841,0.8147810218978102
33389,0,1,0.08415794929789841,0.8147810218978102
75978,0,0,0.08415794929789841,0.8147810218978102
52004,0,1,0.08415794929789841,0.8147810218978102
51770,0,0,0.08415794929789841,0.8147810218978102
12047,0,1,0.08415794929789841,0.8147810218978102
8524,0,1,0.08415794929789841,0.8147810218978102
75936,0,0,0.08415794929789841,0.8147810218978102
90118,0,1,0.08415794929789841,0.8147810218978102
76409,0,1,0.08415794929789841,0.8147810218978102
85629,0,1,0.08415794929789841,0.8147810218978102
8791,0,0,0.08415794929789841,0.8147810218978102
50096,1,1,0.08415794929789841,0.8147810218978102
20840,0,1,0.08415794929789841,0.8147810218978102
92332,0,1,0.08415794929789841,0.8147810218978102
96129,0,1,0.08415794929789841,0.8147810218978102
39528,0,0,0.08415794929789841,0.8147810218978102
33306,0,0,0.08415794929789841,0.8147810218978102
45909,1,1,0.08415794929789841,0.8147810218978102
73870,0,1,0.08415794929789841,0.8147810218978102
60870,0,0,0.08415794929789841,0.8147810218978102
71520,0,1,0.08415794929789841,0.8147810218978102
63087,0,1,0.08415794929789841,0.8147810218978102
47172,0,0,0.08415794929789841,0.8147810218978102
91018,0,1,0.08415794929789841,0.8147810218978102
3854,0,0,0.08415794929789841,0.8147810218978102
73642,0,1,0.08415794929789841,0.8147810218978102
93884,1,1,0.08415794929789841,0.8147810218978102
55406,0,0,0.08415794929789841,0.8147810218978102
69510,0,0,0.08415794929789841,0.8147810218978102
74529,0,0,0.08415794929789841,0.8147810218978102
18799,0,1,0.08415794929789841,0.8147810218978102
66971,0,0,0.08415794929789841,0.8147810218978102
28569,0,1,0.08415794929789841,0.8147810218978102
32440,0,0,0.08415794929789841,0.8147810218978102
6029,0,0,0.08415794929789841,0.8147810218978102
29295,0,1,0.08415794929789841,0.8147810218978102
70040,0,0,0.08415794929789841,0.8147810218978102
89262,0,1,0.08415794929789841,0.8147810218978102
31206,1,1,0.08415794929789841,0.8147810218978102
91735,0,0,0.08415794929789841,0.8147810218978102
5891,0,1,0.08415794929789841,0.8147810218978102
70291,0,1,0.08415794929789841,0.8147810218978102
87369,1,1,0.08415794929789841,0.8147810218978102
66572,0,1,0.08415794929789841,0.8147810218978102
67121,0,1,0.08415794929789841,0.8147810218978102
76705,0,0,0.08415794929789841,0.8147810218978102
21621,0,0,0.08415794929789841,0.8147810218978102
4478,1,1,0.08415794929789841,0.8147810218978102
38599,0,0,0.08415794929789841,0.8147810218978102
33950,0,0,0.08415794929789841,0.8147810218978102
22666,0,1,0.08415794929789841,0.8147810218978102
97797,0,1,0.08415794929789841,0.8147810218978102
91026,0,1,0.08415794929789841,0.8147810218978102
50717,0,0,0.08415794929789841,0.8147810218978102
89666,0,1,0.08415794929789841,0.8147810218978102
35448,0,0,0.08415794929789841,0.8147810218978102
65168,0,0,0.08415794929789841,0.8147810218978102
58899,0,1,0.08415794929789841,0.8147810218978102
29022,0,0,0.08415794929789841,0.8147810218978102
7884,0,1,0.08415794929789841,0.8147810218978102
63596,0,1,0.08415794929789841,0.8147810218978102
11802,0,1,0.08415794929789841,0.8147810218978102
32580,0,0,0.08415794929789841,0.8147810218978102
87912,0,1,0.08415794929789841,0.8147810218978102
47337,0,1,0.08415794929789841,0.8147810218978102
58557,0,1,0.08415794929789841,0.8147810218978102
15278,0,1,0.08415794929789841,0.8147810218978102
58510,0,0,0.08415794929789841,0.8147810218978102
42456,0,1,0.08415794929789841,0.8147810218978102
9854,0,0,0.08415794929789841,0.8147810218978102
37558,0,1,0.08415794929789841,0.8147810218978102
86706,0,1,0.08415794929789841,0.8147810218978102
4707,0,0,0.08415794929789841,0.8147810218978102
75156,0,0,0.08415794929789841,0.8147810218978102
26360,0,0,0.08415794929789841,0.8147810218978102
98284,0,1,0.08415794929789841,0.8147810218978102
54677,0,0,0.08415794929789841,0.8147810218978102
88336,0,0,0.08415794929789841,0.8147810218978102
9030,0,1,0.08415794929789841,0.8147810218978102
29520,0,0,0.08415794929789841,0.8147810218978102
54710,0,0,0.08415794929789841,0.8147810218978102
16719,0,0,0.08415794929789841,0.8147810218978102
60212,1,1,0.08415794929789841,0.8147810218978102
47240,0,0,0.08415794929789841,0.8147810218978102
21152,0,1,0.08415794929789841,0.8147810218978102
82509,0,0,0.08415794929789841,0.8147810218978102
19032,0,0,0.08415794929789841,0.8147810218978102
30173,0,1,0.08415794929789841,0.8147810218978102
59272,0,0,0.08415794929789841,0.8147810218978102
13541,0,0,0.08415794929789841,0.8147810218978102
30505,0,1,0.08415794929789841,0.8147810218978102
89063,0,1,0.08415794929789841,0.8147810218978102
87326,0,1,0.08415794929789841,0.8147810218978102
89421,0,1,0.08415794929789841,0.8147810218978102
40310,0,0,0.08415794929789841,0.8147810218978102
93554,0,0,0.08415794929789841,0.8147810218978102
391,0,1,0.08415794929789841,0.8147810218978102
74376,0,0,0.08415794929789841,0.8147810218978102
12553,0,0,0.08415794929789841,0.8147810218978102
89829,0,0,0.08415794929789841,0.8147810218978102
37531,0,1,0.08415794929789841,0.8147810218978102
50089,0,1,0.08415794929789841,0.8147810218978102
540,0,1,0.08415794929789841,0.8147810218978102
51566,0,0,0.08415794929789841,0.8147810218978102
66993,0,1,0.08415794929789841,0.8147810218978102
63810,0,0,0.08415794929789841,0.8147810218978102
17756,1,0,0.08415794929789841,0.8147810218978102
88531,0,0,0.08415794929789841,0.8147810218978102
29387,0,1,0.08415794929789841,0.8147810218978102
90048,0,1,0.08415794929789841,0.8147810218978102
27326,0,1,0.08415794929789841,0.8147810218978102
67053,0,0,0.08415794929789841,0.8147810218978102
46571,0,1,0.08415794929789841,0.8147810218978102
24170,0,1,0.08415794929789841,0.8147810218978102
24844,0,1,0.08415794929789841,0.8147810218978102
74463,0,0,0.08415794929789841,0.8147810218978102
17391,1,1,0.08415794929789841,0.8147810218978102
90773,0,1,0.08415794929789841,0.8147810218978102
27639,0,1,0.08415794929789841,0.8147810218978102
20538,0,0,0.08415794929789841,0.8147810218978102
73887,0,0,0.08415794929789841,0.8147810218978102
97284,1,1,0.08415794929789841,0.8147810218978102
68855,0,1,0.08415794929789841,0.8147810218978102
60283,0,1,0.08415794929789841,0.8147810218978102
54055,0,1,0.08415794929789841,0.8147810218978102
59500,0,0,0.08415794929789841,0.8147810218978102
48774,0,0,0.08415794929789841,0.8147810218978102
11850,0,0,0.08415794929789841,0.8147810218978102
65915,0,1,0.08415794929789841,0.8147810218978102
52727,0,1,0.08415794929789841,0.8147810218978102
55333,0,0,0.08415794929789841,0.8147810218978102
4659,0,0,0.08415794929789841,0.8147810218978102
71156,0,0,0.08415794929789841,0.8147810218978102
37905,0,1,0.08415794929789841,0.8147810218978102
17670,0,1,0.08415794929789841,0.8147810218978102
31192,0,0,0.08415794929789841,0.8147810218978102
20633,0,1,0.08415794929789841,0.8147810218978102
78986,0,0,0.08415794929789841,0.8147810218978102
98763,1,1,0.08415794929789841,0.8147810218978102
57943,0,1,0.08415794929789841,0.8147810218978102
25431,0,1,0.08415794929789841,0.8147810218978102
68315,0,0,0.08415794929789841,0.8147810218978102
97989,0,0,0.08415794929789841,0.8147810218978102
10033,0,1,0.08415794929789841,0.8147810218978102
14082,0,1,0.08415794929789841,0.8147810218978102
60594,0,0,0.08415794929789841,0.8147810218978102
37301,0,1,0.08415794929789841,0.8147810218978102
78733,1,1,0.08415794929789841,0.8147810218978102
84369,0,1,0.08415794929789841,0.8147810218978102
14209,0,1,0.08415794929789841,0.8147810218978102
46966,0,1,0.08415794929789841,0.8147810218978102
70729,0,0,0.08415794929789841,0.8147810218978102
35728,0,0,0.08415794929789841,0.8147810218978102
55698,0,0,0.08415794929789841,0.8147810218978102
7027,0,1,0.08415794929789841,0.8147810218978102
20505,1,1,0.08415794929789841,0.8147810218978102
93547,0,0,0.08415794929789841,0.8147810218978102
82288,0,1,0.08415794929789841,0.8147810218978102
19680,0,0,0.08415794929789841,0.8147810218978102
48634,0,0,0.08415794929789841,0.8147810218978102
82558,0,1,0.08415794929789841,0.8147810218978102
2067,0,1,0.08415794929789841,0.8147810218978102
76440,0,1,0.08415794929789841,0.8147810218978102
48318,0,0,0.08415794929789841,0.8147810218978102
44158,0,1,0.08415794929789841,0.8147810218978102
48578,0,1,0.08415794929789841,0.8147810218978102
31272,1,1,0.08415794929789841,0.8147810218978102
41263,0,0,0.08415794929789841,0.8147810218978102
13489,0,1,0.08415794929789841,0.8147810218978102
8484,0,1,0.08415794929789841,0.8147810218978102
87992,0,1,0.08415794929789841,0.8147810218978102
25085,0,0,0.08415794929789841,0.8147810218978102
40011,0,1,0.08415794929789841,0.8147810218978102
88809,0,0,0.08415794929789841,0.8147810218978102
17546,0,1,0.08415794929789841,0.8147810218978102
23163,0,0,0.08415794929789841,0.8147810218978102
31228,0,1,0.08415794929789841,0.8147810218978102
24565,0,1,0.08415794929789841,0.8147810218978102
38584,0,0,0.08415794929789841,0.8147810218978102
45266,0,0,0.08415794929789841,0.8147810218978102
83616,0,0,0.08415794929789841,0.8147810218978102
3241,0,0,0.08415794929789841,0.8147810218978102
73750,0,1,0.08415794929789841,0.8147810218978102
3985,0,0,0.08415794929789841,0.8147810218978102
63534,1,1,0.08415794929789841,0.8147810218978102
69273,0,1,0.08415794929789841,0.8147810218978102
5757,0,0,0.08415794929789841,0.8147810218978102
96645,0,0,0.08415794929789841,0.8147810218978102
62258,0,1,0.08415794929789841,0.8147810218978102
62162,0,0,0.08415794929789841,0.8147810218978102
95409,0,0,0.08415794929789841,0.8147810218978102
98895,0,0,0.08415794929789841,0.8147810218978102
82032,0,1,0.08415794929789841,0.8147810218978102
50672,0,0,0.08415794929789841,0.8147810218978102
84941,0,0,0.08415794929789841,0.8147810218978102
98727,0,0,0.08415794929789841,0.8147810218978102
32105,0,0,0.08415794929789841,0.8147810218978102
89821,0,0,0.08415794929789841,0.8147810218978102
5314,0,0,0.08415794929789841,0.8147810218978102
46853,0,1,0.08415794929789841,0.8147810218978102
57780,0,0,0.08415794929789841,0.8147810218978102
51599,0,1,0.08415794929789841,0.8147810218978102
70160,0,0,0.08415794929789841,0.8147810218978102
28666,0,0,0.08415794929789841,0.8147810218978102
71472,0,0,0.08415794929789841,0.8147810218978102
79827,0,0,0.08415794929789841,0.8147810218978102
17679,0,1,0.08415794929789841,0.8147810218978102
79606,0,1,0.08415794929789841,0.8147810218978102
48202,0,1,0.08415794929789841,0.8147810218978102
78233,0,0,0.08415794929789841,0.8147810218978102
84475,0,1,0.08415794929789841,0.8147810218978102
72620,0,1,0.08415794929789841,0.8147810218978102
13274,0,0,0.08415794929789841,0.8147810218978102
66083,0,0,0.08415794929789841,0.8147810218978102
3285,0,1,0.08415794929789841,0.8147810218978102
10207,0,1,0.08415794929789841,0.8147810218978102
75137,0,0,0.08415794929789841,0.8147810218978102
15052,0,1,0.08415794929789841,0.8147810218978102
12263,0,1,0.08415794929789841,0.8147810218978102
25419,0,0,0.08415794929789841,0.8147810218978102
60521,0,1,0.08415794929789841,0.8147810218978102
56047,0,1,0.08415794929789841,0.8147810218978102
54357,0,1,0.08415794929789841,0.8147810218978102
69141,0,0,0.08415794929789841,0.8147810218978102
42202,0,0,0.08415794929789841,0.8147810218978102
77474,1,1,0.08415794929789841,0.8147810218978102
87123,0,1,0.08415794929789841,0.8147810218978102
80127,0,0,0.08415794929789841,0.8147810218978102
43382,0,0,0.08415794929789841,0.8147810218978102
2783,0,1,0.08415794929789841,0.8147810218978102
61605,0,0,0.08415794929789841,0.8147810218978102
28789,0,1,0.08415794929789841,0.8147810218978102
77915,0,1,0.08415794929789841,0.8147810218978102
67500,0,1,0.08415794929789841,0.8147810218978102
79139,0,0,0.08415794929789841,0.8147810218978102
34205,0,1,0.08415794929789841,0.8147810218978102
56167,0,0,0.08415794929789841,0.8147810218978102
29887,1,1,0.08415794929789841,0.8147810218978102
86121,0,1,0.08415794929789841,0.8147810218978102
9896,0,0,0.08415794929789841,0.8147810218978102
59197,0,0,0.08415794929789841,0.8147810218978102
15733,0,1,0.08415794929789841,0.8147810218978102
33579,0,0,0.08415794929789841,0.8147810218978102
42852,0,0,0.08415794929789841,0.8147810218978102
31556,0,1,0.08415794929789841,0.8147810218978102
11137,0,0,0.08415794929789841,0.8147810218978102
18178,0,1,0.08415794929789841,0.8147810218978102
24605,0,1,0.08415794929789841,0.8147810218978102
34271,0,0,0.08415794929789841,0.8147810218978102
97245,1,1,0.08415794929789841,0.8147810218978102
24909,0,1,0.08415794929789841,0.8147810218978102
46660,0,0,0.08415794929789841,0.8147810218978102
30413,0,0,0.08415794929789841,0.8147810218978102
17945,0,0,0.08415794929789841,0.8147810218978102
92357,0,1,0.08415794929789841,0.8147810218978102
91213,0,1,0.08415794929789841,0.8147810218978102
16328,0,0,0.08415794929789841,0.8147810218978102
21499,0,0,0.08415794929789841,0.8147810218978102
24406,0,0,0.08415794929789841,0.8147810218978102
49623,0,0,0.08415794929789841,0.8147810218978102
40965,0,1,0.08415794929789841,0.8147810218978102
80377,0,0,0.08415794929789841,0.8147810218978102
9083,0,0,0.08415794929789841,0.8147810218978102
10327,0,1,0.08415794929789841,0.8147810218978102
54899,0,1,0.08415794929789841,0.8147810218978102
5573,0,0,0.08415794929789841,0.8147810218978102
83585,0,1,0.08415794929789841,0.8147810218978102
35421,0,0,0.08415794929789841,0.8147810218978102
72217,0,1,0.08415794929789841,0.8147810218978102
68247,0,1,0.08415794929789841,0.8147810218978102
47859,0,1,0.08415794929789841,0.8147810218978102
61295,0,0,0.08415794929789841,0.8147810218978102
95673,1,1,0.08415794929789841,0.8147810218978102
22056,0,1,0.08415794929789841,0.8147810218978102
3137,0,0,0.08415794929789841,0.8147810218978102
82353,0,1,0.08415794929789841,0.8147810218978102
76784,0,0,0.08415794929789841,0.8147810218978102
26613,0,0,0.08415794929789841,0.8147810218978102
94072,0,1,0.08415794929789841,0.8147810218978102
25425,0,0,0.08415794929789841,0.8147810218978102
27724,0,1,0.08415794929789841,0.8147810218978102
1766,0,1,0.08415794929789841,0.8147810218978102
23393,0,0,0.08415794929789841,0.8147810218978102
67111,0,1,0.08415794929789841,0.8147810218978102
44496,0,1,0.08415794929789841,0.8147810218978102
5657,1,1,0.08415794929789841,0.8147810218978102
42794,0,1,0.08415794929789841,0.8147810218978102
63889,0,0,0.08415794929789841,0.8147810218978102
41619,0,1,0.08415794929789841,0.8147810218978102
45111,0,0,0.08415794929789841,0.8147810218978102
24869,0,0,0.08415794929789841,0.8147810218978102
3984,0,1,0.08415794929789841,0.8147810218978102
79227,0,0,0.08415794929789841,0.8147810218978102
25061,0,0,0.08415794929789841,0.8147810218978102
14803,0,1,0.08415794929789841,0.8147810218978102
7373,0,0,0.08415794929789841,0.8147810218978102
86155,0,1,0.08415794929789841,0.8147810218978102
75456,0,0,0.08415794929789841,0.8147810218978102
22834,0,1,0.08415794929789841,0.8147810218978102
31083,0,0,0.08415794929789841,0.8147810218978102
81809,0,0,0.08415794929789841,0.8147810218978102
14276,0,0,0.08415794929789841,0.8147810218978102
47968,0,1,0.08415794929789841,0.8147810218978102
11972,0,1,0.08415794929789841,0.8147810218978102
66553,0,1,0.08415794929789841,0.8147810218978102
6169,0,0,0.08415794929789841,0.8147810218978102
96124,0,0,0.08415794929789841,0.8147810218978102
37505,0,0,0.08415794929789841,0.8147810218978102
25272,0,1,0.08415794929789841,0.8147810218978102
47598,0,0,0.08415794929789841,0.8147810218978102
82709,0,0,0.08415794929789841,0.8147810218978102
64943,0,1,0.08415794929789841,0.8147810218978102
28195,0,0,0.08415794929789841,0.8147810218978102
10013,0,0,0.08415794929789841,0.8147810218978102
725,0,0,0.08415794929789841,0.8147810218978102
43217,0,0,0.08415794929789841,0.8147810218978102
6789,0,1,0.08415794929789841,0.8147810218978102
75616,0,1,0.08415794929789841,0.8147810218978102
7699,0,1,0.08415794929789841,0.8147810218978102
16165,0,1,0.08415794929789841,0.8147810218978102
90318,0,1,0.08415794929789841,0.8147810218978102
60288,0,0,0.08415794929789841,0.8147810218978102
25508,0,1,0.08415794929789841,0.8147810218978102
20337,0,1,0.08415794929789841,0.8147810218978102
67954,0,0,0.08415794929789841,0.8147810218978102
97790,0,0,0.08415794929789841,0.8147810218978102
12321,0,0,0.08415794929789841,0.8147810218978102
97307,0,1,0.08415794929789841,0.8147810218978102
72614,0,1,0.08415794929789841,0.8147810218978102
31522,0,1,0.08415794929789841,0.8147810218978102
70035,0,0,0.08415794929789841,0.8147810218978102
36357,0,1,0.08415794929789841,0.8147810218978102
41005,0,1,0.08415794929789841,0.8147810218978102
58417,0,1,0.08415794929789841,0.8147810218978102
59058,1,0,0.08415794929789841,0.8147810218978102
36258,0,1,0.08415794929789841,0.8147810218978102
86199,0,0,0.08415794929789841,0.8147810218978102
65272,1,1,0.08415794929789841,0.8147810218978102
28377,0,0,0.08415794929789841,0.8147810218978102
8051,0,1,0.08415794929789841,0.8147810218978102
98280,0,0,0.08415794929789841,0.8147810218978102
85571,0,1,0.08415794929789841,0.8147810218978102
12693,0,0,0.08415794929789841,0.8147810218978102
16935,0,0,0.08415794929789841,0.8147810218978102
88847,0,1,0.08415794929789841,0.8147810218978102
53490,0,1,0.08415794929789841,0.8147810218978102
19276,0,1,0.08415794929789841,0.8147810218978102
4922,0,0,0.08415794929789841,0.8147810218978102
47579,0,0,0.08415794929789841,0.8147810218978102
78846,0,0,0.08415794929789841,0.8147810218978102
75834,0,1,0.08415794929789841,0.8147810218978102
42389,0,1,0.08415794929789841,0.8147810218978102
20700,0,1,0.08415794929789841,0.8147810218978102
5727,0,1,0.08415794929789841,0.8147810218978102
60336,0,1,0.08415794929789841,0.8147810218978102
34765,0,0,0.08415794929789841,0.8147810218978102
98470,0,0,0.08415794929789841,0.8147810218978102
90270,0,1,0.08415794929789841,0.8147810218978102
11863,0,1,0.08415794929789841,0.8147810218978102
70337,0,0,0.08415794929789841,0.8147810218978102
59219,0,0,0.08415794929789841,0.8147810218978102
30040,0,0,0.08415794929789841,0.8147810218978102
1998,0,1,0.08415794929789841,0.8147810218978102
54940,0,1,0.08415794929789841,0.8147810218978102
33761,0,0,0.08415794929789841,0.8147810218978102
98901,0,0,0.08415794929789841,0.8147810218978102
54793,0,1,0.08415794929789841,0.8147810218978102
85574,0,0,0.08415794929789841,0.8147810218978102
53419,0,1,0.08415794929789841,0.8147810218978102
33432,0,0,0.08415794929789841,0.8147810218978102
80263,0,1,0.08415794929789841,0.8147810218978102
41082,0,0,0.08415794929789841,0.8147810218978102
52093,1,1,0.08415794929789841,0.8147810218978102
9289,0,0,0.08415794929789841,0.8147810218978102
72834,0,0,0.08415794929789841,0.8147810218978102
4766,0,0,0.08415794929789841,0.8147810218978102
7488,0,0,0.08415794929789841,0.8147810218978102
84116,0,1,0.08415794929789841,0.8147810218978102
28553,0,1,0.08415794929789841,0.8147810218978102
55929,0,0,0.08415794929789841,0.8147810218978102
94941,0,1,0.08415794929789841,0.8147810218978102
34069,0,0,0.08415794929789841,0.8147810218978102
72422,0,1,0.08415794929789841,0.8147810218978102
96078,1,0,0.08415794929789841,0.8147810218978102
49332,1,1,0.08415794929789841,0.8147810218978102
64719,0,0,0.08415794929789841,0.8147810218978102
52675,0,1,0.08415794929789841,0.8147810218978102
88919,0,1,0.08415794929789841,0.8147810218978102
53418,0,0,0.08415794929789841,0.8147810218978102
70427,0,0,0.08415794929789841,0.8147810218978102
38100,0,0,0.08415794929789841,0.8147810218978102
9512,0,1,0.08415794929789841,0.8147810218978102
62165,0,0,0.08415794929789841,0.8147810218978102
18090,0,0,0.08415794929789841,0.8147810218978102
3916,0,0,0.08415794929789841,0.8147810218978102
6817,0,1,0.08415794929789841,0.8147810218978102
49050,0,1,0.08415794929789841,0.8147810218978102
32635,0,1,0.08415794929789841,0.8147810218978102
11551,0,1,0.08415794929789841,0.8147810218978102
5649,0,1,0.08415794929789841,0.8147810218978102
88492,0,0,0.08415794929789841,0.8147810218978102
96657,1,1,0.08415794929789841,0.8147810218978102
83148,0,0,0.08415794929789841,0.8147810218978102
90680,0,0,0.08415794929789841,0.8147810218978102
51800,0,0,0.08415794929789841,0.8147810218978102
43062,0,0,0.08415794929789841,0.8147810218978102
1599,0,0,0.08415794929789841,0.8147810218978102
69591,0,1,0.08415794929789841,0.8147810218978102
39192,0,0,0.08415794929789841,0.8147810218978102
23809,1,0,0.08415794929789841,0.8147810218978102
23883,0,1,0.08415794929789841,0.8147810218978102
94288,0,0,0.08415794929789841,0.8147810218978102
70550,0,0,0.08415794929789841,0.8147810218978102
62355,0,1,0.08415794929789841,0.8147810218978102
31505,0,0,0.08415794929789841,0.8147810218978102
94869,0,0,0.08415794929789841,0.8147810218978102
58775,0,0,0.08415794929789841,0.8147810218978102
45939,0,0,0.08415794929789841,0.8147810218978102
27818,0,1,0.08415794929789841,0.8147810218978102
19841,1,0,0.08415794929789841,0.8147810218978102
5797,1,1,0.08415794929789841,0.8147810218978102
43394,0,1,0.08415794929789841,0.8147810218978102
70393,0,0,0.08415794929789841,0.8147810218978102
16776,0,0,0.08415794929789841,0.8147810218978102
6974,0,0,0.08415794929789841,0.8147810218978102
16534,0,0,0.08415794929789841,0.8147810218978102
3611,0,0,0.08415794929789841,0.8147810218978102
10122,0,1,0.08415794929789841,0.8147810218978102
7976,0,1,0.08415794929789841,0.8147810218978102
6463,0,1,0.08415794929789841,0.8147810218978102
61902,0,1,0.08415794929789841,0.8147810218978102
47127,0,1,0.08415794929789841,0.8147810218978102
75377,0,0,0.08415794929789841,0.8147810218978102
3745,0,0,0.08415794929789841,0.8147810218978102
54325,0,1,0.08415794929789841,0.8147810218978102
97368,0,1,0.08415794929789841,0.8147810218978102
61073,0,1,0.08415794929789841,0.8147810218978102
25937,0,1,0.08415794929789841,0.8147810218978102
98663,0,0,0.08415794929789841,0.8147810218978102
47391,0,0,0.08415794929789841,0.8147810218978102
88716,0,1,0.08415794929789841,0.8147810218978102
64753,0,1,0.08415794929789841,0.8147810218978102
97858,0,0,0.08415794929789841,0.8147810218978102
31002,0,0,0.08415794929789841,0.8147810218978102
59121,0,0,0.08415794929789841,0.8147810218978102
89554,0,0,0.08415794929789841,0.8147810218978102
22556,0,0,0.08415794929789841,0.8147810218978102
11692,1,1,0.08415794929789841,0.8147810218978102
2159,0,1,0.08415794929789841,0.8147810218978102
99164,0,0,0.08415794929789841,0.8147810218978102
73358,0,0,0.08415794929789841,0.8147810218978102
24905,0,1,0.08415794929789841,0.8147810218978102
94908,0,0,0.08415794929789841,0.8147810218978102
23943,0,0,0.08415794929789841,0.8147810218978102
57665,0,0,0.08415794929789841,0.8147810218978102
51536,0,1,0.08415794929789841,0.8147810218978102
52860,0,1,0.08415794929789841,0.8147810218978102
15286,0,0,0.08415794929789841,0.8147810218978102
62626,0,0,0.08415794929789841,0.8147810218978102
43428,0,0,0.08415794929789841,0.8147810218978102
11407,0,1,0.08415794929789841,0.8147810218978102
64499,0,0,0.08415794929789841,0.8147810218978102
66678,0,0,0.08415794929789841,0.8147810218978102
95009,0,0,0.08415794929789841,0.8147810218978102
71027,0,0,0.08415794929789841,0.8147810218978102
82731,0,0,0.08415794929789841,0.8147810218978102
14774,0,0,0.08415794929789841,0.8147810218978102
7654,0,0,0.08415794929789841,0.8147810218978102
85909,0,1,0.08415794929789841,0.8147810218978102
39683,0,1,0.08415794929789841,0.8147810218978102
84294,0,1,0.08415794929789841,0.8147810218978102
77546,0,0,0.08415794929789841,0.8147810218978102
32888,0,0,0.08415794929789841,0.8147810218978102
37148,0,1,0.08415794929789841,0.8147810218978102
40642,0,0,0.08415794929789841,0.8147810218978102
90009,0,1,0.08415794929789841,0.8147810218978102
1369,0,1,0.08415794929789841,0.8147810218978102
6289,0,1,0.08415794929789841,0.8147810218978102
33506,0,1,0.08415794929789841,0.8147810218978102
26645,0,1,0.08415794929789841,0.8147810218978102
46266,0,1,0.08415794929789841,0.8147810218978102
34849,0,0,0.08415794929789841,0.8147810218978102
91113,0,0,0.08415794929789841,0.8147810218978102
95297,0,1,0.08415794929789841,0.8147810218978102
34078,0,0,0.08415794929789841,0.8147810218978102
19367,0,1,0.08415794929789841,0.8147810218978102
47189,0,1,0.08415794929789841,0.8147810218978102
46732,1,0,0.08415794929789841,0.8147810218978102
42268,0,1,0.08415794929789841,0.8147810218978102
57054,0,1,0.08415794929789841,0.8147810218978102
18160,0,0,0.08415794929789841,0.8147810218978102
15383,0,0,0.08415794929789841,0.8147810218978102
44828,0,0,0.08415794929789841,0.8147810218978102
97029,0,1,0.08415794929789841,0.8147810218978102
59847,0,0,0.08415794929789841,0.8147810218978102
2381,0,0,0.08415794929789841,0.8147810218978102
28896,0,1,0.08415794929789841,0.8147810218978102
41094,1,0,0.08415794929789841,0.8147810218978102
70880,0,1,0.08415794929789841,0.8147810218978102
81516,0,1,0.08415794929789841,0.8147810218978102
15621,0,1,0.08415794929789841,0.8147810218978102
67094,0,0,0.08415794929789841,0.8147810218978102
73094,0,1,0.08415794929789841,0.8147810218978102
94246,1,1,0.08415794929789841,0.8147810218978102
72577,0,0,0.08415794929789841,0.8147810218978102
1888,0,0,0.08415794929789841,0.8147810218978102
72695,0,0,0.08415794929789841,0.8147810218978102
59972,0,0,0.08415794929789841,0.8147810218978102
76181,1,0,0.08415794929789841,0.8147810218978102
37157,0,0,0.08415794929789841,0.8147810218978102
74208,0,1,0.08415794929789841,0.8147810218978102
50616,0,0,0.08415794929789841,0.8147810218978102
7784,0,0,0.08415794929789841,0.8147810218978102
1628,0,0,0.08415794929789841,0.8147810218978102
73830,0,1,0.08415794929789841,0.8147810218978102
87556,0,1,0.08415794929789841,0.8147810218978102
29125,0,1,0.08415794929789841,0.8147810218978102
11360,0,1,0.08415794929789841,0.8147810218978102
60648,0,0,0.08415794929789841,0.8147810218978102
21402,0,0,0.08415794929789841,0.8147810218978102
51044,0,0,0.08415794929789841,0.8147810218978102
58228,0,0,0.08415794929789841,0.8147810218978102
61252,0,0,0.08415794929789841,0.8147810218978102
67728,0,1,0.08415794929789841,0.8147810218978102
89705,0,1,0.08415794929789841,0.8147810218978102
32950,0,1,0.08415794929789841,0.8147810218978102
55287,0,1,0.08415794929789841,0.8147810218978102
7068,0,1,0.08415794929789841,0.8147810218978102
65184,0,1,0.08415794929789841,0.8147810218978102
1689,0,0,0.08415794929789841,0.8147810218978102
40972,0,1,0.08415794929789841,0.8147810218978102
59943,0,0,0.08415794929789841,0.8147810218978102
74141,0,1,0.08415794929789841,0.8147810218978102
20958,0,1,0.08415794929789841,0.8147810218978102
73634,0,1,0.08415794929789841,0.8147810218978102
20484,0,1,0.08415794929789841,0.8147810218978102
72147,0,0,0.08415794929789841,0.8147810218978102
81611,0,0,0.08415794929789841,0.8147810218978102
2889,0,0,0.08415794929789841,0.8147810218978102
7136,0,0,0.08415794929789841,0.8147810218978102
6482,0,1,0.08415794929789841,0.8147810218978102
1286,0,1,0.08415794929789841,0.8147810218978102
19477,0,1,0.08415794929789841,0.8147810218978102
5136,0,0,0.08415794929789841,0.8147810218978102
87928,0,1,0.08415794929789841,0.8147810218978102
10852,0,0,0.08415794929789841,0.8147810218978102
94891,0,1,0.08415794929789841,0.8147810218978102
23320,0,0,0.08415794929789841,0.8147810218978102
84464,0,1,0.08415794929789841,0.8147810218978102
62970,0,1,0.08415794929789841,0.8147810218978102
48744,0,1,0.08415794929789841,0.8147810218978102
4392,0,1,0.08415794929789841,0.8147810218978102
60940,0,0,0.08415794929789841,0.8147810218978102
37353,0,1,0.08415794929789841,0.8147810218978102
6408,0,0,0.08415794929789841,0.8147810218978102
87032,0,0,0.08415794929789841,0.8147810218978102
77937,0,0,0.08415794929789841,0.8147810218978102
24410,0,0,0.08415794929789841,0.8147810218978102
53394,0,1,0.08415794929789841,0.8147810218978102
19817,0,0,0.08415794929789841,0.8147810218978102
84361,0,1,0.08415794929789841,0.8147810218978102
3709,0,1,0.08415794929789841,0.8147810218978102
47890,0,1,0.08415794929789841,0.8147810218978102
90739,0,1,0.08415794929789841,0.8147810218978102
10496,0,0,0.08415794929789841,0.8147810218978102
71347,0,0,0.08415794929789841,0.8147810218978102
80749,0,0,0.08415794929789841,0.8147810218978102
75302,0,1,0.08415794929789841,0.8147810218978102
37754,0,1,0.08415794929789841,0.8147810218978102
3276,0,0,0.08415794929789841,0.8147810218978102
87059,0,1,0.08415794929789841,0.8147810218978102
42626,0,0,0.08415794929789841,0.8147810218978102
80589,0,1,0.08415794929789841,0.8147810218978102
45122,0,0,0.08415794929789841,0.8147810218978102
7945,0,0,0.08415794929789841,0.8147810218978102
51160,0,1,0.08415794929789841,0.8147810218978102
31920,0,1,0.08415794929789841,0.8147810218978102
59574,0,0,0.08415794929789841,0.8147810218978102
24122,0,0,0.08415794929789841,0.8147810218978102
90570,0,1,0.08415794929789841,0.8147810218978102
93915,0,1,0.08415794929789841,0.8147810218978102
26389,0,1,0.08415794929789841,0.8147810218978102
46256,0,1,0.08415794929789841,0.8147810218978102
94071,0,0,0.08415794929789841,0.8147810218978102
13159,0,1,0.08415794929789841,0.8147810218978102
85139,0,0,0.08415794929789841,0.8147810218978102
6334,0,0,0.08415794929789841,0.8147810218978102
65625,0,1,0.08415794929789841,0.8147810218978102
4594,0,1,0.08415794929789841,0.8147810218978102
97545,0,1,0.08415794929789841,0.8147810218978102
23398,0,1,0.08415794929789841,0.8147810218978102
80987,0,0,0.08415794929789841,0.8147810218978102
53611,0,1,0.08415794929789841,0.8147810218978102
28123,0,1,0.08415794929789841,0.8147810218978102
51124,0,0,0.08415794929789841,0.8147810218978102
50859,0,1,0.08415794929789841,0.8147810218978102
9932,0,1,0.08415794929789841,0.8147810218978102
91750,0,1,0.08415794929789841,0.8147810218978102
51567,0,1,0.08415794929789841,0.8147810218978102
45259,0,0,0.08415794929789841,0.8147810218978102
49742,0,1,0.08415794929789841,0.8147810218978102
24996,0,0,0.08415794929789841,0.8147810218978102
35569,0,1,0.08415794929789841,0.8147810218978102
52317,0,1,0.08415794929789841,0.8147810218978102
16044,0,0,0.08415794929789841,0.8147810218978102
70483,0,0,0.08415794929789841,0.8147810218978102
19387,0,0,0.08415794929789841,0.8147810218978102
18689,0,0,0.08415794929789841,0.8147810218978102
34382,0,0,0.08415794929789841,0.8147810218978102
19877,0,0,0.08415794929789841,0.8147810218978102
74998,0,1,0.08415794929789841,0.8147810218978102
34439,0,0,0.08415794929789841,0.8147810218978102
52980,0,1,0.08415794929789841,0.8147810218978102
44755,0,1,0.08415794929789841,0.8147810218978102
53823,0,1,0.08415794929789841,0.8147810218978102
66848,0,1,0.08415794929789841,0.8147810218978102
58845,0,0,0.08415794929789841,0.8147810218978102
26567,0,1,0.08415794929789841,0.8147810218978102
97824,0,0,0.08415794929789841,0.8147810218978102
82638,0,1,0.08415794929789841,0.8147810218978102
72767,0,1,0.08415794929789841,0.8147810218978102
53754,0,1,0.08415794929789841,0.8147810218978102
60759,0,0,0.08415794929789841,0.8147810218978102
86736,0,0,0.08415794929789841,0.8147810218978102
14883,0,0,0.08415794929789841,0.8147810218978102
61367,0,1,0.08415794929789841,0.8147810218978102
80791,0,0,0.08415794929789841,0.8147810218978102
7205,1,1,0.08415794929789841,0.8147810218978102
62264,0,0,0.08415794929789841,0.8147810218978102
99657,0,0,0.08415794929789841,0.8147810218978102
95767,0,0,0.08415794929789841,0.8147810218978102
76311,0,0,0.08415794929789841,0.8147810218978102
41506,0,0,0.08415794929789841,0.8147810218978102
20497,0,1,0.08415794929789841,0.8147810218978102
73868,0,0,0.08415794929789841,0.8147810218978102
83378,0,0,0.08415794929789841,0.8147810218978102
73111,0,1,0.08415794929789841,0.8147810218978102
12135,0,0,0.08415794929789841,0.8147810218978102
11644,0,1,0.08415794929789841,0.8147810218978102
34426,0,0,0.08415794929789841,0.8147810218978102
44790,0,1,0.08415794929789841,0.8147810218978102
26518,0,1,0.08415794929789841,0.8147810218978102
94346,0,0,0.08415794929789841,0.8147810218978102
57759,0,1,0.08415794929789841,0.8147810218978102
57334,0,0,0.08415794929789841,0.8147810218978102
55568,0,1,0.08415794929789841,0.8147810218978102
43339,0,0,0.08415794929789841,0.8147810218978102
89560,1,0,0.08415794929789841,0.8147810218978102
64133,0,1,0.08415794929789841,0.8147810218978102
78829,0,1,0.08415794929789841,0.8147810218978102
54893,0,1,0.08415794929789841,0.8147810218978102
92213,0,0,0.08415794929789841,0.8147810218978102
31712,0,1,0.08415794929789841,0.8147810218978102
13567,0,0,0.08415794929789841,0.8147810218978102
72232,0,1,0.08415794929789841,0.8147810218978102
57853,0,0,0.08415794929789841,0.8147810218978102
60751,1,1,0.08415794929789841,0.8147810218978102
8903,0,1,0.08415794929789841,0.8147810218978102
23371,0,1,0.08415794929789841,0.8147810218978102
45261,0,0,0.08415794929789841,0.8147810218978102
49104,0,0,0.08415794929789841,0.8147810218978102
1567,0,1,0.08415794929789841,0.8147810218978102
78437,1,0,0.08415794929789841,0.8147810218978102
17694,0,1,0.08415794929789841,0.8147810218978102
6126,0,0,0.08415794929789841,0.8147810218978102
65632,0,1,0.08415794929789841,0.8147810218978102
53644,0,0,0.08415794929789841,0.8147810218978102
10961,0,0,0.08415794929789841,0.8147810218978102
35604,0,0,0.08415794929789841,0.8147810218978102
39863,0,1,0.08415794929789841,0.8147810218978102
78615,0,0,0.08415794929789841,0.8147810218978102
92542,0,0,0.08415794929789841,0.8147810218978102
19303,0,1,0.08415794929789841,0.8147810218978102
84456,0,0,0.08415794929789841,0.8147810218978102
69364,0,1,0.08415794929789841,0.8147810218978102
1425,0,0,0.08415794929789841,0.8147810218978102
14013,0,0,0.08415794929789841,0.8147810218978102
69853,0,0,0.08415794929789841,0.8147810218978102
25695,0,0,0.08415794929789841,0.8147810218978102
95350,0,0,0.08415794929789841,0.8147810218978102
34902,0,1,0.08415794929789841,0.8147810218978102
61584,0,0,0.08415794929789841,0.8147810218978102
28063,0,1,0.08415794929789841,0.8147810218978102
67006,0,0,0.08415794929789841,0.8147810218978102
62163,0,0,0.08415794929789841,0.8147810218978102
54610,0,0,0.08415794929789841,0.8147810218978102
43862,0,1,0.08415794929789841,0.8147810218978102
72317,0,1,0.08415794929789841,0.8147810218978102
95484,0,1,0.08415794929789841,0.8147810218978102
68905,0,0,0.08415794929789841,0.8147810218978102
54860,0,1,0.08415794929789841,0.8147810218978102
39607,0,0,0.08415794929789841,0.8147810218978102
90874,0,1,0.08415794929789841,0.8147810218978102
72534,0,1,0.08415794929789841,0.8147810218978102
3,0,0,0.08415794929789841,0.8147810218978102
25570,0,1,0.08415794929789841,0.8147810218978102
48462,0,1,0.08415794929789841,0.8147810218978102
76842,1,1,0.08415794929789841,0.8147810218978102
61359,0,0,0.08415794929789841,0.8147810218978102
68841,0,0,0.08415794929789841,0.8147810218978102
33496,0,0,0.08415794929789841,0.8147810218978102
74072,0,1,0.08415794929789841,0.8147810218978102
36359,0,0,0.08415794929789841,0.8147810218978102
18532,0,1,0.08415794929789841,0.8147810218978102
64082,0,1,0.08415794929789841,0.8147810218978102
4200,0,1,0.08415794929789841,0.8147810218978102
61712,0,1,0.08415794929789841,0.8147810218978102
38180,0,1,0.08415794929789841,0.8147810218978102
58984,0,1,0.08415794929789841,0.8147810218978102
33104,0,0,0.08415794929789841,0.8147810218978102
40526,0,1,0.08415794929789841,0.8147810218978102
22427,0,0,0.08415794929789841,0.8147810218978102
32675,0,0,0.08415794929789841,0.8147810218978102
63249,0,1,0.08415794929789841,0.8147810218978102
55250,0,1,0.08415794929789841,0.8147810218978102
35442,0,1,0.08415794929789841,0.8147810218978102
73965,0,0,0.08415794929789841,0.8147810218978102
68919,0,1,0.08415794929789841,0.8147810218978102
57574,0,1,0.08415794929789841,0.8147810218978102
11425,1,0,0.08415794929789841,0.8147810218978102
22321,0,0,0.08415794929789841,0.8147810218978102
85968,0,1,0.08415794929789841,0.8147810218978102
23495,0,0,0.08415794929789841,0.8147810218978102
65233,0,1,0.08415794929789841,0.8147810218978102
63738,0,0,0.08415794929789841,0.8147810218978102
71941,0,0,0.08415794929789841,0.8147810218978102
49121,0,1,0.08415794929789841,0.8147810218978102
9697,0,0,0.08415794929789841,0.8147810218978102
69035,0,0,0.08415794929789841,0.8147810218978102
83819,0,0,0.08415794929789841,0.8147810218978102
71434,0,0,0.08415794929789841,0.8147810218978102
97870,0,1,0.08415794929789841,0.8147810218978102
27424,0,0,0.08415794929789841,0.8147810218978102
42843,0,1,0.08415794929789841,0.8147810218978102
38530,0,0,0.08415794929789841,0.8147810218978102
50634,0,0,0.08415794929789841,0.8147810218978102
11828,0,1,0.08415794929789841,0.8147810218978102
23067,0,0,0.08415794929789841,0.8147810218978102
77318,0,1,0.08415794929789841,0.8147810218978102
1754,0,0,0.08415794929789841,0.8147810218978102
29193,0,0,0.08415794929789841,0.8147810218978102
56076,0,0,0.08415794929789841,0.8147810218978102
45030,0,1,0.08415794929789841,0.8147810218978102
94721,0,1,0.08415794929789841,0.8147810218978102
26020,0,0,0.08415794929789841,0.8147810218978102
33151,0,1,0.08415794929789841,0.8147810218978102
93977,0,1,0.08415794929789841,0.8147810218978102
93275,1,1,0.08415794929789841,0.8147810218978102
42507,0,0,0.08415794929789841,0.8147810218978102
31750,0,0,0.08415794929789841,0.8147810218978102
36811,0,0,0.08415794929789841,0.8147810218978102
76913,0,0,0.08415794929789841,0.8147810218978102
43073,0,0,0.08415794929789841,0.8147810218978102
79357,0,0,0.08415794929789841,0.8147810218978102
13700,0,1,0.08415794929789841,0.8147810218978102
34461,0,1,0.08415794929789841,0.8147810218978102
39081,1,0,0.08415794929789841,0.8147810218978102
83205,0,0,0.08415794929789841,0.8147810218978102
81078,0,1,0.08415794929789841,0.8147810218978102
39878,0,1,0.08415794929789841,0.8147810218978102
37203,0,1,0.08415794929789841,0.8147810218978102
82532,0,1,0.08415794929789841,0.8147810218978102
99603,0,0,0.08415794929789841,0.8147810218978102
49956,0,1,0.08415794929789841,0.8147810218978102
83064,0,1,0.08415794929789841,0.8147810218978102
8543,0,0,0.08415794929789841,0.8147810218978102
40877,0,1,0.08415794929789841,0.8147810218978102
82347,0,1,0.08415794929789841,0.8147810218978102
98567,0,0,0.08415794929789841,0.8147810218978102
53302,0,1,0.08415794929789841,0.8147810218978102
77132,0,1,0.08415794929789841,0.8147810218978102
15544,0,1,0.08415794929789841,0.8147810218978102
29367,0,0,0.08415794929789841,0.8147810218978102
81033,0,0,0.08415794929789841,0.8147810218978102
94146,0,0,0.08415794929789841,0.8147810218978102
8097,0,1,0.08415794929789841,0.8147810218978102
52897,0,0,0.08415794929789841,0.8147810218978102
26149,0,0,0.08415794929789841,0.8147810218978102
52140,0,0,0.08415794929789841,0.8147810218978102
52458,0,0,0.08415794929789841,0.8147810218978102
91378,0,0,0.08415794929789841,0.8147810218978102
64899,0,1,0.08415794929789841,0.8147810218978102
69009,0,1,0.08415794929789841,0.8147810218978102
31766,0,0,0.08415794929789841,0.8147810218978102
38938,0,0,0.08415794929789841,0.8147810218978102
7673,0,1,0.08415794929789841,0.8147810218978102
2779,1,1,0.08415794929789841,0.8147810218978102
62040,1,1,0.08415794929789841,0.8147810218978102
57269,0,0,0.08415794929789841,0.8147810218978102
68362,0,1,0.08415794929789841,0.8147810218978102
15019,1,1,0.08415794929789841,0.8147810218978102
9112,0,1,0.08415794929789841,0.8147810218978102
11110,0,1,0.08415794929789841,0.8147810218978102
86879,0,1,0.08415794929789841,0.8147810218978102
46334,0,1,0.08415794929789841,0.8147810218978102
37751,0,0,0.08415794929789841,0.8147810218978102
91871,0,0,0.08415794929789841,0.8147810218978102
96315,0,0,0.08415794929789841,0.8147810218978102
18615,0,0,0.08415794929789841,0.8147810218978102
42991,0,1,0.08415794929789841,0.8147810218978102
71835,0,0,0.08415794929789841,0.8147810218978102
24786,0,1,0.08415794929789841,0.8147810218978102
6663,0,1,0.08415794929789841,0.8147810218978102
1119,0,1,0.08415794929789841,0.8147810218978102
35581,0,0,0.08415794929789841,0.8147810218978102
86325,0,1,0.08415794929789841,0.8147810218978102
62978,0,1,0.08415794929789841,0.8147810218978102
29044,0,1,0.08415794929789841,0.8147810218978102
24657,0,1,0.08415794929789841,0.8147810218978102
90681,0,1,0.08415794929789841,0.8147810218978102
74115,0,0,0.08415794929789841,0.8147810218978102
57141,0,1,0.08415794929789841,0.8147810218978102
87660,0,0,0.08415794929789841,0.8147810218978102
96489,0,0,0.08415794929789841,0.8147810218978102
40041,0,0,0.08415794929789841,0.8147810218978102
76889,0,1,0.08415794929789841,0.8147810218978102
69495,0,0,0.08415794929789841,0.8147810218978102
99733,0,0,0.08415794929789841,0.8147810218978102
33257,0,0,0.08415794929789841,0.8147810218978102
82415,0,0,0.08415794929789841,0.8147810218978102
34050,0,0,0.08415794929789841,0.8147810218978102
69068,0,0,0.08415794929789841,0.8147810218978102
51568,0,1,0.08415794929789841,0.8147810218978102
36707,0,1,0.08415794929789841,0.8147810218978102
47773,0,0,0.08415794929789841,0.8147810218978102
71571,0,1,0.08415794929789841,0.8147810218978102
24295,0,1,0.08415794929789841,0.8147810218978102
7453,0,1,0.08415794929789841,0.8147810218978102
22357,0,0,0.08415794929789841,0.8147810218978102
27708,0,0,0.08415794929789841,0.8147810218978102
93927,0,1,0.08415794929789841,0.8147810218978102
35077,0,0,0.08415794929789841,0.8147810218978102
72538,0,0,0.08415794929789841,0.8147810218978102
58337,0,0,0.08415794929789841,0.8147810218978102
86141,0,0,0.08415794929789841,0.8147810218978102
20713,0,1,0.08415794929789841,0.8147810218978102
80665,0,1,0.08415794929789841,0.8147810218978102
86243,0,1,0.08415794929789841,0.8147810218978102
90448,0,1,0.08415794929789841,0.8147810218978102
72502,0,1,0.08415794929789841,0.8147810218978102
11403,0,1,0.08415794929789841,0.8147810218978102
60017,1,1,0.08415794929789841,0.8147810218978102
45727,0,1,0.08415794929789841,0.8147810218978102
10587,0,0,0.08415794929789841,0.8147810218978102
41815,0,1,0.08415794929789841,0.8147810218978102
98931,0,0,0.08415794929789841,0.8147810218978102
50787,0,0,0.08415794929789841,0.8147810218978102
55257,0,0,0.08415794929789841,0.8147810218978102
17555,0,1,0.08415794929789841,0.8147810218978102
39448,0,0,0.08415794929789841,0.8147810218978102
41306,0,0,0.08415794929789841,0.8147810218978102
85224,0,0,0.08415794929789841,0.8147810218978102
83068,0,0,0.08415794929789841,0.8147810218978102
91661,0,1,0.08415794929789841,0.8147810218978102
5319,0,0,0.08415794929789841,0.8147810218978102
99715,0,0,0.08415794929789841,0.8147810218978102
32396,0,1,0.08415794929789841,0.8147810218978102
632,0,0,0.08415794929789841,0.8147810218978102
774,0,0,0.08415794929789841,0.8147810218978102
95558,0,1,0.08415794929789841,0.8147810218978102
46545,0,0,0.08415794929789841,0.8147810218978102
60358,0,0,0.08415794929789841,0.8147810218978102
45466,1,1,0.08415794929789841,0.8147810218978102
26688,0,0,0.08415794929789841,0.8147810218978102
18210,0,1,0.08415794929789841,0.8147810218978102
99213,0,1,0.08415794929789841,0.8147810218978102
49951,0,1,0.08415794929789841,0.8147810218978102
3055,0,0,0.08415794929789841,0.8147810218978102
7984,0,0,0.08415794929789841,0.8147810218978102
79639,0,1,0.08415794929789841,0.8147810218978102
56226,0,1,0.08415794929789841,0.8147810218978102
94618,0,0,0.08415794929789841,0.8147810218978102
74229,0,0,0.08415794929789841,0.8147810218978102
50681,0,1,0.08415794929789841,0.8147810218978102
80361,0,1,0.08415794929789841,0.8147810218978102
36093,0,0,0.08415794929789841,0.8147810218978102
75311,0,0,0.08415794929789841,0.8147810218978102
32015,0,0,0.08415794929789841,0.8147810218978102
79257,0,1,0.08415794929789841,0.8147810218978102
93583,0,1,0.08415794929789841,0.8147810218978102
20679,0,1,0.08415794929789841,0.8147810218978102
48380,0,1,0.08415794929789841,0.8147810218978102
95340,0,0,0.08415794929789841,0.8147810218978102
8305,0,1,0.08415794929789841,0.8147810218978102
96189,0,0,0.08415794929789841,0.8147810218978102
37263,0,1,0.08415794929789841,0.8147810218978102
28203,0,1,0.08415794929789841,0.8147810218978102
28904,0,1,0.08415794929789841,0.8147810218978102
56171,0,0,0.08415794929789841,0.8147810218978102
64167,1,1,0.08415794929789841,0.8147810218978102
71744,0,0,0.08415794929789841,0.8147810218978102
24649,0,1,0.08415794929789841,0.8147810218978102
4277,0,0,0.08415794929789841,0.8147810218978102
51360,1,1,0.08415794929789841,0.8147810218978102
55870,0,1,0.08415794929789841,0.8147810218978102
15800,0,0,0.08415794929789841,0.8147810218978102
20271,0,0,0.08415794929789841,0.8147810218978102
16583,0,1,0.08415794929789841,0.8147810218978102
7473,0,1,0.08415794929789841,0.8147810218978102
93331,1,0,0.08415794929789841,0.8147810218978102
11558,0,1,0.08415794929789841,0.8147810218978102
35194,0,1,0.08415794929789841,0.8147810218978102
1200,0,0,0.08415794929789841,0.8147810218978102
30631,0,1,0.08415794929789841,0.8147810218978102
16727,0,1,0.08415794929789841,0.8147810218978102
88416,0,0,0.08415794929789841,0.8147810218978102
60250,0,1,0.08415794929789841,0.8147810218978102
38835,0,0,0.08415794929789841,0.8147810218978102
67284,0,1,0.08415794929789841,0.8147810218978102
90325,0,0,0.08415794929789841,0.8147810218978102
39010,0,1,0.08415794929789841,0.8147810218978102
99360,0,0,0.08415794929789841,0.8147810218978102
82724,0,0,0.08415794929789841,0.8147810218978102
46641,0,0,0.08415794929789841,0.8147810218978102
74453,0,0,0.08415794929789841,0.8147810218978102
77878,0,0,0.08415794929789841,0.8147810218978102
1751,0,0,0.08415794929789841,0.8147810218978102
39059,0,0,0.08415794929789841,0.8147810218978102
12239,0,0,0.08415794929789841,0.8147810218978102
72100,1,1,0.08415794929789841,0.8147810218978102
36007,0,0,0.08415794929789841,0.8147810218978102
1890,0,1,0.08415794929789841,0.8147810218978102
12031,0,0,0.08415794929789841,0.8147810218978102
79764,0,0,0.08415794929789841,0.8147810218978102
85025,0,0,0.08415794929789841,0.8147810218978102
98120,0,1,0.08415794929789841,0.8147810218978102
19333,0,0,0.08415794929789841,0.8147810218978102
81895,0,1,0.08415794929789841,0.8147810218978102
98610,0,1,0.08415794929789841,0.8147810218978102
81446,0,1,0.08415794929789841,0.8147810218978102
98036,0,1,0.08415794929789841,0.8147810218978102
34464,0,0,0.08415794929789841,0.8147810218978102
27696,0,0,0.08415794929789841,0.8147810218978102
16595,0,1,0.08415794929789841,0.8147810218978102
43055,0,1,0.08415794929789841,0.8147810218978102
78584,0,1,0.08415794929789841,0.8147810218978102
19309,0,0,0.08415794929789841,0.8147810218978102
38878,0,0,0.08415794929789841,0.8147810218978102
44698,0,0,0.08415794929789841,0.8147810218978102
36550,0,0,0.08415794929789841,0.8147810218978102
41726,0,1,0.08415794929789841,0.8147810218978102
28627,0,0,0.08415794929789841,0.8147810218978102
62437,1,1,0.08415794929789841,0.8147810218978102
53228,0,0,0.08415794929789841,0.8147810218978102
23365,0,1,0.08415794929789841,0.8147810218978102
7519,0,1,0.08415794929789841,0.8147810218978102
54261,0,0,0.08415794929789841,0.8147810218978102
34084,0,0,0.08415794929789841,0.8147810218978102
89708,0,0,0.08415794929789841,0.8147810218978102
38281,0,0,0.08415794929789841,0.8147810218978102
95390,1,1,0.08415794929789841,0.8147810218978102
86395,0,0,0.08415794929789841,0.8147810218978102
89815,0,0,0.08415794929789841,0.8147810218978102
70809,1,1,0.08415794929789841,0.8147810218978102
96578,0,1,0.08415794929789841,0.8147810218978102
39161,0,0,0.08415794929789841,0.8147810218978102
26495,0,0,0.08415794929789841,0.8147810218978102
63180,1,0,0.08415794929789841,0.8147810218978102
31589,0,0,0.08415794929789841,0.8147810218978102
56831,0,1,0.08415794929789841,0.8147810218978102
67082,0,0,0.08415794929789841,0.8147810218978102
27196,0,1,0.08415794929789841,0.8147810218978102
10371,0,0,0.08415794929789841,0.8147810218978102
29461,0,0,0.08415794929789841,0.8147810218978102
53346,0,0,0.08415794929789841,0.8147810218978102
5080,0,1,0.08415794929789841,0.8147810218978102
28160,0,1,0.08415794929789841,0.8147810218978102
59220,0,1,0.08415794929789841,0.8147810218978102
6470,0,0,0.08415794929789841,0.8147810218978102
22639,0,1,0.08415794929789841,0.8147810218978102
93210,0,0,0.08415794929789841,0.8147810218978102
59454,0,1,0.08415794929789841,0.8147810218978102
46372,0,1,0.08415794929789841,0.8147810218978102
50664,0,1,0.08415794929789841,0.8147810218978102
96754,0,1,0.08415794929789841,0.8147810218978102
31852,0,1,0.08415794929789841,0.8147810218978102
23169,0,0,0.08415794929789841,0.8147810218978102
24123,0,0,0.08415794929789841,0.8147810218978102
35104,0,1,0.08415794929789841,0.8147810218978102
20752,0,1,0.08415794929789841,0.8147810218978102
3610,0,1,0.08415794929789841,0.8147810218978102
93488,1,0,0.08415794929789841,0.8147810218978102
31231,0,1,0.08415794929789841,0.8147810218978102
49871,0,1,0.08415794929789841,0.8147810218978102
36212,0,1,0.08415794929789841,0.8147810218978102
36749,0,1,0.08415794929789841,0.8147810218978102
34544,0,0,0.08415794929789841,0.8147810218978102
39514,0,1,0.08415794929789841,0.8147810218978102
63235,1,1,0.08415794929789841,0.8147810218978102
96160,0,1,0.08415794929789841,0.8147810218978102
50004,0,0,0.08415794929789841,0.8147810218978102
27440,0,1,0.08415794929789841,0.8147810218978102
51880,0,0,0.08415794929789841,0.8147810218978102
30810,0,0,0.08415794929789841,0.8147810218978102
10233,0,0,0.08415794929789841,0.8147810218978102
47627,0,0,0.08415794929789841,0.8147810218978102
39459,1,1,0.08415794929789841,0.8147810218978102
97920,0,0,0.08415794929789841,0.8147810218978102
13067,1,1,0.08415794929789841,0.8147810218978102
52888,0,0,0.08415794929789841,0.8147810218978102
92597,0,0,0.08415794929789841,0.8147810218978102
5962,0,1,0.08415794929789841,0.8147810218978102
11949,0,1,0.08415794929789841,0.8147810218978102
22184,0,0,0.08415794929789841,0.8147810218978102
32362,0,1,0.08415794929789841,0.8147810218978102
90298,0,0,0.08415794929789841,0.8147810218978102
82137,0,1,0.08415794929789841,0.8147810218978102
58014,0,0,0.08415794929789841,0.8147810218978102
68938,0,1,0.08415794929789841,0.8147810218978102
98427,0,0,0.08415794929789841,0.8147810218978102
74270,0,0,0.08415794929789841,0.8147810218978102
52477,0,1,0.08415794929789841,0.8147810218978102
9256,0,0,0.08415794929789841,0.8147810218978102
98155,0,0,0.08415794929789841,0.8147810218978102
77611,0,1,0.08415794929789841,0.8147810218978102
85175,0,1,0.08415794929789841,0.8147810218978102
40005,0,1,0.08415794929789841,0.8147810218978102
52714,0,0,0.08415794929789841,0.8147810218978102
76290,0,1,0.08415794929789841,0.8147810218978102
63705,0,0,0.08415794929789841,0.8147810218978102
2220,0,1,0.08415794929789841,0.8147810218978102
95828,0,1,0.08415794929789841,0.8147810218978102
69565,0,1,0.08415794929789841,0.8147810218978102
8712,1,1,0.08415794929789841,0.8147810218978102
56824,0,1,0.08415794929789841,0.8147810218978102
5865,0,1,0.08415794929789841,0.8147810218978102
82266,0,1,0.08415794929789841,0.8147810218978102
19465,0,1,0.08415794929789841,0.8147810218978102
28890,0,1,0.08415794929789841,0.8147810218978102
86371,1,1,0.08415794929789841,0.8147810218978102
59937,0,1,0.08415794929789841,0.8147810218978102
70549,0,0,0.08415794929789841,0.8147810218978102
24610,0,0,0.08415794929789841,0.8147810218978102
7370,0,0,0.08415794929789841,0.8147810218978102
57751,0,0,0.08415794929789841,0.8147810218978102
93163,0,0,0.08415794929789841,0.8147810218978102
88485,0,1,0.08415794929789841,0.8147810218978102
98923,0,0,0.08415794929789841,0.8147810218978102
2339,0,0,0.08415794929789841,0.8147810218978102
59906,0,1,0.08415794929789841,0.8147810218978102
29580,0,0,0.08415794929789841,0.8147810218978102
88535,1,1,0.08415794929789841,0.8147810218978102
11326,0,0,0.08415794929789841,0.8147810218978102
10248,0,0,0.08415794929789841,0.8147810218978102
39024,0,0,0.08415794929789841,0.8147810218978102
95993,0,0,0.08415794929789841,0.8147810218978102
76766,0,1,0.08415794929789841,0.8147810218978102
15993,0,0,0.08415794929789841,0.8147810218978102
91327,0,0,0.08415794929789841,0.8147810218978102
65769,0,1,0.08415794929789841,0.8147810218978102
17463,0,1,0.08415794929789841,0.8147810218978102
75410,0,1,0.08415794929789841,0.8147810218978102
14384,0,0,0.08415794929789841,0.8147810218978102
9578,0,0,0.08415794929789841,0.8147810218978102
73419,0,1,0.08415794929789841,0.8147810218978102
32045,0,1,0.08415794929789841,0.8147810218978102
78048,1,1,0.08415794929789841,0.8147810218978102
78858,0,1,0.08415794929789841,0.8147810218978102
3247,0,0,0.08415794929789841,0.8147810218978102
14711,0,0,0.08415794929789841,0.8147810218978102
14630,0,0,0.08415794929789841,0.8147810218978102
34124,0,0,0.08415794929789841,0.8147810218978102
25491,0,1,0.08415794929789841,0.8147810218978102
69599,0,0,0.08415794929789841,0.8147810218978102
29695,0,1,0.08415794929789841,0.8147810218978102
66980,0,1,0.08415794929789841,0.8147810218978102
35351,0,0,0.08415794929789841,0.8147810218978102
25525,0,0,0.08415794929789841,0.8147810218978102
46223,0,1,0.08415794929789841,0.8147810218978102
52871,0,1,0.08415794929789841,0.8147810218978102
99131,0,1,0.08415794929789841,0.8147810218978102
87637,0,0,0.08415794929789841,0.8147810218978102
28989,0,1,0.08415794929789841,0.8147810218978102
21771,0,1,0.08415794929789841,0.8147810218978102
80297,0,0,0.08415794929789841,0.8147810218978102
7928,0,0,0.08415794929789841,0.8147810218978102
73128,1,1,0.08415794929789841,0.8147810218978102
22273,0,1,0.08415794929789841,0.8147810218978102
19163,0,0,0.08415794929789841,0.8147810218978102
76979,0,0,0.08415794929789841,0.8147810218978102
43974,1,1,0.08415794929789841,0.8147810218978102
97826,0,0,0.08415794929789841,0.8147810218978102
17700,0,0,0.08415794929789841,0.8147810218978102
93334,0,1,0.08415794929789841,0.8147810218978102
81719,0,1,0.08415794929789841,0.8147810218978102
52711,0,1,0.08415794929789841,0.8147810218978102
6859,0,1,0.08415794929789841,0.8147810218978102
29971,0,0,0.08415794929789841,0.8147810218978102
22579,0,1,0.08415794929789841,0.8147810218978102
58371,0,1,0.08415794929789841,0.8147810218978102
62615,0,0,0.08415794929789841,0.8147810218978102
49537,0,1,0.08415794929789841,0.8147810218978102
31787,0,0,0.08415794929789841,0.8147810218978102
58573,0,1,0.08415794929789841,0.8147810218978102
57032,0,1,0.08415794929789841,0.8147810218978102
6468,0,1,0.08415794929789841,0.8147810218978102
56308,0,1,0.08415794929789841,0.8147810218978102
75623,0,0,0.08415794929789841,0.8147810218978102
18477,0,0,0.08415794929789841,0.8147810218978102
30898,0,0,0.08415794929789841,0.8147810218978102
26502,0,1,0.08415794929789841,0.8147810218978102
6996,0,1,0.08415794929789841,0.8147810218978102
96748,0,1,0.08415794929789841,0.8147810218978102
88925,0,0,0.08415794929789841,0.8147810218978102
80679,0,1,0.08415794929789841,0.8147810218978102
88882,0,0,0.08415794929789841,0.8147810218978102
1146,0,0,0.08415794929789841,0.8147810218978102
96951,0,1,0.08415794929789841,0.8147810218978102
91851,0,1,0.08415794929789841,0.8147810218978102
62555,0,1,0.08415794929789841,0.8147810218978102
83558,0,1,0.08415794929789841,0.8147810218978102
23826,0,1,0.08415794929789841,0.8147810218978102
802,0,1,0.08415794929789841,0.8147810218978102
48107,1,1,0.08415794929789841,0.8147810218978102
61380,0,0,0.08415794929789841,0.8147810218978102
85549,0,0,0.08415794929789841,0.8147810218978102
66154,0,0,0.08415794929789841,0.8147810218978102
70111,0,0,0.08415794929789841,0.8147810218978102
68091,0,1,0.08415794929789841,0.8147810218978102
21433,0,0,0.08415794929789841,0.8147810218978102
89503,0,1,0.08415794929789841,0.8147810218978102
93157,0,0,0.08415794929789841,0.8147810218978102
54461,0,0,0.08415794929789841,0.8147810218978102
761,0,1,0.08415794929789841,0.8147810218978102
40928,0,0,0.08415794929789841,0.8147810218978102
20052,0,1,0.08415794929789841,0.8147810218978102
60791,0,1,0.08415794929789841,0.8147810218978102
51915,0,1,0.08415794929789841,0.8147810218978102
6542,0,0,0.08415794929789841,0.8147810218978102
75858,0,1,0.08415794929789841,0.8147810218978102
16868,0,1,0.08415794929789841,0.8147810218978102
84391,0,0,0.08415794929789841,0.8147810218978102
50630,0,0,0.08415794929789841,0.8147810218978102
9892,0,1,0.08415794929789841,0.8147810218978102
72202,0,1,0.08415794929789841,0.8147810218978102
75580,0,0,0.08415794929789841,0.8147810218978102
28849,0,0,0.08415794929789841,0.8147810218978102
12982,0,0,0.08415794929789841,0.8147810218978102
32795,0,0,0.08415794929789841,0.8147810218978102
11700,1,1,0.08415794929789841,0.8147810218978102
29067,0,1,0.08415794929789841,0.8147810218978102
2607,0,0,0.08415794929789841,0.8147810218978102
90407,0,1,0.08415794929789841,0.8147810218978102
15892,0,0,0.08415794929789841,0.8147810218978102
61420,0,0,0.08415794929789841,0.8147810218978102
79230,0,1,0.08415794929789841,0.8147810218978102
21238,0,1,0.08415794929789841,0.8147810218978102
96016,0,0,0.08415794929789841,0.8147810218978102
85523,0,1,0.08415794929789841,0.8147810218978102
93191,0,1,0.08415794929789841,0.8147810218978102
43994,0,1,0.08415794929789841,0.8147810218978102
34319,0,1,0.08415794929789841,0.8147810218978102
815,0,1,0.08415794929789841,0.8147810218978102
37987,0,1,0.08415794929789841,0.8147810218978102
63333,0,1,0.08415794929789841,0.8147810218978102
17120,0,0,0.08415794929789841,0.8147810218978102
73532,0,1,0.08415794929789841,0.8147810218978102
69302,0,0,0.08415794929789841,0.8147810218978102
89058,0,0,0.08415794929789841,0.8147810218978102
31266,0,1,0.08415794929789841,0.8147810218978102
414,0,0,0.08415794929789841,0.8147810218978102
4636,0,0,0.08415794929789841,0.8147810218978102
83042,0,0,0.08415794929789841,0.8147810218978102
63028,1,1,0.08415794929789841,0.8147810218978102
90510,0,1,0.08415794929789841,0.8147810218978102
84141,0,0,0.08415794929789841,0.8147810218978102
67100,0,0,0.08415794929789841,0.8147810218978102
84715,0,1,0.08415794929789841,0.8147810218978102
46649,0,1,0.08415794929789841,0.8147810218978102
9623,0,1,0.08415794929789841,0.8147810218978102
35929,0,1,0.08415794929789841,0.8147810218978102
75117,0,1,0.08415794929789841,0.8147810218978102
88869,1,1,0.08415794929789841,0.8147810218978102
19038,0,1,0.08415794929789841,0.8147810218978102
6675,0,1,0.08415794929789841,0.8147810218978102
62561,0,0,0.08415794929789841,0.8147810218978102
79690,0,1,0.08415794929789841,0.8147810218978102
18853,0,0,0.08415794929789841,0.8147810218978102
25032,0,1,0.08415794929789841,0.8147810218978102
30831,0,0,0.08415794929789841,0.8147810218978102
56592,0,1,0.08415794929789841,0.8147810218978102
59199,0,0,0.08415794929789841,0.8147810218978102
5720,0,0,0.08415794929789841,0.8147810218978102
92937,0,0,0.08415794929789841,0.8147810218978102
38186,0,0,0.08415794929789841,0.8147810218978102
48874,0,1,0.08415794929789841,0.8147810218978102
4207,0,1,0.08415794929789841,0.8147810218978102
46155,0,0,0.08415794929789841,0.8147810218978102
64829,0,0,0.08415794929789841,0.8147810218978102
6873,0,1,0.08415794929789841,0.8147810218978102
49839,0,0,0.08415794929789841,0.8147810218978102
83745,0,0,0.08415794929789841,0.8147810218978102
8130,0,0,0.08415794929789841,0.8147810218978102
54983,1,0,0.08415794929789841,0.8147810218978102
86080,0,1,0.08415794929789841,0.8147810218978102
66194,0,1,0.08415794929789841,0.8147810218978102
88228,0,1,0.08415794929789841,0.8147810218978102
91116,0,0,0.08415794929789841,0.8147810218978102
18543,0,1,0.08415794929789841,0.8147810218978102
5799,0,1,0.08415794929789841,0.8147810218978102
44483,0,1,0.08415794929789841,0.8147810218978102
23465,0,1,0.08415794929789841,0.8147810218978102
3920,0,1,0.08415794929789841,0.8147810218978102
80902,0,1,0.08415794929789841,0.8147810218978102
44732,0,1,0.08415794929789841,0.8147810218978102
81027,0,1,0.08415794929789841,0.8147810218978102
78081,0,0,0.08415794929789841,0.8147810218978102
32462,0,1,0.08415794929789841,0.8147810218978102
55060,0,0,0.08415794929789841,0.8147810218978102
53368,0,0,0.08415794929789841,0.8147810218978102
53047,1,1,0.08415794929789841,0.8147810218978102
42025,0,0,0.08415794929789841,0.8147810218978102
71895,0,0,0.08415794929789841,0.8147810218978102
30209,0,1,0.08415794929789841,0.8147810218978102
58933,0,0,0.08415794929789841,0.8147810218978102
84875,0,1,0.08415794929789841,0.8147810218978102
79592,0,1,0.08415794929789841,0.8147810218978102
22191,0,0,0.08415794929789841,0.8147810218978102
31137,0,1,0.08415794929789841,0.8147810218978102
48926,0,1,0.08415794929789841,0.8147810218978102
67631,0,0,0.08415794929789841,0.8147810218978102
67997,0,0,0.08415794929789841,0.8147810218978102
5688,0,0,0.08415794929789841,0.8147810218978102
56040,0,1,0.08415794929789841,0.8147810218978102
61,0,1,0.08415794929789841,0.8147810218978102
34060,0,0,0.08415794929789841,0.8147810218978102
49343,0,0,0.08415794929789841,0.8147810218978102
8793,0,0,0.08415794929789841,0.8147810218978102
29210,0,1,0.08415794929789841,0.8147810218978102
76358,0,1,0.08415794929789841,0.8147810218978102
51308,0,1,0.08415794929789841,0.8147810218978102
70780,0,0,0.08415794929789841,0.8147810218978102
78811,0,1,0.08415794929789841,0.8147810218978102
40067,0,1,0.08415794929789841,0.8147810218978102
21531,0,0,0.08415794929789841,0.8147810218978102
87232,0,1,0.08415794929789841,0.8147810218978102
8631,0,1,0.08415794929789841,0.8147810218978102
54579,0,1,0.08415794929789841,0.8147810218978102
890,0,0,0.08415794929789841,0.8147810218978102
92126,0,1,0.08415794929789841,0.8147810218978102
53626,0,0,0.08415794929789841,0.8147810218978102
10867,0,1,0.08415794929789841,0.8147810218978102
3494,0,1,0.08415794929789841,0.8147810218978102
56532,0,1,0.08415794929789841,0.8147810218978102
49434,0,1,0.08415794929789841,0.8147810218978102
94722,0,0,0.08415794929789841,0.8147810218978102
26985,1,1,0.08415794929789841,0.8147810218978102
25341,0,0,0.08415794929789841,0.8147810218978102
98827,0,1,0.08415794929789841,0.8147810218978102
97379,0,1,0.08415794929789841,0.8147810218978102
64981,0,0,0.08415794929789841,0.8147810218978102
9571,0,0,0.08415794929789841,0.8147810218978102
95113,0,1,0.08415794929789841,0.8147810218978102
94245,0,0,0.08415794929789841,0.8147810218978102
7573,0,1,0.08415794929789841,0.8147810218978102
93575,0,0,0.08415794929789841,0.8147810218978102
68082,0,1,0.08415794929789841,0.8147810218978102
40000,0,1,0.08415794929789841,0.8147810218978102
43087,0,0,0.08415794929789841,0.8147810218978102
95084,0,0,0.08415794929789841,0.8147810218978102
59021,0,1,0.08415794929789841,0.8147810218978102
51665,0,0,0.08415794929789841,0.8147810218978102
91507,0,0,0.08415794929789841,0.8147810218978102
78616,0,0,0.08415794929789841,0.8147810218978102
86349,1,1,0.08415794929789841,0.8147810218978102
37335,0,1,0.08415794929789841,0.8147810218978102
72288,0,0,0.08415794929789841,0.8147810218978102
22542,0,0,0.08415794929789841,0.8147810218978102
88826,1,1,0.08415794929789841,0.8147810218978102
77808,0,1,0.08415794929789841,0.8147810218978102
23235,0,1,0.08415794929789841,0.8147810218978102
17178,0,0,0.08415794929789841,0.8147810218978102
67757,0,0,0.08415794929789841,0.8147810218978102
30182,0,0,0.08415794929789841,0.8147810218978102
91152,0,0,0.08415794929789841,0.8147810218978102
441,0,1,0.08415794929789841,0.8147810218978102
80274,0,1,0.08415794929789841,0.8147810218978102
48370,0,0,0.08415794929789841,0.8147810218978102
99983,0,1,0.08415794929789841,0.8147810218978102
52027,0,1,0.08415794929789841,0.8147810218978102
70280,0,0,0.08415794929789841,0.8147810218978102
31136,0,0,0.08415794929789841,0.8147810218978102
56631,0,1,0.08415794929789841,0.8147810218978102
73616,0,1,0.08415794929789841,0.8147810218978102
71869,1,1,0.08415794929789841,0.8147810218978102
91885,0,0,0.08415794929789841,0.8147810218978102
61201,0,1,0.08415794929789841,0.8147810218978102
60316,0,0,0.08415794929789841,0.8147810218978102
79117,1,0,0.08415794929789841,0.8147810218978102
48076,0,0,0.08415794929789841,0.8147810218978102
89956,0,0,0.08415794929789841,0.8147810218978102
15328,0,0,0.08415794929789841,0.8147810218978102
57580,1,1,0.08415794929789841,0.8147810218978102
77750,0,1,0.08415794929789841,0.8147810218978102
80234,0,0,0.08415794929789841,0.8147810218978102
10455,0,0,0.08415794929789841,0.8147810218978102
96625,0,0,0.08415794929789841,0.8147810218978102
27958,0,0,0.08415794929789841,0.8147810218978102
80055,0,1,0.08415794929789841,0.8147810218978102
2478,0,1,0.08415794929789841,0.8147810218978102
68808,0,0,0.08415794929789841,0.8147810218978102
84645,0,0,0.08415794929789841,0.8147810218978102
31697,0,1,0.08415794929789841,0.8147810218978102
470,0,1,0.08415794929789841,0.8147810218978102
87107,0,1,0.08415794929789841,0.8147810218978102
73481,0,1,0.08415794929789841,0.8147810218978102
55964,0,0,0.08415794929789841,0.8147810218978102
48991,0,0,0.08415794929789841,0.8147810218978102
98772,0,0,0.08415794929789841,0.8147810218978102
37576,0,1,0.08415794929789841,0.8147810218978102
50100,0,0,0.08415794929789841,0.8147810218978102
47378,0,1,0.08415794929789841,0.8147810218978102
68734,1,1,0.08415794929789841,0.8147810218978102
57695,0,1,0.08415794929789841,0.8147810218978102
99519,0,1,0.08415794929789841,0.8147810218978102
47474,1,1,0.08415794929789841,0.8147810218978102
99256,0,1,0.08415794929789841,0.8147810218978102
40088,0,1,0.08415794929789841,0.8147810218978102
49300,0,0,0.08415794929789841,0.8147810218978102
99473,0,0,0.08415794929789841,0.8147810218978102
90485,0,1,0.08415794929789841,0.8147810218978102
38667,0,0,0.08415794929789841,0.8147810218978102
29010,0,0,0.08415794929789841,0.8147810218978102
86952,0,1,0.08415794929789841,0.8147810218978102
8702,0,0,0.08415794929789841,0.8147810218978102
13672,0,0,0.08415794929789841,0.8147810218978102
9783,0,0,0.08415794929789841,0.8147810218978102
77183,0,1,0.08415794929789841,0.8147810218978102
96018,0,1,0.08415794929789841,0.8147810218978102
7486,0,1,0.08415794929789841,0.8147810218978102
66660,0,0,0.08415794929789841,0.8147810218978102
40237,0,0,0.08415794929789841,0.8147810218978102
98649,0,1,0.08415794929789841,0.8147810218978102
45075,0,0,0.08415794929789841,0.8147810218978102
72284,0,0,0.08415794929789841,0.8147810218978102
15120,0,1,0.08415794929789841,0.8147810218978102
61203,0,1,0.08415794929789841,0.8147810218978102
11978,0,0,0.08415794929789841,0.8147810218978102
92809,0,1,0.08415794929789841,0.8147810218978102
71153,0,0,0.08415794929789841,0.8147810218978102
8341,0,1,0.08415794929789841,0.8147810218978102
43549,0,1,0.08415794929789841,0.8147810218978102
83656,0,1,0.08415794929789841,0.8147810218978102
93901,0,1,0.08415794929789841,0.8147810218978102
53628,0,1,0.08415794929789841,0.8147810218978102
43081,0,0,0.08415794929789841,0.8147810218978102
81100,0,1,0.08415794929789841,0.8147810218978102
31716,0,1,0.08415794929789841,0.8147810218978102
81284,0,1,0.08415794929789841,0.8147810218978102
28294,0,0,0.08415794929789841,0.8147810218978102
88615,0,0,0.08415794929789841,0.8147810218978102
96861,0,0,0.08415794929789841,0.8147810218978102
91284,0,0,0.08415794929789841,0.8147810218978102
53632,0,0,0.08415794929789841,0.8147810218978102
81688,1,1,0.08415794929789841,0.8147810218978102
78800,0,1,0.08415794929789841,0.8147810218978102
37097,0,1,0.08415794929789841,0.8147810218978102
85831,0,0,0.08415794929789841,0.8147810218978102
19801,0,0,0.08415794929789841,0.8147810218978102
12841,0,0,0.08415794929789841,0.8147810218978102
92425,0,0,0.08415794929789841,0.8147810218978102
28079,0,1,0.08415794929789841,0.8147810218978102
61865,0,1,0.08415794929789841,0.8147810218978102
51717,0,0,0.08415794929789841,0.8147810218978102
246,0,1,0.08415794929789841,0.8147810218978102
27034,0,0,0.08415794929789841,0.8147810218978102
42142,0,1,0.08415794929789841,0.8147810218978102
55681,0,0,0.08415794929789841,0.8147810218978102
52343,0,1,0.08415794929789841,0.8147810218978102
92404,0,1,0.08415794929789841,0.8147810218978102
63091,0,1,0.08415794929789841,0.8147810218978102
1844,0,1,0.08415794929789841,0.8147810218978102
58879,0,1,0.08415794929789841,0.8147810218978102
20961,0,0,0.08415794929789841,0.8147810218978102
24462,0,0,0.08415794929789841,0.8147810218978102
63293,0,0,0.08415794929789841,0.8147810218978102
31864,0,0,0.08415794929789841,0.8147810218978102
16088,0,0,0.08415794929789841,0.8147810218978102
95332,0,1,0.08415794929789841,0.8147810218978102
23751,0,0,0.08415794929789841,0.8147810218978102
28658,0,0,0.08415794929789841,0.8147810218978102
45737,0,0,0.08415794929789841,0.8147810218978102
53797,0,0,0.08415794929789841,0.8147810218978102
33038,0,0,0.08415794929789841,0.8147810218978102
93049,0,1,0.08415794929789841,0.8147810218978102
28209,0,1,0.08415794929789841,0.8147810218978102
92240,0,0,0.08415794929789841,0.8147810218978102
43269,0,1,0.08415794929789841,0.8147810218978102
2243,1,0,0.08415794929789841,0.8147810218978102
21239,1,1,0.08415794929789841,0.8147810218978102
69096,0,1,0.08415794929789841,0.8147810218978102
77900,0,1,0.08415794929789841,0.8147810218978102
92204,1,1,0.08415794929789841,0.8147810218978102
55808,0,0,0.08415794929789841,0.8147810218978102
53536,0,0,0.08415794929789841,0.8147810218978102
41383,1,1,0.08415794929789841,0.8147810218978102
50015,0,1,0.08415794929789841,0.8147810218978102
15450,0,0,0.08415794929789841,0.8147810218978102
64232,0,1,0.08415794929789841,0.8147810218978102
2107,0,0,0.08415794929789841,0.8147810218978102
19417,0,0,0.08415794929789841,0.8147810218978102
49590,0,0,0.08415794929789841,0.8147810218978102
58955,0,0,0.08415794929789841,0.8147810218978102
684,0,1,0.08415794929789841,0.8147810218978102
87453,0,1,0.08415794929789841,0.8147810218978102
46995,0,1,0.08415794929789841,0.8147810218978102
64148,0,1,0.08415794929789841,0.8147810218978102
54908,0,0,0.08415794929789841,0.8147810218978102
72199,1,1,0.08415794929789841,0.8147810218978102
63013,0,1,0.08415794929789841,0.8147810218978102
75492,0,0,0.08415794929789841,0.8147810218978102
59608,0,0,0.08415794929789841,0.8147810218978102
5621,0,0,0.08415794929789841,0.8147810218978102
87574,0,1,0.08415794929789841,0.8147810218978102
35562,0,0,0.08415794929789841,0.8147810218978102
50916,0,1,0.08415794929789841,0.8147810218978102
6015,0,0,0.08415794929789841,0.8147810218978102
24422,0,1,0.08415794929789841,0.8147810218978102
6480,0,1,0.08415794929789841,0.8147810218978102
11640,0,1,0.08415794929789841,0.8147810218978102
78719,0,1,0.08415794929789841,0.8147810218978102
86369,0,1,0.08415794929789841,0.8147810218978102
22614,0,1,0.08415794929789841,0.8147810218978102
46283,0,1,0.08415794929789841,0.8147810218978102
5809,0,0,0.08415794929789841,0.8147810218978102
41307,0,0,0.08415794929789841,0.8147810218978102
67760,0,1,0.08415794929789841,0.8147810218978102
71375,0,0,0.08415794929789841,0.8147810218978102
32556,0,0,0.08415794929789841,0.8147810218978102
32156,0,1,0.08415794929789841,0.8147810218978102
55524,0,1,0.08415794929789841,0.8147810218978102
46783,0,1,0.08415794929789841,0.8147810218978102
96341,0,0,0.08415794929789841,0.8147810218978102
53283,0,0,0.08415794929789841,0.8147810218978102
59358,0,1,0.08415794929789841,0.8147810218978102
12791,0,0,0.08415794929789841,0.8147810218978102
53073,0,1,0.08415794929789841,0.8147810218978102
34954,0,1,0.08415794929789841,0.8147810218978102
21788,0,1,0.08415794929789841,0.8147810218978102
47365,0,0,0.08415794929789841,0.8147810218978102
83188,0,1,0.08415794929789841,0.8147810218978102
74855,0,0,0.08415794929789841,0.8147810218978102
91153,0,0,0.08415794929789841,0.8147810218978102
70564,0,0,0.08415794929789841,0.8147810218978102
50068,0,1,0.08415794929789841,0.8147810218978102
83386,0,0,0.08415794929789841,0.8147810218978102
23750,0,0,0.08415794929789841,0.8147810218978102
92117,0,0,0.08415794929789841,0.8147810218978102
36582,0,0,0.08415794929789841,0.8147810218978102
29002,0,1,0.08415794929789841,0.8147810218978102
55069,1,0,0.08415794929789841,0.8147810218978102
84293,0,0,0.08415794929789841,0.8147810218978102
94365,1,1,0.08415794929789841,0.8147810218978102
40459,0,1,0.08415794929789841,0.8147810218978102
45401,0,1,0.08415794929789841,0.8147810218978102
62924,0,0,0.08415794929789841,0.8147810218978102
88640,0,1,0.08415794929789841,0.8147810218978102
9950,0,0,0.08415794929789841,0.8147810218978102
25361,0,0,0.08415794929789841,0.8147810218978102
15631,0,1,0.08415794929789841,0.8147810218978102
66784,0,0,0.08415794929789841,0.8147810218978102
68996,0,1,0.08415794929789841,0.8147810218978102
79847,0,1,0.08415794929789841,0.8147810218978102
29910,0,0,0.08415794929789841,0.8147810218978102
21276,0,0,0.08415794929789841,0.8147810218978102
94406,0,1,0.08415794929789841,0.8147810218978102
2136,0,1,0.08415794929789841,0.8147810218978102
76253,0,1,0.08415794929789841,0.8147810218978102
13964,0,1,0.08415794929789841,0.8147810218978102
67508,0,1,0.08415794929789841,0.8147810218978102
50063,0,1,0.08415794929789841,0.8147810218978102
74058,0,1,0.08415794929789841,0.8147810218978102
9982,0,0,0.08415794929789841,0.8147810218978102
90376,0,0,0.08415794929789841,0.8147810218978102
82633,0,1,0.08415794929789841,0.8147810218978102
26052,0,1,0.08415794929789841,0.8147810218978102
68583,0,1,0.08415794929789841,0.8147810218978102
11509,0,1,0.08415794929789841,0.8147810218978102
57074,0,1,0.08415794929789841,0.8147810218978102
47313,0,0,0.08415794929789841,0.8147810218978102
34344,0,0,0.08415794929789841,0.8147810218978102
70767,0,0,0.08415794929789841,0.8147810218978102
10474,0,0,0.08415794929789841,0.8147810218978102
89995,0,0,0.08415794929789841,0.8147810218978102
44639,0,0,0.08415794929789841,0.8147810218978102
26890,0,0,0.08415794929789841,0.8147810218978102
87892,0,0,0.08415794929789841,0.8147810218978102
16729,0,1,0.08415794929789841,0.8147810218978102
61102,0,1,0.08415794929789841,0.8147810218978102
66475,1,1,0.08415794929789841,0.8147810218978102
20804,0,1,0.08415794929789841,0.8147810218978102
91372,1,1,0.08415794929789841,0.8147810218978102
12971,0,1,0.08415794929789841,0.8147810218978102
60513,0,0,0.08415794929789841,0.8147810218978102
93307,0,0,0.08415794929789841,0.8147810218978102
30274,0,1,0.08415794929789841,0.8147810218978102
51780,0,1,0.08415794929789841,0.8147810218978102
44259,0,0,0.08415794929789841,0.8147810218978102
47958,0,1,0.08415794929789841,0.8147810218978102
64970,0,0,0.08415794929789841,0.8147810218978102
64880,0,0,0.08415794929789841,0.8147810218978102
52250,0,1,0.08415794929789841,0.8147810218978102
25682,0,0,0.08415794929789841,0.8147810218978102
66438,0,0,0.08415794929789841,0.8147810218978102
81070,0,0,0.08415794929789841,0.8147810218978102
75652,0,0,0.08415794929789841,0.8147810218978102
65458,0,1,0.08415794929789841,0.8147810218978102
9118,0,0,0.08415794929789841,0.8147810218978102
7251,0,1,0.08415794929789841,0.8147810218978102
10600,0,1,0.08415794929789841,0.8147810218978102
30132,0,0,0.08415794929789841,0.8147810218978102
97807,0,0,0.08415794929789841,0.8147810218978102
10746,0,1,0.08415794929789841,0.8147810218978102
8307,0,1,0.08415794929789841,0.8147810218978102
38831,0,0,0.08415794929789841,0.8147810218978102
3757,0,1,0.08415794929789841,0.8147810218978102
13214,0,0,0.08415794929789841,0.8147810218978102
72207,0,0,0.08415794929789841,0.8147810218978102
28814,0,0,0.08415794929789841,0.8147810218978102
71164,0,1,0.08415794929789841,0.8147810218978102
4279,0,0,0.08415794929789841,0.8147810218978102
86164,0,1,0.08415794929789841,0.8147810218978102
63789,0,1,0.08415794929789841,0.8147810218978102
82238,0,0,0.08415794929789841,0.8147810218978102
83905,0,1,0.08415794929789841,0.8147810218978102
82855,0,1,0.08415794929789841,0.8147810218978102
10041,0,0,0.08415794929789841,0.8147810218978102
2302,0,1,0.08415794929789841,0.8147810218978102
66591,0,1,0.08415794929789841,0.8147810218978102
79344,0,1,0.08415794929789841,0.8147810218978102
40407,0,0,0.08415794929789841,0.8147810218978102
47959,0,0,0.08415794929789841,0.8147810218978102
93761,0,1,0.08415794929789841,0.8147810218978102
29891,0,0,0.08415794929789841,0.8147810218978102
22201,0,1,0.08415794929789841,0.8147810218978102
51887,0,1,0.08415794929789841,0.8147810218978102
71877,0,1,0.08415794929789841,0.8147810218978102
13659,0,1,0.08415794929789841,0.8147810218978102
61221,0,0,0.08415794929789841,0.8147810218978102
63510,0,1,0.08415794929789841,0.8147810218978102
79466,0,1,0.08415794929789841,0.8147810218978102
36280,0,1,0.08415794929789841,0.8147810218978102
16862,0,0,0.08415794929789841,0.8147810218978102
39645,0,1,0.08415794929789841,0.8147810218978102
28442,0,0,0.08415794929789841,0.8147810218978102
34901,0,1,0.08415794929789841,0.8147810218978102
62689,0,0,0.08415794929789841,0.8147810218978102
27533,0,0,0.08415794929789841,0.8147810218978102
87836,0,0,0.08415794929789841,0.8147810218978102
36352,0,0,0.08415794929789841,0.8147810218978102
46404,0,0,0.08415794929789841,0.8147810218978102
6803,0,1,0.08415794929789841,0.8147810218978102
85882,0,1,0.08415794929789841,0.8147810218978102
48099,0,1,0.08415794929789841,0.8147810218978102
10994,0,0,0.08415794929789841,0.8147810218978102
25396,0,0,0.08415794929789841,0.8147810218978102
69663,0,1,0.08415794929789841,0.8147810218978102
67519,0,1,0.08415794929789841,0.8147810218978102
88549,0,1,0.08415794929789841,0.8147810218978102
28091,0,0,0.08415794929789841,0.8147810218978102
55992,0,1,0.08415794929789841,0.8147810218978102
1528,0,1,0.08415794929789841,0.8147810218978102
39200,0,0,0.08415794929789841,0.8147810218978102
75133,0,0,0.08415794929789841,0.8147810218978102
45617,0,0,0.08415794929789841,0.8147810218978102
21368,0,1,0.08415794929789841,0.8147810218978102
28010,0,1,0.08415794929789841,0.8147810218978102
83879,0,1,0.08415794929789841,0.8147810218978102
25095,0,1,0.08415794929789841,0.8147810218978102
59578,0,1,0.08415794929789841,0.8147810218978102
6956,0,0,0.08415794929789841,0.8147810218978102
57802,0,0,0.08415794929789841,0.8147810218978102
33672,0,1,0.08415794929789841,0.8147810218978102
82719,0,1,0.08415794929789841,0.8147810218978102
50594,0,0,0.08415794929789841,0.8147810218978102
32040,0,0,0.08415794929789841,0.8147810218978102
38347,1,1,0.08415794929789841,0.8147810218978102
87795,0,0,0.08415794929789841,0.8147810218978102
50977,0,1,0.08415794929789841,0.8147810218978102
48806,0,0,0.08415794929789841,0.8147810218978102
7874,0,0,0.08415794929789841,0.8147810218978102
41985,0,0,0.08415794929789841,0.8147810218978102
79951,0,1,0.08415794929789841,0.8147810218978102
84262,0,1,0.08415794929789841,0.8147810218978102
40901,0,0,0.08415794929789841,0.8147810218978102
79006,0,0,0.08415794929789841,0.8147810218978102
98505,0,0,0.08415794929789841,0.8147810218978102
29735,0,0,0.08415794929789841,0.8147810218978102
95708,0,1,0.08415794929789841,0.8147810218978102
53743,0,1,0.08415794929789841,0.8147810218978102
84389,0,1,0.08415794929789841,0.8147810218978102
14777,0,1,0.08415794929789841,0.8147810218978102
69763,0,1,0.08415794929789841,0.8147810218978102
255,0,1,0.08415794929789841,0.8147810218978102
63010,0,1,0.08415794929789841,0.8147810218978102
36590,0,0,0.08415794929789841,0.8147810218978102
95165,0,0,0.08415794929789841,0.8147810218978102
48661,0,1,0.08415794929789841,0.8147810218978102
59845,0,0,0.08415794929789841,0.8147810218978102
81169,0,0,0.08415794929789841,0.8147810218978102
16815,0,0,0.08415794929789841,0.8147810218978102
9855,0,0,0.08415794929789841,0.8147810218978102
26618,0,0,0.08415794929789841,0.8147810218978102
7590,0,1,0.08415794929789841,0.8147810218978102
50534,1,1,0.08415794929789841,0.8147810218978102
83217,0,0,0.08415794929789841,0.8147810218978102
98776,0,0,0.08415794929789841,0.8147810218978102
58087,0,1,0.08415794929789841,0.8147810218978102
82682,0,1,0.08415794929789841,0.8147810218978102
14693,0,1,0.08415794929789841,0.8147810218978102
7275,0,0,0.08415794929789841,0.8147810218978102
96819,0,0,0.08415794929789841,0.8147810218978102
22582,0,0,0.08415794929789841,0.8147810218978102
13915,0,1,0.08415794929789841,0.8147810218978102
14472,0,1,0.08415794929789841,0.8147810218978102
28265,0,1,0.08415794929789841,0.8147810218978102
34404,0,1,0.08415794929789841,0.8147810218978102
52549,1,0,0.08415794929789841,0.8147810218978102
12917,0,1,0.08415794929789841,0.8147810218978102
94609,0,1,0.08415794929789841,0.8147810218978102
42963,0,0,0.08415794929789841,0.8147810218978102
19792,0,0,0.08415794929789841,0.8147810218978102
48621,0,1,0.08415794929789841,0.8147810218978102
72139,0,0,0.08415794929789841,0.8147810218978102
60486,0,1,0.08415794929789841,0.8147810218978102
98558,0,1,0.08415794929789841,0.8147810218978102
85670,0,0,0.08415794929789841,0.8147810218978102
79334,0,0,0.08415794929789841,0.8147810218978102
68299,0,1,0.08415794929789841,0.8147810218978102
80146,0,1,0.08415794929789841,0.8147810218978102
70590,0,1,0.08415794929789841,0.8147810218978102
77784,0,1,0.08415794929789841,0.8147810218978102
98092,0,1,0.08415794929789841,0.8147810218978102
26465,0,1,0.08415794929789841,0.8147810218978102
56896,0,0,0.08415794929789841,0.8147810218978102
38434,0,1,0.08415794929789841,0.8147810218978102
71590,0,1,0.08415794929789841,0.8147810218978102
96969,0,0,0.08415794929789841,0.8147810218978102
481,0,1,0.08415794929789841,0.8147810218978102
63093,0,0,0.08415794929789841,0.8147810218978102
91532,0,0,0.08415794929789841,0.8147810218978102
79295,0,1,0.08415794929789841,0.8147810218978102
89643,0,1,0.08415794929789841,0.8147810218978102
18182,0,0,0.08415794929789841,0.8147810218978102
86276,0,1,0.08415794929789841,0.8147810218978102
20668,0,0,0.08415794929789841,0.8147810218978102
98565,0,1,0.08415794929789841,0.8147810218978102
28778,0,0,0.08415794929789841,0.8147810218978102
80219,0,0,0.08415794929789841,0.8147810218978102
83230,0,1,0.08415794929789841,0.8147810218978102
45610,0,0,0.08415794929789841,0.8147810218978102
15202,0,0,0.08415794929789841,0.8147810218978102
27467,0,1,0.08415794929789841,0.8147810218978102
34176,0,0,0.08415794929789841,0.8147810218978102
70642,0,1,0.08415794929789841,0.8147810218978102
55231,0,0,0.08415794929789841,0.8147810218978102
93564,0,1,0.08415794929789841,0.8147810218978102
48754,0,0,0.08415794929789841,0.8147810218978102
55477,1,1,0.08415794929789841,0.8147810218978102
25686,0,0,0.08415794929789841,0.8147810218978102
48357,0,0,0.08415794929789841,0.8147810218978102
29089,0,1,0.08415794929789841,0.8147810218978102
94906,0,0,0.08415794929789841,0.8147810218978102
48365,0,0,0.08415794929789841,0.8147810218978102
57232,1,1,0.08415794929789841,0.8147810218978102
47146,0,1,0.08415794929789841,0.8147810218978102
93427,0,1,0.08415794929789841,0.8147810218978102
85828,0,0,0.08415794929789841,0.8147810218978102
77106,0,1,0.08415794929789841,0.8147810218978102
58212,0,0,0.08415794929789841,0.8147810218978102
37420,0,0,0.08415794929789841,0.8147810218978102
7406,0,1,0.08415794929789841,0.8147810218978102
84137,0,0,0.08415794929789841,0.8147810218978102
39802,0,0,0.08415794929789841,0.8147810218978102
1210,0,0,0.08415794929789841,0.8147810218978102
4637,0,0,0.08415794929789841,0.8147810218978102
62220,0,1,0.08415794929789841,0.8147810218978102
47669,0,1,0.08415794929789841,0.8147810218978102
44180,0,1,0.08415794929789841,0.8147810218978102
86772,0,1,0.08415794929789841,0.8147810218978102
23233,0,1,0.08415794929789841,0.8147810218978102
25118,1,1,0.08415794929789841,0.8147810218978102
53110,0,1,0.08415794929789841,0.8147810218978102
94295,0,1,0.08415794929789841,0.8147810218978102
15971,0,0,0.08415794929789841,0.8147810218978102
75676,0,0,0.08415794929789841,0.8147810218978102
86093,0,1,0.08415794929789841,0.8147810218978102
9926,0,1,0.08415794929789841,0.8147810218978102
40347,0,0,0.08415794929789841,0.8147810218978102
95623,0,1,0.08415794929789841,0.8147810218978102
43844,0,1,0.08415794929789841,0.8147810218978102
45340,0,0,0.08415794929789841,0.8147810218978102
9309,0,1,0.08415794929789841,0.8147810218978102
20344,0,1,0.08415794929789841,0.8147810218978102
36160,0,1,0.08415794929789841,0.8147810218978102
37919,0,0,0.08415794929789841,0.8147810218978102
57873,0,0,0.08415794929789841,0.8147810218978102
96618,0,0,0.08415794929789841,0.8147810218978102
83679,0,0,0.08415794929789841,0.8147810218978102
60575,0,0,0.08415794929789841,0.8147810218978102
77169,0,0,0.08415794929789841,0.8147810218978102
91258,0,0,0.08415794929789841,0.8147810218978102
45160,0,1,0.08415794929789841,0.8147810218978102
98473,0,0,0.08415794929789841,0.8147810218978102
62101,0,1,0.08415794929789841,0.8147810218978102
55812,0,1,0.08415794929789841,0.8147810218978102
45373,0,0,0.08415794929789841,0.8147810218978102
6035,1,1,0.08415794929789841,0.8147810218978102
1523,0,0,0.08415794929789841,0.8147810218978102
15908,0,0,0.08415794929789841,0.8147810218978102
40311,0,1,0.08415794929789841,0.8147810218978102
65044,0,1,0.08415794929789841,0.8147810218978102
50010,0,0,0.08415794929789841,0.8147810218978102
22109,1,1,0.08415794929789841,0.8147810218978102
31778,1,1,0.08415794929789841,0.8147810218978102
28859,0,0,0.08415794929789841,0.8147810218978102
47961,0,0,0.08415794929789841,0.8147810218978102
83463,0,1,0.08415794929789841,0.8147810218978102
9275,0,1,0.08415794929789841,0.8147810218978102
57952,0,1,0.08415794929789841,0.8147810218978102
31719,1,1,0.08415794929789841,0.8147810218978102
20575,0,1,0.08415794929789841,0.8147810218978102
83158,0,1,0.08415794929789841,0.8147810218978102
81968,0,0,0.08415794929789841,0.8147810218978102
64764,0,1,0.08415794929789841,0.8147810218978102
53236,0,1,0.08415794929789841,0.8147810218978102
96747,0,1,0.08415794929789841,0.8147810218978102
15365,0,0,0.08415794929789841,0.8147810218978102
34773,0,0,0.08415794929789841,0.8147810218978102
51629,0,1,0.08415794929789841,0.8147810218978102
28453,1,1,0.08415794929789841,0.8147810218978102
14446,1,0,0.08415794929789841,0.8147810218978102
35478,0,1,0.08415794929789841,0.8147810218978102
73168,0,1,0.08415794929789841,0.8147810218978102
24421,0,1,0.08415794929789841,0.8147810218978102
15466,0,1,0.08415794929789841,0.8147810218978102
70230,0,1,0.08415794929789841,0.8147810218978102
6929,0,0,0.08415794929789841,0.8147810218978102
48627,0,0,0.08415794929789841,0.8147810218978102
60549,0,1,0.08415794929789841,0.8147810218978102
28062,0,0,0.08415794929789841,0.8147810218978102
33543,0,1,0.08415794929789841,0.8147810218978102
45396,0,0,0.08415794929789841,0.8147810218978102
77504,0,0,0.08415794929789841,0.8147810218978102
53088,0,0,0.08415794929789841,0.8147810218978102
24879,0,1,0.08415794929789841,0.8147810218978102
45298,0,0,0.08415794929789841,0.8147810218978102
85664,0,1,0.08415794929789841,0.8147810218978102
46214,0,1,0.08415794929789841,0.8147810218978102
24914,0,1,0.08415794929789841,0.8147810218978102
53815,0,0,0.08415794929789841,0.8147810218978102
66631,0,0,0.08415794929789841,0.8147810218978102
38816,0,1,0.08415794929789841,0.8147810218978102
70270,0,0,0.08415794929789841,0.8147810218978102
66792,0,1,0.08415794929789841,0.8147810218978102
33101,0,1,0.08415794929789841,0.8147810218978102
34061,0,1,0.08415794929789841,0.8147810218978102
47666,0,1,0.08415794929789841,0.8147810218978102
46817,0,1,0.08415794929789841,0.8147810218978102
43890,0,0,0.08415794929789841,0.8147810218978102
78434,0,0,0.08415794929789841,0.8147810218978102
76856,0,1,0.08415794929789841,0.8147810218978102
18493,0,1,0.08415794929789841,0.8147810218978102
79016,0,1,0.08415794929789841,0.8147810218978102
70597,0,0,0.08415794929789841,0.8147810218978102
90867,0,1,0.08415794929789841,0.8147810218978102
66729,1,1,0.08415794929789841,0.8147810218978102
41674,0,1,0.08415794929789841,0.8147810218978102
2511,0,0,0.08415794929789841,0.8147810218978102
21806,0,0,0.08415794929789841,0.8147810218978102
81341,0,0,0.08415794929789841,0.8147810218978102
77639,0,0,0.08415794929789841,0.8147810218978102
91495,0,0,0.08415794929789841,0.8147810218978102
65344,0,0,0.08415794929789841,0.8147810218978102
57833,0,1,0.08415794929789841,0.8147810218978102
42922,0,0,0.08415794929789841,0.8147810218978102
90678,0,0,0.08415794929789841,0.8147810218978102
37779,0,1,0.08415794929789841,0.8147810218978102
40397,0,0,0.08415794929789841,0.8147810218978102
96898,0,0,0.08415794929789841,0.8147810218978102
43685,0,1,0.08415794929789841,0.8147810218978102
28574,0,1,0.08415794929789841,0.8147810218978102
54591,0,0,0.08415794929789841,0.8147810218978102
9439,1,1,0.08415794929789841,0.8147810218978102
78947,0,1,0.08415794929789841,0.8147810218978102
61399,0,0,0.08415794929789841,0.8147810218978102
78939,0,1,0.08415794929789841,0.8147810218978102
6032,0,0,0.08415794929789841,0.8147810218978102
57841,0,0,0.08415794929789841,0.8147810218978102
1195,0,1,0.08415794929789841,0.8147810218978102
80750,0,0,0.08415794929789841,0.8147810218978102
36993,0,0,0.08415794929789841,0.8147810218978102
57582,0,0,0.08415794929789841,0.8147810218978102
30407,0,0,0.08415794929789841,0.8147810218978102
72168,0,1,0.08415794929789841,0.8147810218978102
76032,0,0,0.08415794929789841,0.8147810218978102
46651,0,0,0.08415794929789841,0.8147810218978102
96400,0,1,0.08415794929789841,0.8147810218978102
83525,0,0,0.08415794929789841,0.8147810218978102
2863,0,1,0.08415794929789841,0.8147810218978102
90245,0,1,0.08415794929789841,0.8147810218978102
27044,0,1,0.08415794929789841,0.8147810218978102
59395,0,1,0.08415794929789841,0.8147810218978102
37265,0,1,0.08415794929789841,0.8147810218978102
1960,0,1,0.08415794929789841,0.8147810218978102
65442,0,1,0.08415794929789841,0.8147810218978102
68576,0,1,0.08415794929789841,0.8147810218978102
99712,0,1,0.08415794929789841,0.8147810218978102
40793,0,1,0.08415794929789841,0.8147810218978102
64541,0,0,0.08415794929789841,0.8147810218978102
25310,0,1,0.08415794929789841,0.8147810218978102
81717,0,1,0.08415794929789841,0.8147810218978102
60441,0,0,0.08415794929789841,0.8147810218978102
71372,0,1,0.08415794929789841,0.8147810218978102
26169,0,1,0.08415794929789841,0.8147810218978102
88697,0,1,0.08415794929789841,0.8147810218978102
33488,0,1,0.08415794929789841,0.8147810218978102
77884,0,1,0.08415794929789841,0.8147810218978102
72934,0,0,0.08415794929789841,0.8147810218978102
90561,0,0,0.08415794929789841,0.8147810218978102
72867,0,1,0.08415794929789841,0.8147810218978102
17344,0,0,0.08415794929789841,0.8147810218978102
85762,0,0,0.08415794929789841,0.8147810218978102
15618,0,1,0.08415794929789841,0.8147810218978102
81672,0,0,0.08415794929789841,0.8147810218978102
85334,0,1,0.08415794929789841,0.8147810218978102
26593,0,1,0.08415794929789841,0.8147810218978102
86259,0,0,0.08415794929789841,0.8147810218978102
20547,0,1,0.08415794929789841,0.8147810218978102
35277,0,0,0.08415794929789841,0.8147810218978102
75393,0,1,0.08415794929789841,0.8147810218978102
2334,0,0,0.08415794929789841,0.8147810218978102
87445,1,1,0.08415794929789841,0.8147810218978102
67440,0,1,0.08415794929789841,0.8147810218978102
15674,1,1,0.08415794929789841,0.8147810218978102
57361,0,0,0.08415794929789841,0.8147810218978102
20250,0,1,0.08415794929789841,0.8147810218978102
80305,0,0,0.08415794929789841,0.8147810218978102
3642,0,1,0.08415794929789841,0.8147810218978102
51173,0,1,0.08415794929789841,0.8147810218978102
27918,0,1,0.08415794929789841,0.8147810218978102
79693,0,0,0.08415794929789841,0.8147810218978102
21814,0,0,0.08415794929789841,0.8147810218978102
80322,0,0,0.08415794929789841,0.8147810218978102
8780,0,1,0.08415794929789841,0.8147810218978102
58207,0,0,0.08415794929789841,0.8147810218978102
16117,0,1,0.08415794929789841,0.8147810218978102
43212,0,1,0.08415794929789841,0.8147810218978102
82333,0,0,0.08415794929789841,0.8147810218978102
1687,0,1,0.08415794929789841,0.8147810218978102
73263,0,1,0.08415794929789841,0.8147810218978102
96262,0,1,0.08415794929789841,0.8147810218978102
36334,0,1,0.08415794929789841,0.8147810218978102
18557,0,0,0.08415794929789841,0.8147810218978102
87719,0,0,0.08415794929789841,0.8147810218978102
87517,0,1,0.08415794929789841,0.8147810218978102
32037,0,0,0.08415794929789841,0.8147810218978102
84784,0,1,0.08415794929789841,0.8147810218978102
2097,0,0,0.08415794929789841,0.8147810218978102
65367,0,0,0.08415794929789841,0.8147810218978102
88070,0,0,0.08415794929789841,0.8147810218978102
44028,0,1,0.08415794929789841,0.8147810218978102
88370,0,0,0.08415794929789841,0.8147810218978102
72978,0,1,0.08415794929789841,0.8147810218978102
46625,0,0,0.08415794929789841,0.8147810218978102
7042,0,1,0.08415794929789841,0.8147810218978102
90432,0,0,0.08415794929789841,0.8147810218978102
219,0,1,0.08415794929789841,0.8147810218978102
10456,0,1,0.08415794929789841,0.8147810218978102
36766,1,1,0.08415794929789841,0.8147810218978102
36960,0,0,0.08415794929789841,0.8147810218978102
27822,0,1,0.08415794929789841,0.8147810218978102
75195,1,1,0.08415794929789841,0.8147810218978102
59656,0,0,0.08415794929789841,0.8147810218978102
11487,0,0,0.08415794929789841,0.8147810218978102
59669,0,1,0.08415794929789841,0.8147810218978102
2570,0,0,0.08415794929789841,0.8147810218978102
13799,0,0,0.08415794929789841,0.8147810218978102
76659,0,0,0.08415794929789841,0.8147810218978102
82208,0,0,0.08415794929789841,0.8147810218978102
23071,0,0,0.08415794929789841,0.8147810218978102
4605,0,1,0.08415794929789841,0.8147810218978102
208,0,0,0.08415794929789841,0.8147810218978102
48238,0,1,0.08415794929789841,0.8147810218978102
86006,0,0,0.08415794929789841,0.8147810218978102
38422,0,1,0.08415794929789841,0.8147810218978102
24946,0,1,0.08415794929789841,0.8147810218978102
73454,0,1,0.08415794929789841,0.8147810218978102
74147,0,1,0.08415794929789841,0.8147810218978102
70588,0,1,0.08415794929789841,0.8147810218978102
79822,0,1,0.08415794929789841,0.8147810218978102
41502,0,0,0.08415794929789841,0.8147810218978102
72799,0,1,0.08415794929789841,0.8147810218978102
18382,0,1,0.08415794929789841,0.8147810218978102
78182,0,1,0.08415794929789841,0.8147810218978102
1056,0,1,0.08415794929789841,0.8147810218978102
37778,0,0,0.08415794929789841,0.8147810218978102
69878,0,1,0.08415794929789841,0.8147810218978102
39673,0,0,0.08415794929789841,0.8147810218978102
95303,0,0,0.08415794929789841,0.8147810218978102
39470,0,1,0.08415794929789841,0.8147810218978102
3729,0,0,0.08415794929789841,0.8147810218978102
66423,1,1,0.08415794929789841,0.8147810218978102
19346,0,0,0.08415794929789841,0.8147810218978102
17448,0,1,0.08415794929789841,0.8147810218978102
13226,0,0,0.08415794929789841,0.8147810218978102
97431,0,0,0.08415794929789841,0.8147810218978102
31409,0,1,0.08415794929789841,0.8147810218978102
64314,0,1,0.08415794929789841,0.8147810218978102
99011,0,1,0.08415794929789841,0.8147810218978102
35283,0,0,0.08415794929789841,0.8147810218978102
7951,0,1,0.08415794929789841,0.8147810218978102
66901,0,0,0.08415794929789841,0.8147810218978102
74514,0,1,0.08415794929789841,0.8147810218978102
10795,1,1,0.08415794929789841,0.8147810218978102
53034,0,1,0.08415794929789841,0.8147810218978102
78254,1,1,0.08415794929789841,0.8147810218978102
95585,0,0,0.08415794929789841,0.8147810218978102
87377,0,1,0.08415794929789841,0.8147810218978102
68069,0,0,0.08415794929789841,0.8147810218978102
41552,0,1,0.08415794929789841,0.8147810218978102
2500,0,0,0.08415794929789841,0.8147810218978102
11527,0,1,0.08415794929789841,0.8147810218978102
98202,0,1,0.08415794929789841,0.8147810218978102
32121,0,1,0.08415794929789841,0.8147810218978102
17668,0,1,0.08415794929789841,0.8147810218978102
83069,0,0,0.08415794929789841,0.8147810218978102
35238,0,1,0.08415794929789841,0.8147810218978102
46437,0,1,0.08415794929789841,0.8147810218978102
9763,0,1,0.08415794929789841,0.8147810218978102
44466,0,0,0.08415794929789841,0.8147810218978102
53642,0,0,0.08415794929789841,0.8147810218978102
47700,0,0,0.08415794929789841,0.8147810218978102
11108,0,0,0.08415794929789841,0.8147810218978102
91637,0,1,0.08415794929789841,0.8147810218978102
1149,0,0,0.08415794929789841,0.8147810218978102
35154,0,0,0.08415794929789841,0.8147810218978102
73535,0,0,0.08415794929789841,0.8147810218978102
33223,0,1,0.08415794929789841,0.8147810218978102
75979,0,0,0.08415794929789841,0.8147810218978102
2205,0,1,0.08415794929789841,0.8147810218978102
23783,0,1,0.08415794929789841,0.8147810218978102
84152,0,1,0.08415794929789841,0.8147810218978102
14749,0,1,0.08415794929789841,0.8147810218978102
41759,0,0,0.08415794929789841,0.8147810218978102
44109,0,1,0.08415794929789841,0.8147810218978102
42632,0,0,0.08415794929789841,0.8147810218978102
76681,0,1,0.08415794929789841,0.8147810218978102
52939,0,1,0.08415794929789841,0.8147810218978102
34889,0,0,0.08415794929789841,0.8147810218978102
69936,0,0,0.08415794929789841,0.8147810218978102
65653,0,1,0.08415794929789841,0.8147810218978102
17708,0,1,0.08415794929789841,0.8147810218978102
66558,0,1,0.08415794929789841,0.8147810218978102
72919,0,1,0.08415794929789841,0.8147810218978102
21766,0,0,0.08415794929789841,0.8147810218978102
45421,0,0,0.08415794929789841,0.8147810218978102
21262,0,0,0.08415794929789841,0.8147810218978102
31691,0,0,0.08415794929789841,0.8147810218978102
90040,0,1,0.08415794929789841,0.8147810218978102
59902,0,1,0.08415794929789841,0.8147810218978102
96291,0,0,0.08415794929789841,0.8147810218978102
59398,0,1,0.08415794929789841,0.8147810218978102
5929,0,0,0.08415794929789841,0.8147810218978102
8338,0,0,0.08415794929789841,0.8147810218978102
78530,0,1,0.08415794929789841,0.8147810218978102
79019,0,1,0.08415794929789841,0.8147810218978102
18690,0,0,0.08415794929789841,0.8147810218978102
83476,0,1,0.08415794929789841,0.8147810218978102
20705,0,0,0.08415794929789841,0.8147810218978102
98907,0,1,0.08415794929789841,0.8147810218978102
43726,0,0,0.08415794929789841,0.8147810218978102
55723,0,0,0.08415794929789841,0.8147810218978102
62068,0,0,0.08415794929789841,0.8147810218978102
50067,0,0,0.08415794929789841,0.8147810218978102
22279,0,0,0.08415794929789841,0.8147810218978102
75249,0,1,0.08415794929789841,0.8147810218978102
5533,0,1,0.08415794929789841,0.8147810218978102
72634,0,0,0.08415794929789841,0.8147810218978102
91886,0,1,0.08415794929789841,0.8147810218978102
66144,0,1,0.08415794929789841,0.8147810218978102
14410,0,1,0.08415794929789841,0.8147810218978102
67157,0,1,0.08415794929789841,0.8147810218978102
42698,0,0,0.08415794929789841,0.8147810218978102
86105,0,1,0.08415794929789841,0.8147810218978102
78537,0,1,0.08415794929789841,0.8147810218978102
89411,0,0,0.08415794929789841,0.8147810218978102
46619,0,0,0.08415794929789841,0.8147810218978102
58353,0,1,0.08415794929789841,0.8147810218978102
86020,0,1,0.08415794929789841,0.8147810218978102
3997,1,1,0.08415794929789841,0.8147810218978102
97254,0,0,0.08415794929789841,0.8147810218978102
67741,0,0,0.08415794929789841,0.8147810218978102
17213,0,1,0.08415794929789841,0.8147810218978102
11476,0,0,0.08415794929789841,0.8147810218978102
65419,0,1,0.08415794929789841,0.8147810218978102
89771,0,1,0.08415794929789841,0.8147810218978102
78610,0,0,0.08415794929789841,0.8147810218978102
95172,0,0,0.08415794929789841,0.8147810218978102
57524,1,1,0.08415794929789841,0.8147810218978102
54485,0,0,0.08415794929789841,0.8147810218978102
97888,0,0,0.08415794929789841,0.8147810218978102
69660,0,1,0.08415794929789841,0.8147810218978102
87454,0,1,0.08415794929789841,0.8147810218978102
66827,0,0,0.08415794929789841,0.8147810218978102
9244,0,1,0.08415794929789841,0.8147810218978102
17207,0,0,0.08415794929789841,0.8147810218978102
18909,0,0,0.08415794929789841,0.8147810218978102
54245,0,1,0.08415794929789841,0.8147810218978102
34635,0,0,0.08415794929789841,0.8147810218978102
1901,0,1,0.08415794929789841,0.8147810218978102
28393,0,0,0.08415794929789841,0.8147810218978102
22615,0,0,0.08415794929789841,0.8147810218978102
91186,0,0,0.08415794929789841,0.8147810218978102
95129,0,1,0.08415794929789841,0.8147810218978102
20487,0,1,0.08415794929789841,0.8147810218978102
40976,0,1,0.08415794929789841,0.8147810218978102
86726,0,0,0.08415794929789841,0.8147810218978102
23402,0,0,0.08415794929789841,0.8147810218978102
95215,0,1,0.08415794929789841,0.8147810218978102
54907,0,1,0.08415794929789841,0.8147810218978102
70763,0,0,0.08415794929789841,0.8147810218978102
79932,0,1,0.08415794929789841,0.8147810218978102
28853,0,1,0.08415794929789841,0.8147810218978102
24192,0,0,0.08415794929789841,0.8147810218978102
97971,0,0,0.08415794929789841,0.8147810218978102
65110,0,1,0.08415794929789841,0.8147810218978102
80476,0,1,0.08415794929789841,0.8147810218978102
86814,0,0,0.08415794929789841,0.8147810218978102
26843,0,0,0.08415794929789841,0.8147810218978102
20931,0,1,0.08415794929789841,0.8147810218978102
89373,1,0,0.08415794929789841,0.8147810218978102
15761,0,1,0.08415794929789841,0.8147810218978102
29162,0,0,0.08415794929789841,0.8147810218978102
8737,0,1,0.08415794929789841,0.8147810218978102
59067,0,0,0.08415794929789841,0.8147810218978102
4708,0,1,0.08415794929789841,0.8147810218978102
5090,0,1,0.08415794929789841,0.8147810218978102
75031,0,0,0.08415794929789841,0.8147810218978102
41559,0,1,0.08415794929789841,0.8147810218978102
95834,1,1,0.08415794929789841,0.8147810218978102
29743,0,1,0.08415794929789841,0.8147810218978102
94076,0,1,0.08415794929789841,0.8147810218978102
34141,0,1,0.08415794929789841,0.8147810218978102
90214,1,1,0.08415794929789841,0.8147810218978102
58402,0,0,0.08415794929789841,0.8147810218978102
83800,0,1,0.08415794929789841,0.8147810218978102
59055,0,0,0.08415794929789841,0.8147810218978102
61153,0,1,0.08415794929789841,0.8147810218978102
18622,0,0,0.08415794929789841,0.8147810218978102
34634,1,0,0.08415794929789841,0.8147810218978102
47572,0,1,0.08415794929789841,0.8147810218978102
28978,0,0,0.08415794929789841,0.8147810218978102
58092,0,0,0.08415794929789841,0.8147810218978102
40917,0,1,0.08415794929789841,0.8147810218978102
52480,0,0,0.08415794929789841,0.8147810218978102
11485,0,1,0.08415794929789841,0.8147810218978102
53830,0,0,0.08415794929789841,0.8147810218978102
48313,0,0,0.08415794929789841,0.8147810218978102
41309,1,1,0.08415794929789841,0.8147810218978102
69119,1,1,0.08415794929789841,0.8147810218978102
42841,0,1,0.08415794929789841,0.8147810218978102
29973,0,0,0.08415794929789841,0.8147810218978102
25947,0,0,0.08415794929789841,0.8147810218978102
25100,0,1,0.08415794929789841,0.8147810218978102
96012,0,0,0.08415794929789841,0.8147810218978102
43509,0,0,0.08415794929789841,0.8147810218978102
23878,0,1,0.08415794929789841,0.8147810218978102
21132,0,1,0.08415794929789841,0.8147810218978102
4236,0,1,0.08415794929789841,0.8147810218978102
226,0,1,0.08415794929789841,0.8147810218978102
33790,0,1,0.08415794929789841,0.8147810218978102
19128,0,1,0.08415794929789841,0.8147810218978102
29534,0,0,0.08415794929789841,0.8147810218978102
302,0,0,0.08415794929789841,0.8147810218978102
6081,1,1,0.08415794929789841,0.8147810218978102
98672,0,0,0.08415794929789841,0.8147810218978102
86508,0,0,0.08415794929789841,0.8147810218978102
8724,0,1,0.08415794929789841,0.8147810218978102
95270,0,1,0.08415794929789841,0.8147810218978102
15767,0,1,0.08415794929789841,0.8147810218978102
28477,0,1,0.08415794929789841,0.8147810218978102
89225,0,0,0.08415794929789841,0.8147810218978102
54307,0,0,0.08415794929789841,0.8147810218978102
49768,0,1,0.08415794929789841,0.8147810218978102
59123,0,0,0.08415794929789841,0.8147810218978102
89114,0,1,0.08415794929789841,0.8147810218978102
65487,0,0,0.08415794929789841,0.8147810218978102
23412,0,1,0.08415794929789841,0.8147810218978102
4035,0,0,0.08415794929789841,0.8147810218978102
26092,0,1,0.08415794929789841,0.8147810218978102
35601,0,0,0.08415794929789841,0.8147810218978102
36732,0,0,0.08415794929789841,0.8147810218978102
36192,0,0,0.08415794929789841,0.8147810218978102
63107,0,1,0.08415794929789841,0.8147810218978102
34582,0,0,0.08415794929789841,0.8147810218978102
58628,0,0,0.08415794929789841,0.8147810218978102
12358,0,1,0.08415794929789841,0.8147810218978102
90735,0,0,0.08415794929789841,0.8147810218978102
69026,0,0,0.08415794929789841,0.8147810218978102
43624,0,0,0.08415794929789841,0.8147810218978102
30463,0,0,0.08415794929789841,0.8147810218978102
99859,0,0,0.08415794929789841,0.8147810218978102
37575,0,1,0.08415794929789841,0.8147810218978102
94127,0,1,0.08415794929789841,0.8147810218978102
76583,0,0,0.08415794929789841,0.8147810218978102
16633,0,0,0.08415794929789841,0.8147810218978102
45191,0,0,0.08415794929789841,0.8147810218978102
62203,0,1,0.08415794929789841,0.8147810218978102
27131,0,0,0.08415794929789841,0.8147810218978102
63237,0,0,0.08415794929789841,0.8147810218978102
48736,0,1,0.08415794929789841,0.8147810218978102
20786,0,1,0.08415794929789841,0.8147810218978102
45690,0,1,0.08415794929789841,0.8147810218978102
21631,0,0,0.08415794929789841,0.8147810218978102
78415,0,0,0.08415794929789841,0.8147810218978102
40021,0,1,0.08415794929789841,0.8147810218978102
94466,0,1,0.08415794929789841,0.8147810218978102
79494,0,0,0.08415794929789841,0.8147810218978102
31934,0,0,0.08415794929789841,0.8147810218978102
66026,0,0,0.08415794929789841,0.8147810218978102
66419,0,1,0.08415794929789841,0.8147810218978102
5602,0,0,0.08415794929789841,0.8147810218978102
295,0,1,0.08415794929789841,0.8147810218978102
50874,0,0,0.08415794929789841,0.8147810218978102
48158,0,1,0.08415794929789841,0.8147810218978102
61978,0,0,0.08415794929789841,0.8147810218978102
11106,0,0,0.08415794929789841,0.8147810218978102
35951,0,0,0.08415794929789841,0.8147810218978102
16086,0,1,0.08415794929789841,0.8147810218978102
17959,0,0,0.08415794929789841,0.8147810218978102
18041,0,1,0.08415794929789841,0.8147810218978102
42106,0,0,0.08415794929789841,0.8147810218978102
44650,0,0,0.08415794929789841,0.8147810218978102
90995,0,1,0.08415794929789841,0.8147810218978102
87267,0,1,0.08415794929789841,0.8147810218978102
4013,0,1,0.08415794929789841,0.8147810218978102
37152,0,1,0.08415794929789841,0.8147810218978102
14643,0,1,0.08415794929789841,0.8147810218978102
3520,0,0,0.08415794929789841,0.8147810218978102
27720,0,0,0.08415794929789841,0.8147810218978102
48825,0,1,0.08415794929789841,0.8147810218978102
52237,0,1,0.08415794929789841,0.8147810218978102
81364,1,1,0.08415794929789841,0.8147810218978102
43091,0,0,0.08415794929789841,0.8147810218978102
58539,0,1,0.08415794929789841,0.8147810218978102
64665,0,0,0.08415794929789841,0.8147810218978102
66337,0,1,0.08415794929789841,0.8147810218978102
14779,0,1,0.08415794929789841,0.8147810218978102
49580,0,1,0.08415794929789841,0.8147810218978102
23431,0,0,0.08415794929789841,0.8147810218978102
1676,0,1,0.08415794929789841,0.8147810218978102
75066,0,0,0.08415794929789841,0.8147810218978102
4400,0,0,0.08415794929789841,0.8147810218978102
66027,0,0,0.08415794929789841,0.8147810218978102
86052,0,0,0.08415794929789841,0.8147810218978102
675,0,0,0.08415794929789841,0.8147810218978102
92515,0,0,0.08415794929789841,0.8147810218978102
21172,0,1,0.08415794929789841,0.8147810218978102
72583,0,1,0.08415794929789841,0.8147810218978102
33670,0,0,0.08415794929789841,0.8147810218978102
6546,1,1,0.08415794929789841,0.8147810218978102
68910,0,0,0.08415794929789841,0.8147810218978102
36145,1,1,0.08415794929789841,0.8147810218978102
41083,0,0,0.08415794929789841,0.8147810218978102
63932,0,0,0.08415794929789841,0.8147810218978102
51445,0,0,0.08415794929789841,0.8147810218978102
44278,0,1,0.08415794929789841,0.8147810218978102
29052,0,1,0.08415794929789841,0.8147810218978102
70869,1,1,0.08415794929789841,0.8147810218978102
23512,0,0,0.08415794929789841,0.8147810218978102
42883,0,0,0.08415794929789841,0.8147810218978102
97370,0,1,0.08415794929789841,0.8147810218978102
57362,1,1,0.08415794929789841,0.8147810218978102
60125,0,1,0.08415794929789841,0.8147810218978102
26820,0,1,0.08415794929789841,0.8147810218978102
42333,0,1,0.08415794929789841,0.8147810218978102
58379,0,0,0.08415794929789841,0.8147810218978102
88197,1,1,0.08415794929789841,0.8147810218978102
38446,0,0,0.08415794929789841,0.8147810218978102
22132,0,1,0.08415794929789841,0.8147810218978102
36895,0,1,0.08415794929789841,0.8147810218978102
60864,0,1,0.08415794929789841,0.8147810218978102
70479,0,1,0.08415794929789841,0.8147810218978102
17773,0,1,0.08415794929789841,0.8147810218978102
91518,0,0,0.08415794929789841,0.8147810218978102
81668,0,1,0.08415794929789841,0.8147810218978102
83495,0,1,0.08415794929789841,0.8147810218978102
77502,0,0,0.08415794929789841,0.8147810218978102
59917,0,1,0.08415794929789841,0.8147810218978102
39246,0,0,0.08415794929789841,0.8147810218978102
91691,0,1,0.08415794929789841,0.8147810218978102
27825,0,0,0.08415794929789841,0.8147810218978102
14458,0,1,0.08415794929789841,0.8147810218978102
94825,0,1,0.08415794929789841,0.8147810218978102
2041,0,0,0.08415794929789841,0.8147810218978102
30742,0,0,0.08415794929789841,0.8147810218978102
653,0,1,0.08415794929789841,0.8147810218978102
2297,0,0,0.08415794929789841,0.8147810218978102
60091,0,1,0.08415794929789841,0.8147810218978102
30354,0,1,0.08415794929789841,0.8147810218978102
54135,0,1,0.08415794929789841,0.8147810218978102
19760,0,0,0.08415794929789841,0.8147810218978102
16795,0,0,0.08415794929789841,0.8147810218978102
41350,0,1,0.08415794929789841,0.8147810218978102
84533,0,1,0.08415794929789841,0.8147810218978102
98757,0,0,0.08415794929789841,0.8147810218978102
42372,0,0,0.08415794929789841,0.8147810218978102
80669,0,1,0.08415794929789841,0.8147810218978102
19874,0,0,0.08415794929789841,0.8147810218978102
74111,0,1,0.08415794929789841,0.8147810218978102
85293,0,1,0.08415794929789841,0.8147810218978102
97955,0,0,0.08415794929789841,0.8147810218978102
49763,0,0,0.08415794929789841,0.8147810218978102
39093,0,1,0.08415794929789841,0.8147810218978102
87392,0,0,0.08415794929789841,0.8147810218978102
69366,0,1,0.08415794929789841,0.8147810218978102
38209,0,1,0.08415794929789841,0.8147810218978102
83799,0,0,0.08415794929789841,0.8147810218978102
61091,0,0,0.08415794929789841,0.8147810218978102
87047,0,0,0.08415794929789841,0.8147810218978102
86802,0,1,0.08415794929789841,0.8147810218978102
74691,0,1,0.08415794929789841,0.8147810218978102
58396,0,1,0.08415794929789841,0.8147810218978102
73286,0,1,0.08415794929789841,0.8147810218978102
67529,0,0,0.08415794929789841,0.8147810218978102
61299,0,1,0.08415794929789841,0.8147810218978102
79292,0,0,0.08415794929789841,0.8147810218978102
45172,0,1,0.08415794929789841,0.8147810218978102
24228,0,0,0.08415794929789841,0.8147810218978102
42010,0,0,0.08415794929789841,0.8147810218978102
77934,0,1,0.08415794929789841,0.8147810218978102
46386,0,0,0.08415794929789841,0.8147810218978102
25927,0,0,0.08415794929789841,0.8147810218978102
53645,0,0,0.08415794929789841,0.8147810218978102
30597,0,1,0.08415794929789841,0.8147810218978102
73052,0,1,0.08415794929789841,0.8147810218978102
99505,0,1,0.08415794929789841,0.8147810218978102
97778,0,0,0.08415794929789841,0.8147810218978102
18205,0,1,0.08415794929789841,0.8147810218978102
71345,0,0,0.08415794929789841,0.8147810218978102
34314,0,0,0.08415794929789841,0.8147810218978102
85239,0,0,0.08415794929789841,0.8147810218978102
18393,0,0,0.08415794929789841,0.8147810218978102
87319,0,0,0.08415794929789841,0.8147810218978102
93056,0,0,0.08415794929789841,0.8147810218978102
10196,1,0,0.08415794929789841,0.8147810218978102
37286,0,0,0.08415794929789841,0.8147810218978102
1866,0,0,0.08415794929789841,0.8147810218978102
54366,0,0,0.08415794929789841,0.8147810218978102
31085,0,0,0.08415794929789841,0.8147810218978102
87251,0,0,0.08415794929789841,0.8147810218978102
97883,0,0,0.08415794929789841,0.8147810218978102
11610,0,0,0.08415794929789841,0.8147810218978102
94818,0,1,0.08415794929789841,0.8147810218978102
34818,0,1,0.08415794929789841,0.8147810218978102
28948,0,1,0.08415794929789841,0.8147810218978102
84954,1,1,0.08415794929789841,0.8147810218978102
75207,0,1,0.08415794929789841,0.8147810218978102
57329,0,1,0.08415794929789841,0.8147810218978102
83430,0,1,0.08415794929789841,0.8147810218978102
91456,0,1,0.08415794929789841,0.8147810218978102
36573,0,0,0.08415794929789841,0.8147810218978102
2498,1,1,0.08415794929789841,0.8147810218978102
10895,0,0,0.08415794929789841,0.8147810218978102
6157,0,1,0.08415794929789841,0.8147810218978102
68412,0,0,0.08415794929789841,0.8147810218978102
95262,0,1,0.08415794929789841,0.8147810218978102
8596,0,1,0.08415794929789841,0.8147810218978102
40949,1,1,0.08415794929789841,0.8147810218978102
21218,0,0,0.08415794929789841,0.8147810218978102
67338,0,0,0.08415794929789841,0.8147810218978102
42457,0,1,0.08415794929789841,0.8147810218978102
56621,0,1,0.08415794929789841,0.8147810218978102
1553,0,0,0.08415794929789841,0.8147810218978102
54964,0,1,0.08415794929789841,0.8147810218978102
77642,0,1,0.08415794929789841,0.8147810218978102
56874,0,0,0.08415794929789841,0.8147810218978102
75984,0,1,0.08415794929789841,0.8147810218978102
27079,0,1,0.08415794929789841,0.8147810218978102
66467,0,1,0.08415794929789841,0.8147810218978102
98047,0,1,0.08415794929789841,0.8147810218978102
86619,0,0,0.08415794929789841,0.8147810218978102
12773,0,0,0.08415794929789841,0.8147810218978102
73575,0,0,0.08415794929789841,0.8147810218978102
16835,0,1,0.08415794929789841,0.8147810218978102
19814,0,1,0.08415794929789841,0.8147810218978102
96686,0,0,0.08415794929789841,0.8147810218978102
3436,0,1,0.08415794929789841,0.8147810218978102
15771,0,1,0.08415794929789841,0.8147810218978102
23331,0,1,0.08415794929789841,0.8147810218978102
51277,0,0,0.08415794929789841,0.8147810218978102
53672,0,1,0.08415794929789841,0.8147810218978102
55935,0,0,0.08415794929789841,0.8147810218978102
77747,0,0,0.08415794929789841,0.8147810218978102
10260,0,1,0.08415794929789841,0.8147810218978102
82334,0,0,0.08415794929789841,0.8147810218978102
29547,0,1,0.08415794929789841,0.8147810218978102
74559,1,1,0.08415794929789841,0.8147810218978102
25380,0,1,0.08415794929789841,0.8147810218978102
74950,0,1,0.08415794929789841,0.8147810218978102
74188,0,0,0.08415794929789841,0.8147810218978102
85200,1,0,0.08415794929789841,0.8147810218978102
83972,0,1,0.08415794929789841,0.8147810218978102
68017,0,0,0.08415794929789841,0.8147810218978102
86610,0,0,0.08415794929789841,0.8147810218978102
61890,0,1,0.08415794929789841,0.8147810218978102
10772,0,0,0.08415794929789841,0.8147810218978102
83835,0,0,0.08415794929789841,0.8147810218978102
22159,0,1,0.08415794929789841,0.8147810218978102
75922,0,1,0.08415794929789841,0.8147810218978102
62516,0,1,0.08415794929789841,0.8147810218978102
47898,0,1,0.08415794929789841,0.8147810218978102
327,0,1,0.08415794929789841,0.8147810218978102
97587,0,1,0.08415794929789841,0.8147810218978102
84344,0,0,0.08415794929789841,0.8147810218978102
18330,0,1,0.08415794929789841,0.8147810218978102
23139,0,1,0.08415794929789841,0.8147810218978102
38146,0,1,0.08415794929789841,0.8147810218978102
36446,0,1,0.08415794929789841,0.8147810218978102
18710,0,1,0.08415794929789841,0.8147810218978102
73334,0,1,0.08415794929789841,0.8147810218978102
75963,0,0,0.08415794929789841,0.8147810218978102
2288,0,0,0.08415794929789841,0.8147810218978102
7972,0,1,0.08415794929789841,0.8147810218978102
91868,0,1,0.08415794929789841,0.8147810218978102
49661,0,0,0.08415794929789841,0.8147810218978102
75450,0,1,0.08415794929789841,0.8147810218978102
31377,0,0,0.08415794929789841,0.8147810218978102
45325,0,1,0.08415794929789841,0.8147810218978102
87386,0,0,0.08415794929789841,0.8147810218978102
46646,0,1,0.08415794929789841,0.8147810218978102
24139,0,0,0.08415794929789841,0.8147810218978102
88133,0,0,0.08415794929789841,0.8147810218978102
21864,0,0,0.08415794929789841,0.8147810218978102
34853,1,1,0.08415794929789841,0.8147810218978102
35182,0,0,0.08415794929789841,0.8147810218978102
62106,0,0,0.08415794929789841,0.8147810218978102
16224,0,0,0.08415794929789841,0.8147810218978102
84664,0,1,0.08415794929789841,0.8147810218978102
33382,0,1,0.08415794929789841,0.8147810218978102
1619,0,0,0.08415794929789841,0.8147810218978102
22557,0,0,0.08415794929789841,0.8147810218978102
5571,0,0,0.08415794929789841,0.8147810218978102
78498,0,1,0.08415794929789841,0.8147810218978102
224,0,1,0.08415794929789841,0.8147810218978102
82930,0,0,0.08415794929789841,0.8147810218978102
44946,0,1,0.08415794929789841,0.8147810218978102
67767,0,1,0.08415794929789841,0.8147810218978102
61306,0,1,0.08415794929789841,0.8147810218978102
59439,1,1,0.08415794929789841,0.8147810218978102
5357,0,0,0.08415794929789841,0.8147810218978102
3961,0,0,0.08415794929789841,0.8147810218978102
26671,0,1,0.08415794929789841,0.8147810218978102
16239,0,0,0.08415794929789841,0.8147810218978102
65056,0,1,0.08415794929789841,0.8147810218978102
27088,0,0,0.08415794929789841,0.8147810218978102
28136,1,1,0.08415794929789841,0.8147810218978102
31195,0,1,0.08415794929789841,0.8147810218978102
43542,0,1,0.08415794929789841,0.8147810218978102
49505,0,0,0.08415794929789841,0.8147810218978102
25035,0,0,0.08415794929789841,0.8147810218978102
91221,0,0,0.08415794929789841,0.8147810218978102
60100,0,0,0.08415794929789841,0.8147810218978102
73520,0,0,0.08415794929789841,0.8147810218978102
17542,0,0,0.08415794929789841,0.8147810218978102
81376,0,0,0.08415794929789841,0.8147810218978102
53355,0,1,0.08415794929789841,0.8147810218978102
75977,0,1,0.08415794929789841,0.8147810218978102
52974,0,1,0.08415794929789841,0.8147810218978102
89798,0,0,0.08415794929789841,0.8147810218978102
68295,0,1,0.08415794929789841,0.8147810218978102
24713,0,1,0.08415794929789841,0.8147810218978102
73071,0,0,0.08415794929789841,0.8147810218978102
55124,0,1,0.08415794929789841,0.8147810218978102
94553,0,1,0.08415794929789841,0.8147810218978102
98340,0,0,0.08415794929789841,0.8147810218978102
34167,1,1,0.08415794929789841,0.8147810218978102
16971,0,0,0.08415794929789841,0.8147810218978102
49896,0,1,0.08415794929789841,0.8147810218978102
19565,0,1,0.08415794929789841,0.8147810218978102
77879,0,0,0.08415794929789841,0.8147810218978102
76760,0,1,0.08415794929789841,0.8147810218978102
3280,0,1,0.08415794929789841,0.8147810218978102
34055,0,1,0.08415794929789841,0.8147810218978102
99455,0,0,0.08415794929789841,0.8147810218978102
52643,0,0,0.08415794929789841,0.8147810218978102
24547,0,1,0.08415794929789841,0.8147810218978102
50152,0,1,0.08415794929789841,0.8147810218978102
24857,0,0,0.08415794929789841,0.8147810218978102
93983,0,0,0.08415794929789841,0.8147810218978102
84136,0,1,0.08415794929789841,0.8147810218978102
75264,0,0,0.08415794929789841,0.8147810218978102
54407,0,1,0.08415794929789841,0.8147810218978102
22943,0,1,0.08415794929789841,0.8147810218978102
14266,0,0,0.08415794929789841,0.8147810218978102
18020,0,0,0.08415794929789841,0.8147810218978102
65109,0,1,0.08415794929789841,0.8147810218978102
62048,0,0,0.08415794929789841,0.8147810218978102
51889,0,0,0.08415794929789841,0.8147810218978102
38489,0,0,0.08415794929789841,0.8147810218978102
158,0,1,0.08415794929789841,0.8147810218978102
68940,0,0,0.08415794929789841,0.8147810218978102
78562,0,1,0.08415794929789841,0.8147810218978102
79721,0,1,0.08415794929789841,0.8147810218978102
21298,0,0,0.08415794929789841,0.8147810218978102
12679,0,1,0.08415794929789841,0.8147810218978102
45470,0,1,0.08415794929789841,0.8147810218978102
21041,0,1,0.08415794929789841,0.8147810218978102
70786,0,0,0.08415794929789841,0.8147810218978102
26929,1,1,0.08415794929789841,0.8147810218978102
17013,1,1,0.08415794929789841,0.8147810218978102
60090,0,1,0.08415794929789841,0.8147810218978102
42465,0,0,0.08415794929789841,0.8147810218978102
59650,0,1,0.08415794929789841,0.8147810218978102
10783,0,1,0.08415794929789841,0.8147810218978102
56720,0,1,0.08415794929789841,0.8147810218978102
91409,1,1,0.08415794929789841,0.8147810218978102
24035,0,1,0.08415794929789841,0.8147810218978102
51868,0,1,0.08415794929789841,0.8147810218978102
95790,0,0,0.08415794929789841,0.8147810218978102
65445,0,1,0.08415794929789841,0.8147810218978102
23828,0,0,0.08415794929789841,0.8147810218978102
25466,0,1,0.08415794929789841,0.8147810218978102
79483,0,0,0.08415794929789841,0.8147810218978102
7685,0,0,0.08415794929789841,0.8147810218978102
91554,0,1,0.08415794929789841,0.8147810218978102
62597,0,1,0.08415794929789841,0.8147810218978102
70637,0,0,0.08415794929789841,0.8147810218978102
47606,0,1,0.08415794929789841,0.8147810218978102
4609,0,1,0.08415794929789841,0.8147810218978102
44186,0,0,0.08415794929789841,0.8147810218978102
45971,0,0,0.08415794929789841,0.8147810218978102
22730,0,1,0.08415794929789841,0.8147810218978102
55072,0,1,0.08415794929789841,0.8147810218978102
191,0,1,0.08415794929789841,0.8147810218978102
33798,0,1,0.08415794929789841,0.8147810218978102
61563,0,1,0.08415794929789841,0.8147810218978102
77057,0,0,0.08415794929789841,0.8147810218978102
13617,0,0,0.08415794929789841,0.8147810218978102
57870,0,1,0.08415794929789841,0.8147810218978102
88242,0,1,0.08415794929789841,0.8147810218978102
71792,0,0,0.08415794929789841,0.8147810218978102
1283,0,1,0.08415794929789841,0.8147810218978102
62671,0,1,0.08415794929789841,0.8147810218978102
13647,0,1,0.08415794929789841,0.8147810218978102
76683,0,0,0.08415794929789841,0.8147810218978102
70563,0,1,0.08415794929789841,0.8147810218978102
45556,0,0,0.08415794929789841,0.8147810218978102
51734,0,1,0.08415794929789841,0.8147810218978102
58912,0,1,0.08415794929789841,0.8147810218978102
9028,0,1,0.08415794929789841,0.8147810218978102
63522,0,1,0.08415794929789841,0.8147810218978102
53189,0,1,0.08415794929789841,0.8147810218978102
56137,1,1,0.08415794929789841,0.8147810218978102
12682,0,1,0.08415794929789841,0.8147810218978102
19067,0,1,0.08415794929789841,0.8147810218978102
7653,0,1,0.08415794929789841,0.8147810218978102
48339,0,1,0.08415794929789841,0.8147810218978102
21424,0,0,0.08415794929789841,0.8147810218978102
59387,0,1,0.08415794929789841,0.8147810218978102
28143,0,0,0.08415794929789841,0.8147810218978102
92925,0,1,0.08415794929789841,0.8147810218978102
53826,0,1,0.08415794929789841,0.8147810218978102
23708,0,0,0.08415794929789841,0.8147810218978102
47095,0,1,0.08415794929789841,0.8147810218978102
80119,0,1,0.08415794929789841,0.8147810218978102
56542,0,0,0.08415794929789841,0.8147810218978102
90975,0,0,0.08415794929789841,0.8147810218978102
25331,0,0,0.08415794929789841,0.8147810218978102
5424,0,0,0.08415794929789841,0.8147810218978102
31602,0,0,0.08415794929789841,0.8147810218978102
91969,0,1,0.08415794929789841,0.8147810218978102
63096,0,1,0.08415794929789841,0.8147810218978102
76999,0,0,0.08415794929789841,0.8147810218978102
67672,0,1,0.08415794929789841,0.8147810218978102
33172,0,1,0.08415794929789841,0.8147810218978102
15985,0,1,0.08415794929789841,0.8147810218978102
85963,0,1,0.08415794929789841,0.8147810218978102
99408,1,1,0.08415794929789841,0.8147810218978102
15276,0,0,0.08415794929789841,0.8147810218978102
87668,0,0,0.08415794929789841,0.8147810218978102
21279,0,0,0.08415794929789841,0.8147810218978102
67568,0,0,0.08415794929789841,0.8147810218978102
31757,0,0,0.08415794929789841,0.8147810218978102
91949,0,0,0.08415794929789841,0.8147810218978102
10486,0,0,0.08415794929789841,0.8147810218978102
39004,0,0,0.08415794929789841,0.8147810218978102
9599,1,1,0.08415794929789841,0.8147810218978102
48568,0,1,0.08415794929789841,0.8147810218978102
78456,0,1,0.08415794929789841,0.8147810218978102
20234,0,0,0.08415794929789841,0.8147810218978102
64555,0,1,0.08415794929789841,0.8147810218978102
62814,0,0,0.08415794929789841,0.8147810218978102
86969,0,1,0.08415794929789841,0.8147810218978102
76603,0,1,0.08415794929789841,0.8147810218978102
52995,0,0,0.08415794929789841,0.8147810218978102
13993,0,0,0.08415794929789841,0.8147810218978102
80344,0,1,0.08415794929789841,0.8147810218978102
51120,0,1,0.08415794929789841,0.8147810218978102
41036,0,1,0.08415794929789841,0.8147810218978102
60066,1,1,0.08415794929789841,0.8147810218978102
91739,0,1,0.08415794929789841,0.8147810218978102
94103,0,0,0.08415794929789841,0.8147810218978102
35637,0,0,0.08415794929789841,0.8147810218978102
99661,0,1,0.08415794929789841,0.8147810218978102
26678,1,1,0.08415794929789841,0.8147810218978102
36842,0,0,0.08415794929789841,0.8147810218978102
91386,0,1,0.08415794929789841,0.8147810218978102
91214,0,0,0.08415794929789841,0.8147810218978102
40279,0,0,0.08415794929789841,0.8147810218978102
82760,0,0,0.08415794929789841,0.8147810218978102
81248,0,1,0.08415794929789841,0.8147810218978102
80704,0,0,0.08415794929789841,0.8147810218978102
24612,0,1,0.08415794929789841,0.8147810218978102
98765,0,0,0.08415794929789841,0.8147810218978102
76734,0,1,0.08415794929789841,0.8147810218978102
5206,0,1,0.08415794929789841,0.8147810218978102
62390,0,0,0.08415794929789841,0.8147810218978102
60280,0,0,0.08415794929789841,0.8147810218978102
32225,0,0,0.08415794929789841,0.8147810218978102
4409,0,0,0.08415794929789841,0.8147810218978102
58531,0,0,0.08415794929789841,0.8147810218978102
9247,1,1,0.08415794929789841,0.8147810218978102
90941,0,0,0.08415794929789841,0.8147810218978102
48205,0,1,0.08415794929789841,0.8147810218978102
40072,0,0,0.08415794929789841,0.8147810218978102
64900,0,0,0.08415794929789841,0.8147810218978102
21173,0,0,0.08415794929789841,0.8147810218978102
59613,0,0,0.08415794929789841,0.8147810218978102
79414,0,1,0.08415794929789841,0.8147810218978102
70790,0,0,0.08415794929789841,0.8147810218978102
8598,0,1,0.08415794929789841,0.8147810218978102
46421,0,0,0.08415794929789841,0.8147810218978102
31148,0,0,0.08415794929789841,0.8147810218978102
95930,0,0,0.08415794929789841,0.8147810218978102
13485,0,0,0.08415794929789841,0.8147810218978102
87998,0,0,0.08415794929789841,0.8147810218978102
18228,0,1,0.08415794929789841,0.8147810218978102
58218,0,1,0.08415794929789841,0.8147810218978102
16047,0,1,0.08415794929789841,0.8147810218978102
41325,1,1,0.08415794929789841,0.8147810218978102
4603,0,0,0.08415794929789841,0.8147810218978102
86076,0,1,0.08415794929789841,0.8147810218978102
46965,0,1,0.08415794929789841,0.8147810218978102
3876,0,1,0.08415794929789841,0.8147810218978102
82310,0,1,0.08415794929789841,0.8147810218978102
54506,0,0,0.08415794929789841,0.8147810218978102
30202,0,1,0.08415794929789841,0.8147810218978102
64191,0,0,0.08415794929789841,0.8147810218978102
28772,0,0,0.08415794929789841,0.8147810218978102
78016,0,1,0.08415794929789841,0.8147810218978102
1139,0,0,0.08415794929789841,0.8147810218978102
37457,0,0,0.08415794929789841,0.8147810218978102
47909,0,1,0.08415794929789841,0.8147810218978102
35459,0,1,0.08415794929789841,0.8147810218978102
35704,0,0,0.08415794929789841,0.8147810218978102
8590,0,1,0.08415794929789841,0.8147810218978102
70095,0,0,0.08415794929789841,0.8147810218978102
89610,0,1,0.08415794929789841,0.8147810218978102
55204,0,0,0.08415794929789841,0.8147810218978102
70537,1,1,0.08415794929789841,0.8147810218978102
56966,1,1,0.08415794929789841,0.8147810218978102
5017,0,0,0.08415794929789841,0.8147810218978102
57579,0,1,0.08415794929789841,0.8147810218978102
84893,0,1,0.08415794929789841,0.8147810218978102
72073,0,0,0.08415794929789841,0.8147810218978102
52864,0,0,0.08415794929789841,0.8147810218978102
56777,0,1,0.08415794929789841,0.8147810218978102
65138,0,1,0.08415794929789841,0.8147810218978102
55183,0,0,0.08415794929789841,0.8147810218978102
67636,0,1,0.08415794929789841,0.8147810218978102
14733,0,1,0.08415794929789841,0.8147810218978102
84452,0,1,0.08415794929789841,0.8147810218978102
9862,0,1,0.08415794929789841,0.8147810218978102
77030,0,0,0.08415794929789841,0.8147810218978102
27225,0,1,0.08415794929789841,0.8147810218978102
54385,0,1,0.08415794929789841,0.8147810218978102
95064,0,0,0.08415794929789841,0.8147810218978102
22909,0,1,0.08415794929789841,0.8147810218978102
91815,1,1,0.08415794929789841,0.8147810218978102
44544,0,0,0.08415794929789841,0.8147810218978102
70255,1,1,0.08415794929789841,0.8147810218978102
72098,0,0,0.08415794929789841,0.8147810218978102
12871,0,0,0.08415794929789841,0.8147810218978102
17002,0,1,0.08415794929789841,0.8147810218978102
35227,0,0,0.08415794929789841,0.8147810218978102
94926,0,0,0.08415794929789841,0.8147810218978102
35908,0,0,0.08415794929789841,0.8147810218978102
51474,0,1,0.08415794929789841,0.8147810218978102
91190,0,1,0.08415794929789841,0.8147810218978102
29185,0,0,0.08415794929789841,0.8147810218978102
87118,0,0,0.08415794929789841,0.8147810218978102
17602,0,0,0.08415794929789841,0.8147810218978102
74496,0,0,0.08415794929789841,0.8147810218978102
21782,0,1,0.08415794929789841,0.8147810218978102
86191,0,0,0.08415794929789841,0.8147810218978102
44331,0,1,0.08415794929789841,0.8147810218978102
80380,0,1,0.08415794929789841,0.8147810218978102
44141,0,0,0.08415794929789841,0.8147810218978102
78546,0,1,0.08415794929789841,0.8147810218978102
12953,0,1,0.08415794929789841,0.8147810218978102
47197,0,0,0.08415794929789841,0.8147810218978102
85569,0,0,0.08415794929789841,0.8147810218978102
26113,0,0,0.08415794929789841,0.8147810218978102
19404,0,1,0.08415794929789841,0.8147810218978102
51238,0,0,0.08415794929789841,0.8147810218978102
57281,0,0,0.08415794929789841,0.8147810218978102
67945,0,0,0.08415794929789841,0.8147810218978102
93348,0,1,0.08415794929789841,0.8147810218978102
69574,0,1,0.08415794929789841,0.8147810218978102
85012,0,1,0.08415794929789841,0.8147810218978102
29356,0,1,0.08415794929789841,0.8147810218978102
78304,0,0,0.08415794929789841,0.8147810218978102
37346,0,1,0.08415794929789841,0.8147810218978102
30396,0,1,0.08415794929789841,0.8147810218978102
34956,0,0,0.08415794929789841,0.8147810218978102
75560,0,1,0.08415794929789841,0.8147810218978102
70919,0,0,0.08415794929789841,0.8147810218978102
60738,0,0,0.08415794929789841,0.8147810218978102
46739,0,1,0.08415794929789841,0.8147810218978102
82898,0,1,0.08415794929789841,0.8147810218978102
29061,0,1,0.08415794929789841,0.8147810218978102
34431,0,0,0.08415794929789841,0.8147810218978102
1605,0,1,0.08415794929789841,0.8147810218978102
69010,0,0,0.08415794929789841,0.8147810218978102
77734,0,0,0.08415794929789841,0.8147810218978102
78574,0,1,0.08415794929789841,0.8147810218978102
24760,0,0,0.08415794929789841,0.8147810218978102
98601,0,1,0.08415794929789841,0.8147810218978102
28728,0,1,0.08415794929789841,0.8147810218978102
31544,0,0,0.08415794929789841,0.8147810218978102
65125,1,1,0.08415794929789841,0.8147810218978102
28505,0,1,0.08415794929789841,0.8147810218978102
88508,0,0,0.08415794929789841,0.8147810218978102
13473,0,0,0.08415794929789841,0.8147810218978102
60407,0,1,0.08415794929789841,0.8147810218978102
41429,0,0,0.08415794929789841,0.8147810218978102
11954,0,1,0.08415794929789841,0.8147810218978102
93160,0,0,0.08415794929789841,0.8147810218978102
58552,0,1,0.08415794929789841,0.8147810218978102
78508,0,0,0.08415794929789841,0.8147810218978102
24616,0,0,0.08415794929789841,0.8147810218978102
6042,0,0,0.08415794929789841,0.8147810218978102
11873,0,1,0.08415794929789841,0.8147810218978102
76272,0,0,0.08415794929789841,0.8147810218978102
78679,0,1,0.08415794929789841,0.8147810218978102
97719,0,1,0.08415794929789841,0.8147810218978102
10308,0,1,0.08415794929789841,0.8147810218978102
63350,0,0,0.08415794929789841,0.8147810218978102
65530,0,0,0.08415794929789841,0.8147810218978102
89801,0,0,0.08415794929789841,0.8147810218978102
2034,0,0,0.08415794929789841,0.8147810218978102
94379,0,0,0.08415794929789841,0.8147810218978102
44366,0,1,0.08415794929789841,0.8147810218978102
18966,0,1,0.08415794929789841,0.8147810218978102
17363,0,0,0.08415794929789841,0.8147810218978102
82599,0,0,0.08415794929789841,0.8147810218978102
30710,0,1,0.08415794929789841,0.8147810218978102
59678,0,1,0.08415794929789841,0.8147810218978102
89910,0,1,0.08415794929789841,0.8147810218978102
12050,0,0,0.08415794929789841,0.8147810218978102
29320,0,0,0.08415794929789841,0.8147810218978102
14825,0,1,0.08415794929789841,0.8147810218978102
18811,0,1,0.08415794929789841,0.8147810218978102
12326,0,0,0.08415794929789841,0.8147810218978102
19090,0,0,0.08415794929789841,0.8147810218978102
9516,0,1,0.08415794929789841,0.8147810218978102
47533,0,0,0.08415794929789841,0.8147810218978102
37591,0,1,0.08415794929789841,0.8147810218978102
86401,1,1,0.08415794929789841,0.8147810218978102
15497,0,0,0.08415794929789841,0.8147810218978102
11529,0,0,0.08415794929789841,0.8147810218978102
46617,0,0,0.08415794929789841,0.8147810218978102
42263,0,0,0.08415794929789841,0.8147810218978102
18337,0,0,0.08415794929789841,0.8147810218978102
16574,0,0,0.08415794929789841,0.8147810218978102
5641,0,1,0.08415794929789841,0.8147810218978102
77210,0,0,0.08415794929789841,0.8147810218978102
79023,0,1,0.08415794929789841,0.8147810218978102
45253,0,0,0.08415794929789841,0.8147810218978102
76806,0,1,0.08415794929789841,0.8147810218978102
16332,0,1,0.08415794929789841,0.8147810218978102
9656,0,0,0.08415794929789841,0.8147810218978102
84697,0,1,0.08415794929789841,0.8147810218978102
15552,0,0,0.08415794929789841,0.8147810218978102
89562,0,1,0.08415794929789841,0.8147810218978102
93092,0,0,0.08415794929789841,0.8147810218978102
34599,0,1,0.08415794929789841,0.8147810218978102
27580,0,0,0.08415794929789841,0.8147810218978102
42401,0,0,0.08415794929789841,0.8147810218978102
49125,1,0,0.08415794929789841,0.8147810218978102
58311,0,0,0.08415794929789841,0.8147810218978102
18227,0,0,0.08415794929789841,0.8147810218978102
24476,0,1,0.08415794929789841,0.8147810218978102
78150,0,1,0.08415794929789841,0.8147810218978102
13187,0,1,0.08415794929789841,0.8147810218978102
68512,0,0,0.08415794929789841,0.8147810218978102
72852,0,1,0.08415794929789841,0.8147810218978102
23057,1,1,0.08415794929789841,0.8147810218978102
99528,0,0,0.08415794929789841,0.8147810218978102
53280,0,1,0.08415794929789841,0.8147810218978102
99467,0,1,0.08415794929789841,0.8147810218978102
15879,0,0,0.08415794929789841,0.8147810218978102
58020,1,1,0.08415794929789841,0.8147810218978102
27244,0,1,0.08415794929789841,0.8147810218978102
88881,0,0,0.08415794929789841,0.8147810218978102
2982,0,1,0.08415794929789841,0.8147810218978102
26473,1,1,0.08415794929789841,0.8147810218978102
98390,1,1,0.08415794929789841,0.8147810218978102
36331,0,0,0.08415794929789841,0.8147810218978102
69426,0,0,0.08415794929789841,0.8147810218978102
39743,0,1,0.08415794929789841,0.8147810218978102
17943,0,1,0.08415794929789841,0.8147810218978102
1551,0,0,0.08415794929789841,0.8147810218978102
11951,0,0,0.08415794929789841,0.8147810218978102
22563,0,1,0.08415794929789841,0.8147810218978102
72812,0,0,0.08415794929789841,0.8147810218978102
69328,0,1,0.08415794929789841,0.8147810218978102
20906,0,1,0.08415794929789841,0.8147810218978102
58592,0,1,0.08415794929789841,0.8147810218978102
44800,0,0,0.08415794929789841,0.8147810218978102
460,0,1,0.08415794929789841,0.8147810218978102
5201,0,1,0.08415794929789841,0.8147810218978102
86509,0,0,0.08415794929789841,0.8147810218978102
81666,0,1,0.08415794929789841,0.8147810218978102
68766,0,1,0.08415794929789841,0.8147810218978102
37323,0,0,0.08415794929789841,0.8147810218978102
1945,0,1,0.08415794929789841,0.8147810218978102
76281,0,1,0.08415794929789841,0.8147810218978102
78980,0,0,0.08415794929789841,0.8147810218978102
33675,0,1,0.08415794929789841,0.8147810218978102
22986,1,1,0.08415794929789841,0.8147810218978102
90577,0,1,0.08415794929789841,0.8147810218978102
81553,0,0,0.08415794929789841,0.8147810218978102
8864,0,1,0.08415794929789841,0.8147810218978102
51468,1,0,0.08415794929789841,0.8147810218978102
59404,0,0,0.08415794929789841,0.8147810218978102
87500,0,1,0.08415794929789841,0.8147810218978102
11009,0,1,0.08415794929789841,0.8147810218978102
39412,0,0,0.08415794929789841,0.8147810218978102
88502,0,0,0.08415794929789841,0.8147810218978102
22553,0,0,0.08415794929789841,0.8147810218978102
48425,1,1,0.08415794929789841,0.8147810218978102
84090,0,1,0.08415794929789841,0.8147810218978102
59762,0,0,0.08415794929789841,0.8147810218978102
6760,0,1,0.08415794929789841,0.8147810218978102
44759,0,0,0.08415794929789841,0.8147810218978102
39278,0,1,0.08415794929789841,0.8147810218978102
23598,0,1,0.08415794929789841,0.8147810218978102
20400,0,0,0.08415794929789841,0.8147810218978102
6849,0,1,0.08415794929789841,0.8147810218978102
81753,0,1,0.08415794929789841,0.8147810218978102
6362,0,1,0.08415794929789841,0.8147810218978102
77147,1,1,0.08415794929789841,0.8147810218978102
4204,0,1,0.08415794929789841,0.8147810218978102
7147,0,1,0.08415794929789841,0.8147810218978102
52851,0,1,0.08415794929789841,0.8147810218978102
29767,0,1,0.08415794929789841,0.8147810218978102
4758,0,0,0.08415794929789841,0.8147810218978102
66802,0,1,0.08415794929789841,0.8147810218978102
49381,0,0,0.08415794929789841,0.8147810218978102
19060,1,1,0.08415794929789841,0.8147810218978102
42706,0,0,0.08415794929789841,0.8147810218978102
19913,0,1,0.08415794929789841,0.8147810218978102
36539,0,0,0.08415794929789841,0.8147810218978102
6119,0,0,0.08415794929789841,0.8147810218978102
67283,0,1,0.08415794929789841,0.8147810218978102
68660,0,1,0.08415794929789841,0.8147810218978102
53824,1,1,0.08415794929789841,0.8147810218978102
48165,1,1,0.08415794929789841,0.8147810218978102
26265,0,1,0.08415794929789841,0.8147810218978102
93891,0,0,0.08415794929789841,0.8147810218978102
99024,0,0,0.08415794929789841,0.8147810218978102
395,0,1,0.08415794929789841,0.8147810218978102
17020,0,0,0.08415794929789841,0.8147810218978102
57765,1,1,0.08415794929789841,0.8147810218978102
25406,0,0,0.08415794929789841,0.8147810218978102
20950,0,0,0.08415794929789841,0.8147810218978102
39168,0,1,0.08415794929789841,0.8147810218978102
18295,0,1,0.08415794929789841,0.8147810218978102
15596,0,0,0.08415794929789841,0.8147810218978102
67726,0,1,0.08415794929789841,0.8147810218978102
18993,0,1,0.08415794929789841,0.8147810218978102
88026,0,1,0.08415794929789841,0.8147810218978102
14239,0,1,0.08415794929789841,0.8147810218978102
64384,0,0,0.08415794929789841,0.8147810218978102
93034,0,0,0.08415794929789841,0.8147810218978102
65335,0,0,0.08415794929789841,0.8147810218978102
65762,0,1,0.08415794929789841,0.8147810218978102
1137,0,0,0.08415794929789841,0.8147810218978102
30692,1,1,0.08415794929789841,0.8147810218978102
26501,0,0,0.08415794929789841,0.8147810218978102
77388,0,1,0.08415794929789841,0.8147810218978102
68484,1,1,0.08415794929789841,0.8147810218978102
40694,0,0,0.08415794929789841,0.8147810218978102
48924,0,1,0.08415794929789841,0.8147810218978102
45723,0,1,0.08415794929789841,0.8147810218978102
88789,0,1,0.08415794929789841,0.8147810218978102
28486,0,0,0.08415794929789841,0.8147810218978102
1182,0,1,0.08415794929789841,0.8147810218978102
91461,0,0,0.08415794929789841,0.8147810218978102
90197,0,0,0.08415794929789841,0.8147810218978102
97834,0,0,0.08415794929789841,0.8147810218978102
78775,0,0,0.08415794929789841,0.8147810218978102
18764,0,1,0.08415794929789841,0.8147810218978102
87672,0,1,0.08415794929789841,0.8147810218978102
5938,0,1,0.08415794929789841,0.8147810218978102
94320,0,1,0.08415794929789841,0.8147810218978102
69008,0,0,0.08415794929789841,0.8147810218978102
5789,0,0,0.08415794929789841,0.8147810218978102
40617,0,1,0.08415794929789841,0.8147810218978102
44807,1,1,0.08415794929789841,0.8147810218978102
86333,1,1,0.08415794929789841,0.8147810218978102
77364,0,0,0.08415794929789841,0.8147810218978102
42237,0,0,0.08415794929789841,0.8147810218978102
52920,1,1,0.08415794929789841,0.8147810218978102
52978,0,1,0.08415794929789841,0.8147810218978102
17570,0,1,0.08415794929789841,0.8147810218978102
6309,0,0,0.08415794929789841,0.8147810218978102
76243,0,0,0.08415794929789841,0.8147810218978102
18376,0,0,0.08415794929789841,0.8147810218978102
52039,0,0,0.08415794929789841,0.8147810218978102
18856,0,1,0.08415794929789841,0.8147810218978102
20744,0,0,0.08415794929789841,0.8147810218978102
49729,0,0,0.08415794929789841,0.8147810218978102
97085,0,1,0.08415794929789841,0.8147810218978102
32332,0,1,0.08415794929789841,0.8147810218978102
19775,0,0,0.08415794929789841,0.8147810218978102
10993,0,1,0.08415794929789841,0.8147810218978102
4972,0,0,0.08415794929789841,0.8147810218978102
54544,0,0,0.08415794929789841,0.8147810218978102
17136,0,0,0.08415794929789841,0.8147810218978102
95524,0,1,0.08415794929789841,0.8147810218978102
44503,0,0,0.08415794929789841,0.8147810218978102
81344,0,1,0.08415794929789841,0.8147810218978102
73546,0,1,0.08415794929789841,0.8147810218978102
8017,0,0,0.08415794929789841,0.8147810218978102
92359,0,0,0.08415794929789841,0.8147810218978102
28865,0,1,0.08415794929789841,0.8147810218978102
30525,0,0,0.08415794929789841,0.8147810218978102
56300,0,1,0.08415794929789841,0.8147810218978102
44413,0,1,0.08415794929789841,0.8147810218978102
87594,0,1,0.08415794929789841,0.8147810218978102
59134,0,1,0.08415794929789841,0.8147810218978102
80918,0,1,0.08415794929789841,0.8147810218978102
42820,0,1,0.08415794929789841,0.8147810218978102
83642,0,0,0.08415794929789841,0.8147810218978102
59243,0,0,0.08415794929789841,0.8147810218978102
96749,0,1,0.08415794929789841,0.8147810218978102
3069,0,1,0.08415794929789841,0.8147810218978102
88798,0,1,0.08415794929789841,0.8147810218978102
24959,0,1,0.08415794929789841,0.8147810218978102
37020,0,1,0.08415794929789841,0.8147810218978102
59267,0,0,0.08415794929789841,0.8147810218978102
92926,0,1,0.08415794929789841,0.8147810218978102
74582,0,1,0.08415794929789841,0.8147810218978102
60058,0,1,0.08415794929789841,0.8147810218978102
57364,0,0,0.08415794929789841,0.8147810218978102
63614,0,0,0.08415794929789841,0.8147810218978102
94835,0,1,0.08415794929789841,0.8147810218978102
51919,0,0,0.08415794929789841,0.8147810218978102
37210,0,1,0.08415794929789841,0.8147810218978102
96102,0,0,0.08415794929789841,0.8147810218978102
35490,0,0,0.08415794929789841,0.8147810218978102
39732,0,1,0.08415794929789841,0.8147810218978102
54070,0,1,0.08415794929789841,0.8147810218978102
45626,0,0,0.08415794929789841,0.8147810218978102
1649,0,1,0.08415794929789841,0.8147810218978102
98157,0,1,0.08415794929789841,0.8147810218978102
98683,0,1,0.08415794929789841,0.8147810218978102
53053,1,1,0.08415794929789841,0.8147810218978102
22971,0,1,0.08415794929789841,0.8147810218978102
36115,0,1,0.08415794929789841,0.8147810218978102
82180,0,1,0.08415794929789841,0.8147810218978102
93626,0,1,0.08415794929789841,0.8147810218978102
61792,0,1,0.08415794929789841,0.8147810218978102
52386,0,0,0.08415794929789841,0.8147810218978102
71953,0,1,0.08415794929789841,0.8147810218978102
86484,1,1,0.08415794929789841,0.8147810218978102
77926,0,1,0.08415794929789841,0.8147810218978102
84720,0,0,0.08415794929789841,0.8147810218978102
10748,0,1,0.08415794929789841,0.8147810218978102
95075,0,1,0.08415794929789841,0.8147810218978102
34458,0,1,0.08415794929789841,0.8147810218978102
87413,0,0,0.08415794929789841,0.8147810218978102
31001,0,0,0.08415794929789841,0.8147810218978102
18949,0,1,0.08415794929789841,0.8147810218978102
32263,0,0,0.08415794929789841,0.8147810218978102
35883,0,0,0.08415794929789841,0.8147810218978102
99461,0,1,0.08415794929789841,0.8147810218978102
60970,0,1,0.08415794929789841,0.8147810218978102
11291,0,1,0.08415794929789841,0.8147810218978102
81920,0,0,0.08415794929789841,0.8147810218978102
65396,0,0,0.08415794929789841,0.8147810218978102
22977,0,1,0.08415794929789841,0.8147810218978102
92691,0,1,0.08415794929789841,0.8147810218978102
92177,0,0,0.08415794929789841,0.8147810218978102
68116,0,1,0.08415794929789841,0.8147810218978102
22055,1,0,0.08415794929789841,0.8147810218978102
27522,0,1,0.08415794929789841,0.8147810218978102
13450,0,0,0.08415794929789841,0.8147810218978102
49180,0,1,0.08415794929789841,0.8147810218978102
74404,0,0,0.08415794929789841,0.8147810218978102
95314,1,0,0.08415794929789841,0.8147810218978102
26902,0,1,0.08415794929789841,0.8147810218978102
38834,0,1,0.08415794929789841,0.8147810218978102
78766,0,1,0.08415794929789841,0.8147810218978102
88280,0,0,0.08415794929789841,0.8147810218978102
44450,0,0,0.08415794929789841,0.8147810218978102
45070,0,1,0.08415794929789841,0.8147810218978102
21204,0,1,0.08415794929789841,0.8147810218978102
36391,0,0,0.08415794929789841,0.8147810218978102
86626,0,0,0.08415794929789841,0.8147810218978102
16358,0,1,0.08415794929789841,0.8147810218978102
57648,0,0,0.08415794929789841,0.8147810218978102
88089,0,0,0.08415794929789841,0.8147810218978102
87940,0,0,0.08415794929789841,0.8147810218978102
18241,1,1,0.08415794929789841,0.8147810218978102
53335,0,1,0.08415794929789841,0.8147810218978102
69548,1,1,0.08415794929789841,0.8147810218978102
24814,0,1,0.08415794929789841,0.8147810218978102
93122,0,1,0.08415794929789841,0.8147810218978102
13965,0,0,0.08415794929789841,0.8147810218978102
84224,0,1,0.08415794929789841,0.8147810218978102
1723,0,1,0.08415794929789841,0.8147810218978102
32272,0,0,0.08415794929789841,0.8147810218978102
29497,0,0,0.08415794929789841,0.8147810218978102
67821,0,1,0.08415794929789841,0.8147810218978102
66087,0,0,0.08415794929789841,0.8147810218978102
67269,0,1,0.08415794929789841,0.8147810218978102
67882,0,0,0.08415794929789841,0.8147810218978102
55910,0,1,0.08415794929789841,0.8147810218978102
59417,0,0,0.08415794929789841,0.8147810218978102
18360,0,0,0.08415794929789841,0.8147810218978102
37584,0,0,0.08415794929789841,0.8147810218978102
46168,0,1,0.08415794929789841,0.8147810218978102
20792,0,0,0.08415794929789841,0.8147810218978102
27071,0,0,0.08415794929789841,0.8147810218978102
20021,0,1,0.08415794929789841,0.8147810218978102
74636,0,1,0.08415794929789841,0.8147810218978102
10894,0,1,0.08415794929789841,0.8147810218978102
40068,0,1,0.08415794929789841,0.8147810218978102
33585,0,0,0.08415794929789841,0.8147810218978102
91131,0,0,0.08415794929789841,0.8147810218978102
35877,0,1,0.08415794929789841,0.8147810218978102
86737,0,1,0.08415794929789841,0.8147810218978102
54339,0,1,0.08415794929789841,0.8147810218978102
10436,0,0,0.08415794929789841,0.8147810218978102
36408,0,1,0.08415794929789841,0.8147810218978102
6505,0,1,0.08415794929789841,0.8147810218978102
9915,0,0,0.08415794929789841,0.8147810218978102
43952,0,0,0.08415794929789841,0.8147810218978102
39710,0,1,0.08415794929789841,0.8147810218978102
27620,0,0,0.08415794929789841,0.8147810218978102
80613,0,1,0.08415794929789841,0.8147810218978102
63767,0,1,0.08415794929789841,0.8147810218978102
17459,1,1,0.08415794929789841,0.8147810218978102
23790,0,1,0.08415794929789841,0.8147810218978102
27317,0,1,0.08415794929789841,0.8147810218978102
88532,0,0,0.08415794929789841,0.8147810218978102
25811,0,0,0.08415794929789841,0.8147810218978102
82256,0,0,0.08415794929789841,0.8147810218978102
8383,1,1,0.08415794929789841,0.8147810218978102
40342,0,1,0.08415794929789841,0.8147810218978102
32784,0,0,0.08415794929789841,0.8147810218978102
29203,0,0,0.08415794929789841,0.8147810218978102
35083,0,0,0.08415794929789841,0.8147810218978102
66184,0,0,0.08415794929789841,0.8147810218978102
21849,0,1,0.08415794929789841,0.8147810218978102
86751,0,0,0.08415794929789841,0.8147810218978102
34791,0,0,0.08415794929789841,0.8147810218978102
12615,0,1,0.08415794929789841,0.8147810218978102
82348,0,1,0.08415794929789841,0.8147810218978102
20941,0,0,0.08415794929789841,0.8147810218978102
84849,0,1,0.08415794929789841,0.8147810218978102
65515,0,1,0.08415794929789841,0.8147810218978102
24370,0,0,0.08415794929789841,0.8147810218978102
53305,0,0,0.08415794929789841,0.8147810218978102
99417,0,0,0.08415794929789841,0.8147810218978102
39832,0,1,0.08415794929789841,0.8147810218978102
4136,0,1,0.08415794929789841,0.8147810218978102
22607,0,1,0.08415794929789841,0.8147810218978102
49007,0,1,0.08415794929789841,0.8147810218978102
66070,0,1,0.08415794929789841,0.8147810218978102
14631,0,0,0.08415794929789841,0.8147810218978102
5234,0,1,0.08415794929789841,0.8147810218978102
48868,0,1,0.08415794929789841,0.8147810218978102
41127,0,0,0.08415794929789841,0.8147810218978102
7285,0,1,0.08415794929789841,0.8147810218978102
52694,0,0,0.08415794929789841,0.8147810218978102
38798,0,1,0.08415794929789841,0.8147810218978102
77526,0,0,0.08415794929789841,0.8147810218978102
4389,0,0,0.08415794929789841,0.8147810218978102
51337,0,0,0.08415794929789841,0.8147810218978102
42752,0,1,0.08415794929789841,0.8147810218978102
20300,0,1,0.08415794929789841,0.8147810218978102
59559,0,0,0.08415794929789841,0.8147810218978102
53409,0,1,0.08415794929789841,0.8147810218978102
78193,0,0,0.08415794929789841,0.8147810218978102
66905,0,1,0.08415794929789841,0.8147810218978102
12242,0,1,0.08415794929789841,0.8147810218978102
18136,0,0,0.08415794929789841,0.8147810218978102
37216,0,0,0.08415794929789841,0.8147810218978102
36370,0,0,0.08415794929789841,0.8147810218978102
60259,0,0,0.08415794929789841,0.8147810218978102
3471,0,1,0.08415794929789841,0.8147810218978102
63417,0,0,0.08415794929789841,0.8147810218978102
12954,0,1,0.08415794929789841,0.8147810218978102
4250,0,0,0.08415794929789841,0.8147810218978102
53693,0,1,0.08415794929789841,0.8147810218978102
52468,1,0,0.08415794929789841,0.8147810218978102
68912,0,0,0.08415794929789841,0.8147810218978102
60145,0,0,0.08415794929789841,0.8147810218978102
20113,0,1,0.08415794929789841,0.8147810218978102
30026,0,1,0.08415794929789841,0.8147810218978102
35039,0,0,0.08415794929789841,0.8147810218978102
88797,0,0,0.08415794929789841,0.8147810218978102
27594,0,0,0.08415794929789841,0.8147810218978102
14100,0,0,0.08415794929789841,0.8147810218978102
24256,0,0,0.08415794929789841,0.8147810218978102
39715,0,1,0.08415794929789841,0.8147810218978102
90684,0,0,0.08415794929789841,0.8147810218978102
9394,0,0,0.08415794929789841,0.8147810218978102
24509,0,1,0.08415794929789841,0.8147810218978102
92582,0,0,0.08415794929789841,0.8147810218978102
78354,0,0,0.08415794929789841,0.8147810218978102
11055,0,0,0.08415794929789841,0.8147810218978102
18277,0,0,0.08415794929789841,0.8147810218978102
69002,0,1,0.08415794929789841,0.8147810218978102
17634,0,1,0.08415794929789841,0.8147810218978102
93572,0,0,0.08415794929789841,0.8147810218978102
30408,0,1,0.08415794929789841,0.8147810218978102
77005,0,0,0.08415794929789841,0.8147810218978102
67429,0,0,0.08415794929789841,0.8147810218978102
66608,0,0,0.08415794929789841,0.8147810218978102
73940,0,1,0.08415794929789841,0.8147810218978102
7757,0,0,0.08415794929789841,0.8147810218978102
85936,0,0,0.08415794929789841,0.8147810218978102
63784,0,1,0.08415794929789841,0.8147810218978102
81667,0,1,0.08415794929789841,0.8147810218978102
28198,0,1,0.08415794929789841,0.8147810218978102
65195,0,1,0.08415794929789841,0.8147810218978102
7534,0,0,0.08415794929789841,0.8147810218978102
59789,0,0,0.08415794929789841,0.8147810218978102
17480,0,0,0.08415794929789841,0.8147810218978102
66524,0,1,0.08415794929789841,0.8147810218978102
34658,0,1,0.08415794929789841,0.8147810218978102
55341,0,1,0.08415794929789841,0.8147810218978102
55835,0,1,0.08415794929789841,0.8147810218978102
27076,0,0,0.08415794929789841,0.8147810218978102
27726,0,0,0.08415794929789841,0.8147810218978102
18039,0,1,0.08415794929789841,0.8147810218978102
70238,0,1,0.08415794929789841,0.8147810218978102
58427,0,1,0.08415794929789841,0.8147810218978102
40708,0,1,0.08415794929789841,0.8147810218978102
25559,0,0,0.08415794929789841,0.8147810218978102
45795,0,0,0.08415794929789841,0.8147810218978102
84342,0,1,0.08415794929789841,0.8147810218978102
89320,0,1,0.08415794929789841,0.8147810218978102
24723,0,1,0.08415794929789841,0.8147810218978102
71762,0,1,0.08415794929789841,0.8147810218978102
11071,0,0,0.08415794929789841,0.8147810218978102
35841,0,0,0.08415794929789841,0.8147810218978102
81495,0,0,0.08415794929789841,0.8147810218978102
84742,0,1,0.08415794929789841,0.8147810218978102
43786,0,1,0.08415794929789841,0.8147810218978102
5651,0,0,0.08415794929789841,0.8147810218978102
38564,0,1,0.08415794929789841,0.8147810218978102
46500,0,1,0.08415794929789841,0.8147810218978102
21236,0,0,0.08415794929789841,0.8147810218978102
33848,0,0,0.08415794929789841,0.8147810218978102
32698,0,0,0.08415794929789841,0.8147810218978102
22843,0,0,0.08415794929789841,0.8147810218978102
66360,0,1,0.08415794929789841,0.8147810218978102
44628,0,1,0.08415794929789841,0.8147810218978102
81186,0,0,0.08415794929789841,0.8147810218978102
68528,0,0,0.08415794929789841,0.8147810218978102
69162,0,1,0.08415794929789841,0.8147810218978102
72486,0,0,0.08415794929789841,0.8147810218978102
23447,0,0,0.08415794929789841,0.8147810218978102
54042,1,1,0.08415794929789841,0.8147810218978102
22532,0,1,0.08415794929789841,0.8147810218978102
29562,0,1,0.08415794929789841,0.8147810218978102
66896,0,1,0.08415794929789841,0.8147810218978102
22411,0,1,0.08415794929789841,0.8147810218978102
74959,0,0,0.08415794929789841,0.8147810218978102
30832,0,1,0.08415794929789841,0.8147810218978102
86116,0,1,0.08415794929789841,0.8147810218978102
83683,0,1,0.08415794929789841,0.8147810218978102
37787,0,1,0.08415794929789841,0.8147810218978102
98535,0,1,0.08415794929789841,0.8147810218978102
59381,0,1,0.08415794929789841,0.8147810218978102
41554,1,1,0.08415794929789841,0.8147810218978102
16564,0,0,0.08415794929789841,0.8147810218978102
34717,0,0,0.08415794929789841,0.8147810218978102
70710,0,1,0.08415794929789841,0.8147810218978102
71833,0,1,0.08415794929789841,0.8147810218978102
69304,0,1,0.08415794929789841,0.8147810218978102
71278,0,0,0.08415794929789841,0.8147810218978102
33092,0,1,0.08415794929789841,0.8147810218978102
64640,1,1,0.08415794929789841,0.8147810218978102
94574,0,0,0.08415794929789841,0.8147810218978102
11861,0,1,0.08415794929789841,0.8147810218978102
35049,0,1,0.08415794929789841,0.8147810218978102
89951,0,1,0.08415794929789841,0.8147810218978102
85172,0,0,0.08415794929789841,0.8147810218978102
84913,0,1,0.08415794929789841,0.8147810218978102
12566,0,0,0.08415794929789841,0.8147810218978102
72148,0,0,0.08415794929789841,0.8147810218978102
8485,0,1,0.08415794929789841,0.8147810218978102
8514,0,1,0.08415794929789841,0.8147810218978102
64471,0,0,0.08415794929789841,0.8147810218978102
36118,0,0,0.08415794929789841,0.8147810218978102
40942,0,1,0.08415794929789841,0.8147810218978102
72049,0,0,0.08415794929789841,0.8147810218978102
93912,0,0,0.08415794929789841,0.8147810218978102
59025,1,1,0.08415794929789841,0.8147810218978102
96077,0,1,0.08415794929789841,0.8147810218978102
45290,0,1,0.08415794929789841,0.8147810218978102
46772,0,0,0.08415794929789841,0.8147810218978102
5845,0,1,0.08415794929789841,0.8147810218978102
44883,0,1,0.08415794929789841,0.8147810218978102
46245,0,1,0.08415794929789841,0.8147810218978102
23888,0,0,0.08415794929789841,0.8147810218978102
68261,0,1,0.08415794929789841,0.8147810218978102
53903,0,1,0.08415794929789841,0.8147810218978102
30881,0,0,0.08415794929789841,0.8147810218978102
42770,0,0,0.08415794929789841,0.8147810218978102
13384,0,1,0.08415794929789841,0.8147810218978102
24645,0,1,0.08415794929789841,0.8147810218978102
52765,1,1,0.08415794929789841,0.8147810218978102
90914,0,0,0.08415794929789841,0.8147810218978102
46062,0,0,0.08415794929789841,0.8147810218978102
26420,0,0,0.08415794929789841,0.8147810218978102
41111,0,0,0.08415794929789841,0.8147810218978102
52539,0,0,0.08415794929789841,0.8147810218978102
28582,1,0,0.08415794929789841,0.8147810218978102
25150,0,0,0.08415794929789841,0.8147810218978102
2115,0,1,0.08415794929789841,0.8147810218978102
62142,0,1,0.08415794929789841,0.8147810218978102
64750,0,1,0.08415794929789841,0.8147810218978102
45457,0,0,0.08415794929789841,0.8147810218978102
5600,0,1,0.08415794929789841,0.8147810218978102
61179,0,0,0.08415794929789841,0.8147810218978102
79702,0,1,0.08415794929789841,0.8147810218978102
77580,0,1,0.08415794929789841,0.8147810218978102
53788,0,1,0.08415794929789841,0.8147810218978102
15855,0,1,0.08415794929789841,0.8147810218978102
21207,0,0,0.08415794929789841,0.8147810218978102
21190,0,1,0.08415794929789841,0.8147810218978102
34487,0,1,0.08415794929789841,0.8147810218978102
57195,0,0,0.08415794929789841,0.8147810218978102
27598,1,1,0.08415794929789841,0.8147810218978102
91101,0,1,0.08415794929789841,0.8147810218978102
20387,0,0,0.08415794929789841,0.8147810218978102
67874,0,1,0.08415794929789841,0.8147810218978102
62388,0,1,0.08415794929789841,0.8147810218978102
89356,0,1,0.08415794929789841,0.8147810218978102
17214,0,0,0.08415794929789841,0.8147810218978102
95453,0,0,0.08415794929789841,0.8147810218978102
8975,0,0,0.08415794929789841,0.8147810218978102
96296,0,1,0.08415794929789841,0.8147810218978102
6436,0,0,0.08415794929789841,0.8147810218978102
32206,0,0,0.08415794929789841,0.8147810218978102
11034,0,1,0.08415794929789841,0.8147810218978102
97647,0,1,0.08415794929789841,0.8147810218978102
63677,1,0,0.08415794929789841,0.8147810218978102
49602,0,0,0.08415794929789841,0.8147810218978102
41192,0,0,0.08415794929789841,0.8147810218978102
50998,0,1,0.08415794929789841,0.8147810218978102
84487,0,0,0.08415794929789841,0.8147810218978102
62999,0,0,0.08415794929789841,0.8147810218978102
2228,0,0,0.08415794929789841,0.8147810218978102
65308,0,1,0.08415794929789841,0.8147810218978102
95044,0,0,0.08415794929789841,0.8147810218978102
42786,0,0,0.08415794929789841,0.8147810218978102
75236,0,0,0.08415794929789841,0.8147810218978102
30502,0,0,0.08415794929789841,0.8147810218978102
63119,0,1,0.08415794929789841,0.8147810218978102
83778,0,1,0.08415794929789841,0.8147810218978102
3656,0,1,0.08415794929789841,0.8147810218978102
90100,0,0,0.08415794929789841,0.8147810218978102
85376,0,1,0.08415794929789841,0.8147810218978102
68385,0,1,0.08415794929789841,0.8147810218978102
84085,0,1,0.08415794929789841,0.8147810218978102
81584,0,1,0.08415794929789841,0.8147810218978102
16588,0,1,0.08415794929789841,0.8147810218978102
55241,0,1,0.08415794929789841,0.8147810218978102
56200,0,0,0.08415794929789841,0.8147810218978102
7694,0,0,0.08415794929789841,0.8147810218978102
47854,0,1,0.08415794929789841,0.8147810218978102
16277,0,1,0.08415794929789841,0.8147810218978102
71901,0,1,0.08415794929789841,0.8147810218978102
48404,0,0,0.08415794929789841,0.8147810218978102
3455,0,1,0.08415794929789841,0.8147810218978102
3945,0,1,0.08415794929789841,0.8147810218978102
49630,0,0,0.08415794929789841,0.8147810218978102
66567,0,0,0.08415794929789841,0.8147810218978102
25895,0,1,0.08415794929789841,0.8147810218978102
2116,0,1,0.08415794929789841,0.8147810218978102
31450,0,0,0.08415794929789841,0.8147810218978102
19162,0,0,0.08415794929789841,0.8147810218978102
94833,0,0,0.08415794929789841,0.8147810218978102
75500,0,0,0.08415794929789841,0.8147810218978102
7354,0,1,0.08415794929789841,0.8147810218978102
97060,0,1,0.08415794929789841,0.8147810218978102
82410,0,0,0.08415794929789841,0.8147810218978102
51103,0,1,0.08415794929789841,0.8147810218978102
37418,1,1,0.08415794929789841,0.8147810218978102
92287,0,1,0.08415794929789841,0.8147810218978102
53265,0,0,0.08415794929789841,0.8147810218978102
62540,1,1,0.08415794929789841,0.8147810218978102
12053,0,1,0.08415794929789841,0.8147810218978102
39847,0,0,0.08415794929789841,0.8147810218978102
4985,0,1,0.08415794929789841,0.8147810218978102
74099,0,0,0.08415794929789841,0.8147810218978102
59616,0,0,0.08415794929789841,0.8147810218978102
89317,0,1,0.08415794929789841,0.8147810218978102
75583,0,1,0.08415794929789841,0.8147810218978102
87374,0,0,0.08415794929789841,0.8147810218978102
59833,0,1,0.08415794929789841,0.8147810218978102
63101,0,1,0.08415794929789841,0.8147810218978102
59930,1,1,0.08415794929789841,0.8147810218978102
61444,0,1,0.08415794929789841,0.8147810218978102
25779,0,1,0.08415794929789841,0.8147810218978102
69232,0,0,0.08415794929789841,0.8147810218978102
5718,0,1,0.08415794929789841,0.8147810218978102
26979,0,0,0.08415794929789841,0.8147810218978102
58832,0,1,0.08415794929789841,0.8147810218978102
21831,0,1,0.08415794929789841,0.8147810218978102
57737,0,0,0.08415794929789841,0.8147810218978102
70330,0,1,0.08415794929789841,0.8147810218978102
29,0,0,0.08415794929789841,0.8147810218978102
93704,0,0,0.08415794929789841,0.8147810218978102
99325,0,1,0.08415794929789841,0.8147810218978102
38287,0,0,0.08415794929789841,0.8147810218978102
33337,0,0,0.08415794929789841,0.8147810218978102
69909,0,0,0.08415794929789841,0.8147810218978102
92181,0,1,0.08415794929789841,0.8147810218978102
7743,1,1,0.08415794929789841,0.8147810218978102
84209,0,1,0.08415794929789841,0.8147810218978102
48606,0,0,0.08415794929789841,0.8147810218978102
50873,0,0,0.08415794929789841,0.8147810218978102
50264,0,0,0.08415794929789841,0.8147810218978102
54680,0,0,0.08415794929789841,0.8147810218978102
27370,0,1,0.08415794929789841,0.8147810218978102
22421,0,0,0.08415794929789841,0.8147810218978102
39914,0,1,0.08415794929789841,0.8147810218978102
92120,0,1,0.08415794929789841,0.8147810218978102
26416,0,1,0.08415794929789841,0.8147810218978102
19143,0,1,0.08415794929789841,0.8147810218978102
39841,0,1,0.08415794929789841,0.8147810218978102
91759,0,0,0.08415794929789841,0.8147810218978102
75745,0,0,0.08415794929789841,0.8147810218978102
68345,0,1,0.08415794929789841,0.8147810218978102
85945,0,1,0.08415794929789841,0.8147810218978102
37019,0,0,0.08415794929789841,0.8147810218978102
85688,0,0,0.08415794929789841,0.8147810218978102
38249,0,1,0.08415794929789841,0.8147810218978102
60587,0,1,0.08415794929789841,0.8147810218978102
43446,0,1,0.08415794929789841,0.8147810218978102
93184,0,0,0.08415794929789841,0.8147810218978102
94685,0,0,0.08415794929789841,0.8147810218978102
9622,0,1,0.08415794929789841,0.8147810218978102
37046,0,1,0.08415794929789841,0.8147810218978102
59178,0,1,0.08415794929789841,0.8147810218978102
63681,0,0,0.08415794929789841,0.8147810218978102
40872,0,1,0.08415794929789841,0.8147810218978102
35844,0,0,0.08415794929789841,0.8147810218978102
98192,0,1,0.08415794929789841,0.8147810218978102
53550,0,1,0.08415794929789841,0.8147810218978102
36557,0,0,0.08415794929789841,0.8147810218978102
14775,1,1,0.08415794929789841,0.8147810218978102
86180,1,0,0.08415794929789841,0.8147810218978102
59756,0,1,0.08415794929789841,0.8147810218978102
82491,0,1,0.08415794929789841,0.8147810218978102
39577,0,1,0.08415794929789841,0.8147810218978102
82980,0,0,0.08415794929789841,0.8147810218978102
6498,0,1,0.08415794929789841,0.8147810218978102
90980,0,1,0.08415794929789841,0.8147810218978102
32589,0,1,0.08415794929789841,0.8147810218978102
13005,0,0,0.08415794929789841,0.8147810218978102
55168,0,1,0.08415794929789841,0.8147810218978102
21741,0,0,0.08415794929789841,0.8147810218978102
4275,0,1,0.08415794929789841,0.8147810218978102
66605,0,0,0.08415794929789841,0.8147810218978102
62637,0,1,0.08415794929789841,0.8147810218978102
47676,0,0,0.08415794929789841,0.8147810218978102
38463,0,0,0.08415794929789841,0.8147810218978102
74065,0,0,0.08415794929789841,0.8147810218978102
70912,0,0,0.08415794929789841,0.8147810218978102
18996,0,1,0.08415794929789841,0.8147810218978102
60267,0,1,0.08415794929789841,0.8147810218978102
548,0,1,0.08415794929789841,0.8147810218978102
36719,0,1,0.08415794929789841,0.8147810218978102
59004,0,1,0.08415794929789841,0.8147810218978102
38718,0,0,0.08415794929789841,0.8147810218978102
85192,0,1,0.08415794929789841,0.8147810218978102
80823,0,0,0.08415794929789841,0.8147810218978102
78360,0,0,0.08415794929789841,0.8147810218978102
69661,0,1,0.08415794929789841,0.8147810218978102
14522,0,0,0.08415794929789841,0.8147810218978102
88146,0,0,0.08415794929789841,0.8147810218978102
79473,0,0,0.08415794929789841,0.8147810218978102
73511,0,0,0.08415794929789841,0.8147810218978102
35527,0,0,0.08415794929789841,0.8147810218978102
28470,0,1,0.08415794929789841,0.8147810218978102
99997,0,0,0.08415794929789841,0.8147810218978102
5127,0,1,0.08415794929789841,0.8147810218978102
10853,0,0,0.08415794929789841,0.8147810218978102
54599,0,1,0.08415794929789841,0.8147810218978102
12429,0,1,0.08415794929789841,0.8147810218978102
65317,0,0,0.08415794929789841,0.8147810218978102
46776,0,1,0.08415794929789841,0.8147810218978102
60215,0,1,0.08415794929789841,0.8147810218978102
57540,0,1,0.08415794929789841,0.8147810218978102
38653,0,0,0.08415794929789841,0.8147810218978102
4070,0,1,0.08415794929789841,0.8147810218978102
63183,0,1,0.08415794929789841,0.8147810218978102
24916,0,0,0.08415794929789841,0.8147810218978102
56854,0,0,0.08415794929789841,0.8147810218978102
91530,0,1,0.08415794929789841,0.8147810218978102
80588,0,1,0.08415794929789841,0.8147810218978102
25194,0,0,0.08415794929789841,0.8147810218978102
9655,0,0,0.08415794929789841,0.8147810218978102
28855,0,0,0.08415794929789841,0.8147810218978102
37908,0,0,0.08415794929789841,0.8147810218978102
1417,0,0,0.08415794929789841,0.8147810218978102
76783,0,0,0.08415794929789841,0.8147810218978102
35910,0,0,0.08415794929789841,0.8147810218978102
4221,0,0,0.08415794929789841,0.8147810218978102
39716,0,0,0.08415794929789841,0.8147810218978102
145,0,0,0.08415794929789841,0.8147810218978102
71742,0,0,0.08415794929789841,0.8147810218978102
93941,0,0,0.08415794929789841,0.8147810218978102
5344,0,1,0.08415794929789841,0.8147810218978102
57005,1,1,0.08415794929789841,0.8147810218978102
30437,0,0,0.08415794929789841,0.8147810218978102
2042,0,0,0.08415794929789841,0.8147810218978102
55089,0,0,0.08415794929789841,0.8147810218978102
50057,0,1,0.08415794929789841,0.8147810218978102
88137,1,1,0.08415794929789841,0.8147810218978102
84161,0,0,0.08415794929789841,0.8147810218978102
3843,0,1,0.08415794929789841,0.8147810218978102
47310,1,1,0.08415794929789841,0.8147810218978102
1464,0,1,0.08415794929789841,0.8147810218978102
44964,0,0,0.08415794929789841,0.8147810218978102
96053,1,1,0.08415794929789841,0.8147810218978102
3913,0,1,0.08415794929789841,0.8147810218978102
10958,0,1,0.08415794929789841,0.8147810218978102
1489,0,1,0.08415794929789841,0.8147810218978102
71820,0,0,0.08415794929789841,0.8147810218978102
56098,0,0,0.08415794929789841,0.8147810218978102
43554,0,1,0.08415794929789841,0.8147810218978102
45853,0,0,0.08415794929789841,0.8147810218978102
93991,0,0,0.08415794929789841,0.8147810218978102
51562,0,0,0.08415794929789841,0.8147810218978102
82222,0,0,0.08415794929789841,0.8147810218978102
17279,0,0,0.08415794929789841,0.8147810218978102
44850,0,0,0.08415794929789841,0.8147810218978102
45755,1,0,0.08415794929789841,0.8147810218978102
93961,0,0,0.08415794929789841,0.8147810218978102
41228,0,1,0.08415794929789841,0.8147810218978102
68328,0,0,0.08415794929789841,0.8147810218978102
69938,0,1,0.08415794929789841,0.8147810218978102
24215,1,1,0.08415794929789841,0.8147810218978102
39817,1,1,0.08415794929789841,0.8147810218978102
24890,0,1,0.08415794929789841,0.8147810218978102
66762,0,1,0.08415794929789841,0.8147810218978102
9884,0,1,0.08415794929789841,0.8147810218978102
12650,0,1,0.08415794929789841,0.8147810218978102
17431,0,1,0.08415794929789841,0.8147810218978102
42994,0,0,0.08415794929789841,0.8147810218978102
48088,0,1,0.08415794929789841,0.8147810218978102
46327,0,0,0.08415794929789841,0.8147810218978102
67759,0,1,0.08415794929789841,0.8147810218978102
48388,0,1,0.08415794929789841,0.8147810218978102
66292,0,0,0.08415794929789841,0.8147810218978102
24234,0,1,0.08415794929789841,0.8147810218978102
92041,0,1,0.08415794929789841,0.8147810218978102
32504,0,1,0.08415794929789841,0.8147810218978102
27968,0,1,0.08415794929789841,0.8147810218978102
60174,0,1,0.08415794929789841,0.8147810218978102
57526,0,0,0.08415794929789841,0.8147810218978102
57799,0,0,0.08415794929789841,0.8147810218978102
42322,0,1,0.08415794929789841,0.8147810218978102
32500,0,1,0.08415794929789841,0.8147810218978102
7720,0,1,0.08415794929789841,0.8147810218978102
5782,0,0,0.08415794929789841,0.8147810218978102
28301,0,1,0.08415794929789841,0.8147810218978102
44984,1,1,0.08415794929789841,0.8147810218978102
3474,0,0,0.08415794929789841,0.8147810218978102
93682,0,0,0.08415794929789841,0.8147810218978102
5638,0,0,0.08415794929789841,0.8147810218978102
52220,0,0,0.08415794929789841,0.8147810218978102
71929,0,1,0.08415794929789841,0.8147810218978102
73855,1,1,0.08415794929789841,0.8147810218978102
28275,0,0,0.08415794929789841,0.8147810218978102
65099,0,0,0.08415794929789841,0.8147810218978102
15467,0,0,0.08415794929789841,0.8147810218978102
40684,0,1,0.08415794929789841,0.8147810218978102
60160,0,1,0.08415794929789841,0.8147810218978102
15150,0,0,0.08415794929789841,0.8147810218978102
5788,0,1,0.08415794929789841,0.8147810218978102
1016,0,1,0.08415794929789841,0.8147810218978102
86927,0,0,0.08415794929789841,0.8147810218978102
39458,0,1,0.08415794929789841,0.8147810218978102
31082,0,1,0.08415794929789841,0.8147810218978102
67511,0,0,0.08415794929789841,0.8147810218978102
90050,0,1,0.08415794929789841,0.8147810218978102
53284,0,1,0.08415794929789841,0.8147810218978102
30418,0,0,0.08415794929789841,0.8147810218978102
54306,0,1,0.08415794929789841,0.8147810218978102
42821,1,1,0.08415794929789841,0.8147810218978102
46021,0,1,0.08415794929789841,0.8147810218978102
13813,0,0,0.08415794929789841,0.8147810218978102
70113,1,0,0.08415794929789841,0.8147810218978102
57327,0,1,0.08415794929789841,0.8147810218978102
86467,0,0,0.08415794929789841,0.8147810218978102
65677,0,0,0.08415794929789841,0.8147810218978102
27316,0,1,0.08415794929789841,0.8147810218978102
38451,0,0,0.08415794929789841,0.8147810218978102
37959,0,1,0.08415794929789841,0.8147810218978102
85950,0,0,0.08415794929789841,0.8147810218978102
30896,0,1,0.08415794929789841,0.8147810218978102
67483,0,1,0.08415794929789841,0.8147810218978102
75449,0,1,0.08415794929789841,0.8147810218978102
22539,0,0,0.08415794929789841,0.8147810218978102
93635,0,1,0.08415794929789841,0.8147810218978102
92135,1,1,0.08415794929789841,0.8147810218978102
25671,0,1,0.08415794929789841,0.8147810218978102
47082,0,1,0.08415794929789841,0.8147810218978102
95659,0,1,0.08415794929789841,0.8147810218978102
90585,0,1,0.08415794929789841,0.8147810218978102
75907,0,0,0.08415794929789841,0.8147810218978102
39033,0,0,0.08415794929789841,0.8147810218978102
14863,0,0,0.08415794929789841,0.8147810218978102
36020,0,0,0.08415794929789841,0.8147810218978102
87616,0,0,0.08415794929789841,0.8147810218978102
14497,0,1,0.08415794929789841,0.8147810218978102
99948,0,0,0.08415794929789841,0.8147810218978102
72665,0,1,0.08415794929789841,0.8147810218978102
81398,0,0,0.08415794929789841,0.8147810218978102
23105,0,1,0.08415794929789841,0.8147810218978102
57127,0,0,0.08415794929789841,0.8147810218978102
76373,0,1,0.08415794929789841,0.8147810218978102
36571,0,0,0.08415794929789841,0.8147810218978102
56289,0,1,0.08415794929789841,0.8147810218978102
11580,0,0,0.08415794929789841,0.8147810218978102
6892,0,0,0.08415794929789841,0.8147810218978102
11376,0,0,0.08415794929789841,0.8147810218978102
72041,0,0,0.08415794929789841,0.8147810218978102
31627,0,1,0.08415794929789841,0.8147810218978102
91619,0,1,0.08415794929789841,0.8147810218978102
38188,1,0,0.08415794929789841,0.8147810218978102
59044,0,0,0.08415794929789841,0.8147810218978102
99447,0,1,0.08415794929789841,0.8147810218978102
99744,0,0,0.08415794929789841,0.8147810218978102
40421,0,0,0.08415794929789841,0.8147810218978102
47475,0,0,0.08415794929789841,0.8147810218978102
47989,0,1,0.08415794929789841,0.8147810218978102
89376,0,0,0.08415794929789841,0.8147810218978102
60987,0,0,0.08415794929789841,0.8147810218978102
85460,0,0,0.08415794929789841,0.8147810218978102
23413,0,0,0.08415794929789841,0.8147810218978102
37991,0,1,0.08415794929789841,0.8147810218978102
1014,0,0,0.08415794929789841,0.8147810218978102
46366,0,0,0.08415794929789841,0.8147810218978102
57471,0,0,0.08415794929789841,0.8147810218978102
39488,0,0,0.08415794929789841,0.8147810218978102
97975,0,1,0.08415794929789841,0.8147810218978102
29004,0,0,0.08415794929789841,0.8147810218978102
5818,0,1,0.08415794929789841,0.8147810218978102
72646,0,0,0.08415794929789841,0.8147810218978102
7752,0,1,0.08415794929789841,0.8147810218978102
53987,0,0,0.08415794929789841,0.8147810218978102
66626,0,1,0.08415794929789841,0.8147810218978102
68289,0,1,0.08415794929789841,0.8147810218978102
53201,0,1,0.08415794929789841,0.8147810218978102
75512,0,1,0.08415794929789841,0.8147810218978102
16123,0,0,0.08415794929789841,0.8147810218978102
60365,0,1,0.08415794929789841,0.8147810218978102
27030,0,0,0.08415794929789841,0.8147810218978102
3942,0,1,0.08415794929789841,0.8147810218978102
71057,0,1,0.08415794929789841,0.8147810218978102
58369,1,1,0.08415794929789841,0.8147810218978102
60744,0,0,0.08415794929789841,0.8147810218978102
29412,0,0,0.08415794929789841,0.8147810218978102
55839,0,0,0.08415794929789841,0.8147810218978102
30557,0,1,0.08415794929789841,0.8147810218978102
96562,0,1,0.08415794929789841,0.8147810218978102
54626,0,1,0.08415794929789841,0.8147810218978102
5188,0,0,0.08415794929789841,0.8147810218978102
52313,0,0,0.08415794929789841,0.8147810218978102
46153,0,0,0.08415794929789841,0.8147810218978102
87936,0,0,0.08415794929789841,0.8147810218978102
18118,0,1,0.08415794929789841,0.8147810218978102
43484,0,0,0.08415794929789841,0.8147810218978102
73252,0,0,0.08415794929789841,0.8147810218978102
29710,0,0,0.08415794929789841,0.8147810218978102
82609,0,1,0.08415794929789841,0.8147810218978102
55432,0,0,0.08415794929789841,0.8147810218978102
60582,0,1,0.08415794929789841,0.8147810218978102
53918,0,1,0.08415794929789841,0.8147810218978102
86465,0,1,0.08415794929789841,0.8147810218978102
8783,0,0,0.08415794929789841,0.8147810218978102
28179,0,1,0.08415794929789841,0.8147810218978102
99638,0,0,0.08415794929789841,0.8147810218978102
17963,0,1,0.08415794929789841,0.8147810218978102
7385,0,0,0.08415794929789841,0.8147810218978102
20016,0,1,0.08415794929789841,0.8147810218978102
97720,0,0,0.08415794929789841,0.8147810218978102
57323,0,0,0.08415794929789841,0.8147810218978102
46848,0,0,0.08415794929789841,0.8147810218978102
45589,0,1,0.08415794929789841,0.8147810218978102
7744,0,0,0.08415794929789841,0.8147810218978102
20660,0,1,0.08415794929789841,0.8147810218978102
27396,1,0,0.08415794929789841,0.8147810218978102
31747,0,1,0.08415794929789841,0.8147810218978102
4771,0,0,0.08415794929789841,0.8147810218978102
81408,0,0,0.08415794929789841,0.8147810218978102
70164,0,1,0.08415794929789841,0.8147810218978102
65787,0,0,0.08415794929789841,0.8147810218978102
12932,0,1,0.08415794929789841,0.8147810218978102
37630,0,1,0.08415794929789841,0.8147810218978102
54028,1,0,0.08415794929789841,0.8147810218978102
26039,0,0,0.08415794929789841,0.8147810218978102
14223,0,0,0.08415794929789841,0.8147810218978102
96769,0,1,0.08415794929789841,0.8147810218978102
20458,0,0,0.08415794929789841,0.8147810218978102
81726,0,0,0.08415794929789841,0.8147810218978102
31755,0,1,0.08415794929789841,0.8147810218978102
81343,0,1,0.08415794929789841,0.8147810218978102
41245,0,1,0.08415794929789841,0.8147810218978102
86563,0,1,0.08415794929789841,0.8147810218978102
71455,0,0,0.08415794929789841,0.8147810218978102
29936,0,0,0.08415794929789841,0.8147810218978102
91702,0,1,0.08415794929789841,0.8147810218978102
49606,0,1,0.08415794929789841,0.8147810218978102
26470,0,0,0.08415794929789841,0.8147810218978102
50133,0,1,0.08415794929789841,0.8147810218978102
63125,1,1,0.08415794929789841,0.8147810218978102
78341,0,1,0.08415794929789841,0.8147810218978102
78107,0,1,0.08415794929789841,0.8147810218978102
22576,0,0,0.08415794929789841,0.8147810218978102
51263,0,1,0.08415794929789841,0.8147810218978102
56064,0,1,0.08415794929789841,0.8147810218978102
38879,0,0,0.08415794929789841,0.8147810218978102
98361,1,0,0.08415794929789841,0.8147810218978102
92122,1,1,0.08415794929789841,0.8147810218978102
91279,0,1,0.08415794929789841,0.8147810218978102
1958,0,1,0.08415794929789841,0.8147810218978102
16034,0,1,0.08415794929789841,0.8147810218978102
47783,0,0,0.08415794929789841,0.8147810218978102
54383,0,1,0.08415794929789841,0.8147810218978102
36789,1,0,0.08415794929789841,0.8147810218978102
34939,0,1,0.08415794929789841,0.8147810218978102
40168,0,1,0.08415794929789841,0.8147810218978102
56651,0,0,0.08415794929789841,0.8147810218978102
780,0,1,0.08415794929789841,0.8147810218978102
39252,0,1,0.08415794929789841,0.8147810218978102
83804,0,1,0.08415794929789841,0.8147810218978102
22799,0,1,0.08415794929789841,0.8147810218978102
45704,0,1,0.08415794929789841,0.8147810218978102
45613,0,1,0.08415794929789841,0.8147810218978102
29702,0,0,0.08415794929789841,0.8147810218978102
95706,0,1,0.08415794929789841,0.8147810218978102
74502,0,0,0.08415794929789841,0.8147810218978102
14836,0,0,0.08415794929789841,0.8147810218978102
84421,0,1,0.08415794929789841,0.8147810218978102
55702,0,1,0.08415794929789841,0.8147810218978102
60298,0,0,0.08415794929789841,0.8147810218978102
75374,0,0,0.08415794929789841,0.8147810218978102
31235,0,0,0.08415794929789841,0.8147810218978102
16604,0,1,0.08415794929789841,0.8147810218978102
9979,0,0,0.08415794929789841,0.8147810218978102
16532,0,1,0.08415794929789841,0.8147810218978102
31427,0,0,0.08415794929789841,0.8147810218978102
76675,0,1,0.08415794929789841,0.8147810218978102
59811,0,0,0.08415794929789841,0.8147810218978102
55915,0,0,0.08415794929789841,0.8147810218978102
6348,0,0,0.08415794929789841,0.8147810218978102
38954,1,1,0.08415794929789841,0.8147810218978102
94568,0,1,0.08415794929789841,0.8147810218978102
40221,0,0,0.08415794929789841,0.8147810218978102
52412,0,1,0.08415794929789841,0.8147810218978102
2709,0,0,0.08415794929789841,0.8147810218978102
88283,0,1,0.08415794929789841,0.8147810218978102
70782,0,0,0.08415794929789841,0.8147810218978102
32634,0,0,0.08415794929789841,0.8147810218978102
51123,0,1,0.08415794929789841,0.8147810218978102
77196,0,0,0.08415794929789841,0.8147810218978102
62357,0,1,0.08415794929789841,0.8147810218978102
97766,0,1,0.08415794929789841,0.8147810218978102
16933,0,0,0.08415794929789841,0.8147810218978102
48735,0,1,0.08415794929789841,0.8147810218978102
69723,0,0,0.08415794929789841,0.8147810218978102
75814,0,0,0.08415794929789841,0.8147810218978102
96377,0,0,0.08415794929789841,0.8147810218978102
47815,0,1,0.08415794929789841,0.8147810218978102
98803,0,0,0.08415794929789841,0.8147810218978102
93936,0,0,0.08415794929789841,0.8147810218978102
34951,0,0,0.08415794929789841,0.8147810218978102
17184,0,1,0.08415794929789841,0.8147810218978102
12322,0,1,0.08415794929789841,0.8147810218978102
98116,0,1,0.08415794929789841,0.8147810218978102
76267,0,1,0.08415794929789841,0.8147810218978102
19171,0,0,0.08415794929789841,0.8147810218978102
18302,0,1,0.08415794929789841,0.8147810218978102
70639,0,1,0.08415794929789841,0.8147810218978102
29569,0,1,0.08415794929789841,0.8147810218978102
22380,0,1,0.08415794929789841,0.8147810218978102
40757,0,1,0.08415794929789841,0.8147810218978102
93837,0,1,0.08415794929789841,0.8147810218978102
94045,0,0,0.08415794929789841,0.8147810218978102
70105,0,0,0.08415794929789841,0.8147810218978102
8349,0,1,0.08415794929789841,0.8147810218978102
61993,0,1,0.08415794929789841,0.8147810218978102
88854,0,0,0.08415794929789841,0.8147810218978102
52441,0,1,0.08415794929789841,0.8147810218978102
71346,0,0,0.08415794929789841,0.8147810218978102
45166,0,1,0.08415794929789841,0.8147810218978102
2933,0,1,0.08415794929789841,0.8147810218978102
51073,0,0,0.08415794929789841,0.8147810218978102
80323,0,1,0.08415794929789841,0.8147810218978102
55506,0,0,0.08415794929789841,0.8147810218978102
23294,0,0,0.08415794929789841,0.8147810218978102
84158,0,1,0.08415794929789841,0.8147810218978102
2837,0,1,0.08415794929789841,0.8147810218978102
54166,0,1,0.08415794929789841,0.8147810218978102
81174,0,0,0.08415794929789841,0.8147810218978102
12385,0,1,0.08415794929789841,0.8147810218978102
62370,1,1,0.08415794929789841,0.8147810218978102
60176,0,1,0.08415794929789841,0.8147810218978102
10011,0,1,0.08415794929789841,0.8147810218978102
71556,0,0,0.08415794929789841,0.8147810218978102
77190,0,1,0.08415794929789841,0.8147810218978102
85356,0,1,0.08415794929789841,0.8147810218978102
81683,0,0,0.08415794929789841,0.8147810218978102
9153,0,1,0.08415794929789841,0.8147810218978102
44344,0,1,0.08415794929789841,0.8147810218978102
34166,0,0,0.08415794929789841,0.8147810218978102
71127,0,0,0.08415794929789841,0.8147810218978102
70718,0,0,0.08415794929789841,0.8147810218978102
84279,0,0,0.08415794929789841,0.8147810218978102
6330,0,0,0.08415794929789841,0.8147810218978102
75447,0,1,0.08415794929789841,0.8147810218978102
70452,0,0,0.08415794929789841,0.8147810218978102
19406,0,1,0.08415794929789841,0.8147810218978102
65425,0,0,0.08415794929789841,0.8147810218978102
4631,0,0,0.08415794929789841,0.8147810218978102
39145,0,1,0.08415794929789841,0.8147810218978102
25606,0,1,0.08415794929789841,0.8147810218978102
18356,0,0,0.08415794929789841,0.8147810218978102
60574,0,0,0.08415794929789841,0.8147810218978102
95069,0,1,0.08415794929789841,0.8147810218978102
80602,0,1,0.08415794929789841,0.8147810218978102
40758,0,1,0.08415794929789841,0.8147810218978102
53539,0,1,0.08415794929789841,0.8147810218978102
71771,0,1,0.08415794929789841,0.8147810218978102
14640,0,1,0.08415794929789841,0.8147810218978102
16327,0,1,0.08415794929789841,0.8147810218978102
51281,1,1,0.08415794929789841,0.8147810218978102
31774,0,0,0.08415794929789841,0.8147810218978102
6322,0,0,0.08415794929789841,0.8147810218978102
39257,0,0,0.08415794929789841,0.8147810218978102
49,0,1,0.08415794929789841,0.8147810218978102
52081,0,1,0.08415794929789841,0.8147810218978102
53395,0,0,0.08415794929789841,0.8147810218978102
20785,0,1,0.08415794929789841,0.8147810218978102
65341,0,1,0.08415794929789841,0.8147810218978102
66892,0,1,0.08415794929789841,0.8147810218978102
3786,0,1,0.08415794929789841,0.8147810218978102
16317,0,0,0.08415794929789841,0.8147810218978102
89613,0,1,0.08415794929789841,0.8147810218978102
28563,0,0,0.08415794929789841,0.8147810218978102
45667,0,1,0.08415794929789841,0.8147810218978102
88092,0,1,0.08415794929789841,0.8147810218978102
96360,0,1,0.08415794929789841,0.8147810218978102
49709,0,1,0.08415794929789841,0.8147810218978102
3315,0,1,0.08415794929789841,0.8147810218978102
97458,0,0,0.08415794929789841,0.8147810218978102
51438,0,0,0.08415794929789841,0.8147810218978102
8623,0,0,0.08415794929789841,0.8147810218978102
73336,0,0,0.08415794929789841,0.8147810218978102
58887,0,1,0.08415794929789841,0.8147810218978102
96712,1,1,0.08415794929789841,0.8147810218978102
30467,0,1,0.08415794929789841,0.8147810218978102
76624,0,0,0.08415794929789841,0.8147810218978102
48183,0,1,0.08415794929789841,0.8147810218978102
88721,0,1,0.08415794929789841,0.8147810218978102
74709,0,0,0.08415794929789841,0.8147810218978102
85301,0,0,0.08415794929789841,0.8147810218978102
34513,0,0,0.08415794929789841,0.8147810218978102
88000,0,0,0.08415794929789841,0.8147810218978102
12995,0,1,0.08415794929789841,0.8147810218978102
94241,0,1,0.08415794929789841,0.8147810218978102
60096,0,1,0.08415794929789841,0.8147810218978102
7152,0,0,0.08415794929789841,0.8147810218978102
30104,0,1,0.08415794929789841,0.8147810218978102
91669,0,1,0.08415794929789841,0.8147810218978102
26746,0,1,0.08415794929789841,0.8147810218978102
60183,0,0,0.08415794929789841,0.8147810218978102
12270,0,0,0.08415794929789841,0.8147810218978102
93072,0,1,0.08415794929789841,0.8147810218978102
79320,0,0,0.08415794929789841,0.8147810218978102
71954,0,0,0.08415794929789841,0.8147810218978102
50317,0,1,0.08415794929789841,0.8147810218978102
17102,0,1,0.08415794929789841,0.8147810218978102
23958,1,1,0.08415794929789841,0.8147810218978102
26283,0,1,0.08415794929789841,0.8147810218978102
12370,0,1,0.08415794929789841,0.8147810218978102
24257,0,0,0.08415794929789841,0.8147810218978102
20926,0,1,0.08415794929789841,0.8147810218978102
33545,0,1,0.08415794929789841,0.8147810218978102
49440,0,0,0.08415794929789841,0.8147810218978102
9616,0,1,0.08415794929789841,0.8147810218978102
3924,0,1,0.08415794929789841,0.8147810218978102
87800,0,0,0.08415794929789841,0.8147810218978102
5492,0,0,0.08415794929789841,0.8147810218978102
85375,0,1,0.08415794929789841,0.8147810218978102
74407,0,1,0.08415794929789841,0.8147810218978102
90876,0,0,0.08415794929789841,0.8147810218978102
22216,0,0,0.08415794929789841,0.8147810218978102
85202,0,1,0.08415794929789841,0.8147810218978102
94242,0,0,0.08415794929789841,0.8147810218978102
32482,0,0,0.08415794929789841,0.8147810218978102
63530,0,1,0.08415794929789841,0.8147810218978102
48545,0,1,0.08415794929789841,0.8147810218978102
7361,0,0,0.08415794929789841,0.8147810218978102
27583,1,0,0.08415794929789841,0.8147810218978102
68622,0,1,0.08415794929789841,0.8147810218978102
15083,0,1,0.08415794929789841,0.8147810218978102
99290,0,1,0.08415794929789841,0.8147810218978102
59913,0,1,0.08415794929789841,0.8147810218978102
62696,0,1,0.08415794929789841,0.8147810218978102
62429,0,1,0.08415794929789841,0.8147810218978102
17190,0,0,0.08415794929789841,0.8147810218978102
38134,0,1,0.08415794929789841,0.8147810218978102
8603,0,1,0.08415794929789841,0.8147810218978102
36633,0,1,0.08415794929789841,0.8147810218978102
47429,0,0,0.08415794929789841,0.8147810218978102
18421,0,1,0.08415794929789841,0.8147810218978102
83902,0,0,0.08415794929789841,0.8147810218978102
26271,0,0,0.08415794929789841,0.8147810218978102
85315,1,1,0.08415794929789841,0.8147810218978102
42441,0,1,0.08415794929789841,0.8147810218978102
51946,0,1,0.08415794929789841,0.8147810218978102
53315,0,1,0.08415794929789841,0.8147810218978102
39214,0,0,0.08415794929789841,0.8147810218978102
16216,0,1,0.08415794929789841,0.8147810218978102
20773,0,1,0.08415794929789841,0.8147810218978102
43066,0,1,0.08415794929789841,0.8147810218978102
95539,0,0,0.08415794929789841,0.8147810218978102
75270,0,0,0.08415794929789841,0.8147810218978102
52159,0,1,0.08415794929789841,0.8147810218978102
51784,0,0,0.08415794929789841,0.8147810218978102
14132,0,0,0.08415794929789841,0.8147810218978102
26286,0,0,0.08415794929789841,0.8147810218978102
88390,0,1,0.08415794929789841,0.8147810218978102
36317,0,0,0.08415794929789841,0.8147810218978102
74351,0,0,0.08415794929789841,0.8147810218978102
68993,0,1,0.08415794929789841,0.8147810218978102
17087,0,0,0.08415794929789841,0.8147810218978102
37177,0,0,0.08415794929789841,0.8147810218978102
4778,0,0,0.08415794929789841,0.8147810218978102
6614,0,1,0.08415794929789841,0.8147810218978102
15303,0,0,0.08415794929789841,0.8147810218978102
30178,0,1,0.08415794929789841,0.8147810218978102
84355,0,1,0.08415794929789841,0.8147810218978102
24358,0,0,0.08415794929789841,0.8147810218978102
3013,0,0,0.08415794929789841,0.8147810218978102
85344,0,0,0.08415794929789841,0.8147810218978102
48862,0,0,0.08415794929789841,0.8147810218978102
91780,0,1,0.08415794929789841,0.8147810218978102
46417,0,0,0.08415794929789841,0.8147810218978102
61744,0,0,0.08415794929789841,0.8147810218978102
38226,0,0,0.08415794929789841,0.8147810218978102
26759,0,1,0.08415794929789841,0.8147810218978102
88892,0,1,0.08415794929789841,0.8147810218978102
896,0,0,0.08415794929789841,0.8147810218978102
32320,0,0,0.08415794929789841,0.8147810218978102
64728,0,0,0.08415794929789841,0.8147810218978102
29844,0,0,0.08415794929789841,0.8147810218978102
71867,0,1,0.08415794929789841,0.8147810218978102
31680,0,1,0.08415794929789841,0.8147810218978102
51268,0,0,0.08415794929789841,0.8147810218978102
47047,0,1,0.08415794929789841,0.8147810218978102
75272,0,0,0.08415794929789841,0.8147810218978102
37578,0,1,0.08415794929789841,0.8147810218978102
1838,1,1,0.08415794929789841,0.8147810218978102
82497,0,1,0.08415794929789841,0.8147810218978102
75437,0,1,0.08415794929789841,0.8147810218978102
25394,0,1,0.08415794929789841,0.8147810218978102
84428,0,0,0.08415794929789841,0.8147810218978102
12091,0,1,0.08415794929789841,0.8147810218978102
57608,0,1,0.08415794929789841,0.8147810218978102
19259,0,1,0.08415794929789841,0.8147810218978102
82058,0,1,0.08415794929789841,0.8147810218978102
87647,0,1,0.08415794929789841,0.8147810218978102
27645,0,1,0.08415794929789841,0.8147810218978102
3467,0,0,0.08415794929789841,0.8147810218978102
95645,0,0,0.08415794929789841,0.8147810218978102
63136,0,1,0.08415794929789841,0.8147810218978102
7435,0,1,0.08415794929789841,0.8147810218978102
70970,1,1,0.08415794929789841,0.8147810218978102
17060,0,1,0.08415794929789841,0.8147810218978102
32460,0,0,0.08415794929789841,0.8147810218978102
24698,0,1,0.08415794929789841,0.8147810218978102
48573,0,0,0.08415794929789841,0.8147810218978102
24772,0,0,0.08415794929789841,0.8147810218978102
39846,0,1,0.08415794929789841,0.8147810218978102
35931,0,0,0.08415794929789841,0.8147810218978102
81525,0,0,0.08415794929789841,0.8147810218978102
10527,0,0,0.08415794929789841,0.8147810218978102
38015,0,1,0.08415794929789841,0.8147810218978102
76246,0,0,0.08415794929789841,0.8147810218978102
62045,0,1,0.08415794929789841,0.8147810218978102
70034,0,1,0.08415794929789841,0.8147810218978102
19152,0,0,0.08415794929789841,0.8147810218978102
5338,0,1,0.08415794929789841,0.8147810218978102
79612,0,1,0.08415794929789841,0.8147810218978102
23356,0,1,0.08415794929789841,0.8147810218978102
15918,0,1,0.08415794929789841,0.8147810218978102
30526,0,0,0.08415794929789841,0.8147810218978102
12813,0,0,0.08415794929789841,0.8147810218978102
97591,0,1,0.08415794929789841,0.8147810218978102
16829,0,0,0.08415794929789841,0.8147810218978102
53377,0,1,0.08415794929789841,0.8147810218978102
60721,0,1,0.08415794929789841,0.8147810218978102
28166,0,1,0.08415794929789841,0.8147810218978102
88154,0,0,0.08415794929789841,0.8147810218978102
35574,0,1,0.08415794929789841,0.8147810218978102
77090,0,0,0.08415794929789841,0.8147810218978102
1442,0,1,0.08415794929789841,0.8147810218978102
82585,0,0,0.08415794929789841,0.8147810218978102
48248,0,1,0.08415794929789841,0.8147810218978102
40254,0,0,0.08415794929789841,0.8147810218978102
79691,0,0,0.08415794929789841,0.8147810218978102
94369,0,1,0.08415794929789841,0.8147810218978102
16603,0,1,0.08415794929789841,0.8147810218978102
23502,1,1,0.08415794929789841,0.8147810218978102
9710,0,1,0.08415794929789841,0.8147810218978102
66540,0,1,0.08415794929789841,0.8147810218978102
73932,0,1,0.08415794929789841,0.8147810218978102
32303,0,1,0.08415794929789841,0.8147810218978102
11768,0,1,0.08415794929789841,0.8147810218978102
74389,0,1,0.08415794929789841,0.8147810218978102
56930,0,1,0.08415794929789841,0.8147810218978102
69208,0,0,0.08415794929789841,0.8147810218978102
1603,0,0,0.08415794929789841,0.8147810218978102
41539,0,0,0.08415794929789841,0.8147810218978102
89831,0,1,0.08415794929789841,0.8147810218978102
49143,1,1,0.08415794929789841,0.8147810218978102
78769,0,0,0.08415794929789841,0.8147810218978102
58465,0,1,0.08415794929789841,0.8147810218978102
63816,0,0,0.08415794929789841,0.8147810218978102
36742,0,1,0.08415794929789841,0.8147810218978102
48797,0,1,0.08415794929789841,0.8147810218978102
35675,0,0,0.08415794929789841,0.8147810218978102
22810,0,0,0.08415794929789841,0.8147810218978102
7642,1,1,0.08415794929789841,0.8147810218978102
28594,0,1,0.08415794929789841,0.8147810218978102
3526,0,0,0.08415794929789841,0.8147810218978102
68692,0,1,0.08415794929789841,0.8147810218978102
49311,0,1,0.08415794929789841,0.8147810218978102
93340,0,0,0.08415794929789841,0.8147810218978102
85956,0,1,0.08415794929789841,0.8147810218978102
79797,0,1,0.08415794929789841,0.8147810218978102
71513,0,0,0.08415794929789841,0.8147810218978102
13925,0,0,0.08415794929789841,0.8147810218978102
74975,0,0,0.08415794929789841,0.8147810218978102
50354,0,1,0.08415794929789841,0.8147810218978102
62279,0,0,0.08415794929789841,0.8147810218978102
84688,0,0,0.08415794929789841,0.8147810218978102
89257,0,1,0.08415794929789841,0.8147810218978102
19744,0,1,0.08415794929789841,0.8147810218978102
17177,0,1,0.08415794929789841,0.8147810218978102
83912,0,1,0.08415794929789841,0.8147810218978102
54040,0,1,0.08415794929789841,0.8147810218978102
31141,0,0,0.08415794929789841,0.8147810218978102
65978,0,0,0.08415794929789841,0.8147810218978102
84586,0,0,0.08415794929789841,0.8147810218978102
28289,0,0,0.08415794929789841,0.8147810218978102
3402,0,1,0.08415794929789841,0.8147810218978102
56713,0,1,0.08415794929789841,0.8147810218978102
72189,0,1,0.08415794929789841,0.8147810218978102
75235,0,1,0.08415794929789841,0.8147810218978102
72093,0,1,0.08415794929789841,0.8147810218978102
32257,0,1,0.08415794929789841,0.8147810218978102
58967,0,1,0.08415794929789841,0.8147810218978102
62839,0,0,0.08415794929789841,0.8147810218978102
82699,0,0,0.08415794929789841,0.8147810218978102
56278,0,1,0.08415794929789841,0.8147810218978102
67361,0,0,0.08415794929789841,0.8147810218978102
8517,0,0,0.08415794929789841,0.8147810218978102
42150,0,0,0.08415794929789841,0.8147810218978102
73794,0,0,0.08415794929789841,0.8147810218978102
12728,0,0,0.08415794929789841,0.8147810218978102
59491,0,1,0.08415794929789841,0.8147810218978102
29775,0,1,0.08415794929789841,0.8147810218978102
25569,0,0,0.08415794929789841,0.8147810218978102
3524,0,1,0.08415794929789841,0.8147810218978102
23812,0,0,0.08415794929789841,0.8147810218978102
41207,0,1,0.08415794929789841,0.8147810218978102
53534,0,1,0.08415794929789841,0.8147810218978102
39820,0,1,0.08415794929789841,0.8147810218978102
63020,0,1,0.08415794929789841,0.8147810218978102
8749,0,0,0.08415794929789841,0.8147810218978102
22564,0,0,0.08415794929789841,0.8147810218978102
97767,0,1,0.08415794929789841,0.8147810218978102
20483,0,1,0.08415794929789841,0.8147810218978102
52705,0,0,0.08415794929789841,0.8147810218978102
37710,0,0,0.08415794929789841,0.8147810218978102
11208,1,0,0.08415794929789841,0.8147810218978102
18612,0,0,0.08415794929789841,0.8147810218978102
5964,0,0,0.08415794929789841,0.8147810218978102
33342,1,1,0.08415794929789841,0.8147810218978102
51745,0,1,0.08415794929789841,0.8147810218978102
25307,0,0,0.08415794929789841,0.8147810218978102
19366,0,1,0.08415794929789841,0.8147810218978102
23716,0,0,0.08415794929789841,0.8147810218978102
245,0,1,0.08415794929789841,0.8147810218978102
77493,1,1,0.08415794929789841,0.8147810218978102
97413,0,0,0.08415794929789841,0.8147810218978102
95008,0,1,0.08415794929789841,0.8147810218978102
23841,0,1,0.08415794929789841,0.8147810218978102
76496,0,0,0.08415794929789841,0.8147810218978102
87909,0,1,0.08415794929789841,0.8147810218978102
54563,0,0,0.08415794929789841,0.8147810218978102
25709,0,1,0.08415794929789841,0.8147810218978102
2402,0,1,0.08415794929789841,0.8147810218978102
17375,0,1,0.08415794929789841,0.8147810218978102
40260,0,0,0.08415794929789841,0.8147810218978102
94716,0,1,0.08415794929789841,0.8147810218978102
35265,0,1,0.08415794929789841,0.8147810218978102
93314,0,0,0.08415794929789841,0.8147810218978102
75480,0,1,0.08415794929789841,0.8147810218978102
52226,0,1,0.08415794929789841,0.8147810218978102
61781,0,0,0.08415794929789841,0.8147810218978102
77278,0,1,0.08415794929789841,0.8147810218978102
8645,0,0,0.08415794929789841,0.8147810218978102
42438,0,1,0.08415794929789841,0.8147810218978102
71774,0,1,0.08415794929789841,0.8147810218978102
3356,1,1,0.08415794929789841,0.8147810218978102
25721,0,1,0.08415794929789841,0.8147810218978102
31992,0,0,0.08415794929789841,0.8147810218978102
48799,0,0,0.08415794929789841,0.8147810218978102
65729,0,0,0.08415794929789841,0.8147810218978102
28040,0,1,0.08415794929789841,0.8147810218978102
29323,0,1,0.08415794929789841,0.8147810218978102
93137,0,1,0.08415794929789841,0.8147810218978102
62668,0,0,0.08415794929789841,0.8147810218978102
2615,0,1,0.08415794929789841,0.8147810218978102
63495,0,1,0.08415794929789841,0.8147810218978102
2134,0,1,0.08415794929789841,0.8147810218978102
8811,1,1,0.08415794929789841,0.8147810218978102
3439,0,0,0.08415794929789841,0.8147810218978102
95372,0,0,0.08415794929789841,0.8147810218978102
4587,0,1,0.08415794929789841,0.8147810218978102
38206,0,0,0.08415794929789841,0.8147810218978102
83547,1,1,0.08415794929789841,0.8147810218978102
9587,0,0,0.08415794929789841,0.8147810218978102
92285,0,0,0.08415794929789841,0.8147810218978102
44843,0,0,0.08415794929789841,0.8147810218978102
24274,0,0,0.08415794929789841,0.8147810218978102
97145,0,0,0.08415794929789841,0.8147810218978102
92186,0,1,0.08415794929789841,0.8147810218978102
29036,0,0,0.08415794929789841,0.8147810218978102
66746,0,0,0.08415794929789841,0.8147810218978102
81384,0,1,0.08415794929789841,0.8147810218978102
29575,0,0,0.08415794929789841,0.8147810218978102
64717,0,1,0.08415794929789841,0.8147810218978102
85658,0,0,0.08415794929789841,0.8147810218978102
67640,0,1,0.08415794929789841,0.8147810218978102
30491,0,1,0.08415794929789841,0.8147810218978102
82713,0,1,0.08415794929789841,0.8147810218978102
34144,1,1,0.08415794929789841,0.8147810218978102
67930,0,1,0.08415794929789841,0.8147810218978102
16351,0,1,0.08415794929789841,0.8147810218978102
64061,0,1,0.08415794929789841,0.8147810218978102
55519,0,1,0.08415794929789841,0.8147810218978102
7405,0,1,0.08415794929789841,0.8147810218978102
87162,0,1,0.08415794929789841,0.8147810218978102
47787,0,0,0.08415794929789841,0.8147810218978102
69087,0,0,0.08415794929789841,0.8147810218978102
13668,0,0,0.08415794929789841,0.8147810218978102
53019,0,1,0.08415794929789841,0.8147810218978102
62549,0,0,0.08415794929789841,0.8147810218978102
40105,0,1,0.08415794929789841,0.8147810218978102
65292,0,0,0.08415794929789841,0.8147810218978102
24392,1,1,0.08415794929789841,0.8147810218978102
72841,0,1,0.08415794929789841,0.8147810218978102
15024,0,1,0.08415794929789841,0.8147810218978102
65192,0,0,0.08415794929789841,0.8147810218978102
96508,0,0,0.08415794929789841,0.8147810218978102
53070,0,0,0.08415794929789841,0.8147810218978102
95900,0,1,0.08415794929789841,0.8147810218978102
48201,0,0,0.08415794929789841,0.8147810218978102
76982,0,0,0.08415794929789841,0.8147810218978102
55234,0,0,0.08415794929789841,0.8147810218978102
16353,0,1,0.08415794929789841,0.8147810218978102
95765,0,0,0.08415794929789841,0.8147810218978102
64790,0,0,0.08415794929789841,0.8147810218978102
45087,0,0,0.08415794929789841,0.8147810218978102
75995,0,0,0.08415794929789841,0.8147810218978102
73531,0,0,0.08415794929789841,0.8147810218978102
79186,0,1,0.08415794929789841,0.8147810218978102
3368,0,0,0.08415794929789841,0.8147810218978102
73279,0,0,0.08415794929789841,0.8147810218978102
12312,0,1,0.08415794929789841,0.8147810218978102
17663,0,0,0.08415794929789841,0.8147810218978102
32781,0,0,0.08415794929789841,0.8147810218978102
28258,0,0,0.08415794929789841,0.8147810218978102
37841,0,0,0.08415794929789841,0.8147810218978102
65711,0,0,0.08415794929789841,0.8147810218978102
24816,0,0,0.08415794929789841,0.8147810218978102
98791,0,1,0.08415794929789841,0.8147810218978102
27607,0,1,0.08415794929789841,0.8147810218978102
91988,0,0,0.08415794929789841,0.8147810218978102
4375,0,0,0.08415794929789841,0.8147810218978102
13737,0,1,0.08415794929789841,0.8147810218978102
34812,0,1,0.08415794929789841,0.8147810218978102
37907,0,0,0.08415794929789841,0.8147810218978102
82068,1,0,0.08415794929789841,0.8147810218978102
4295,0,1,0.08415794929789841,0.8147810218978102
5055,1,1,0.08415794929789841,0.8147810218978102
18441,0,1,0.08415794929789841,0.8147810218978102
98579,0,1,0.08415794929789841,0.8147810218978102
88081,1,1,0.08415794929789841,0.8147810218978102
56519,0,1,0.08415794929789841,0.8147810218978102
74804,0,0,0.08415794929789841,0.8147810218978102
23534,0,0,0.08415794929789841,0.8147810218978102
76143,0,0,0.08415794929789841,0.8147810218978102
78084,0,1,0.08415794929789841,0.8147810218978102
79798,0,1,0.08415794929789841,0.8147810218978102
92768,0,1,0.08415794929789841,0.8147810218978102
66312,0,1,0.08415794929789841,0.8147810218978102
86344,0,1,0.08415794929789841,0.8147810218978102
30360,0,1,0.08415794929789841,0.8147810218978102
73114,0,1,0.08415794929789841,0.8147810218978102
40467,0,1,0.08415794929789841,0.8147810218978102
59579,0,0,0.08415794929789841,0.8147810218978102
99347,0,1,0.08415794929789841,0.8147810218978102
41848,0,0,0.08415794929789841,0.8147810218978102
91687,0,1,0.08415794929789841,0.8147810218978102
75778,0,1,0.08415794929789841,0.8147810218978102
94322,0,0,0.08415794929789841,0.8147810218978102
32311,0,0,0.08415794929789841,0.8147810218978102
34483,0,1,0.08415794929789841,0.8147810218978102
34320,0,0,0.08415794929789841,0.8147810218978102
77968,0,0,0.08415794929789841,0.8147810218978102
49387,0,1,0.08415794929789841,0.8147810218978102
14614,0,1,0.08415794929789841,0.8147810218978102
79382,0,1,0.08415794929789841,0.8147810218978102
86506,0,1,0.08415794929789841,0.8147810218978102
35401,0,1,0.08415794929789841,0.8147810218978102
9716,0,0,0.08415794929789841,0.8147810218978102
56715,0,1,0.08415794929789841,0.8147810218978102
40902,0,0,0.08415794929789841,0.8147810218978102
39436,0,1,0.08415794929789841,0.8147810218978102
26237,0,1,0.08415794929789841,0.8147810218978102
42862,0,0,0.08415794929789841,0.8147810218978102
3597,0,0,0.08415794929789841,0.8147810218978102
64629,0,0,0.08415794929789841,0.8147810218978102
26891,0,1,0.08415794929789841,0.8147810218978102
97759,0,0,0.08415794929789841,0.8147810218978102
64155,0,0,0.08415794929789841,0.8147810218978102
3398,0,0,0.08415794929789841,0.8147810218978102
93198,0,1,0.08415794929789841,0.8147810218978102
72992,0,1,0.08415794929789841,0.8147810218978102
59065,0,0,0.08415794929789841,0.8147810218978102
31326,0,0,0.08415794929789841,0.8147810218978102
13436,0,1,0.08415794929789841,0.8147810218978102
98315,0,1,0.08415794929789841,0.8147810218978102
45488,0,1,0.08415794929789841,0.8147810218978102
53578,0,1,0.08415794929789841,0.8147810218978102
278,0,1,0.08415794929789841,0.8147810218978102
15922,0,0,0.08415794929789841,0.8147810218978102
97943,0,0,0.08415794929789841,0.8147810218978102
2614,0,1,0.08415794929789841,0.8147810218978102
5134,0,0,0.08415794929789841,0.8147810218978102
24832,1,0,0.08415794929789841,0.8147810218978102
7630,0,0,0.08415794929789841,0.8147810218978102
77997,0,1,0.08415794929789841,0.8147810218978102
64212,0,1,0.08415794929789841,0.8147810218978102
83621,0,0,0.08415794929789841,0.8147810218978102
82121,0,0,0.08415794929789841,0.8147810218978102
5836,0,0,0.08415794929789841,0.8147810218978102
4051,0,0,0.08415794929789841,0.8147810218978102
30155,0,1,0.08415794929789841,0.8147810218978102
47410,0,1,0.08415794929789841,0.8147810218978102
47181,0,0,0.08415794929789841,0.8147810218978102
26395,0,0,0.08415794929789841,0.8147810218978102
33225,0,0,0.08415794929789841,0.8147810218978102
47678,0,1,0.08415794929789841,0.8147810218978102
98028,0,0,0.08415794929789841,0.8147810218978102
64658,0,0,0.08415794929789841,0.8147810218978102
84432,0,1,0.08415794929789841,0.8147810218978102
22300,0,1,0.08415794929789841,0.8147810218978102
55652,1,1,0.08415794929789841,0.8147810218978102
47322,0,0,0.08415794929789841,0.8147810218978102
68298,0,0,0.08415794929789841,0.8147810218978102
40912,0,1,0.08415794929789841,0.8147810218978102
22805,0,1,0.08415794929789841,0.8147810218978102
29642,0,0,0.08415794929789841,0.8147810218978102
65498,0,1,0.08415794929789841,0.8147810218978102
36233,0,0,0.08415794929789841,0.8147810218978102
77587,0,1,0.08415794929789841,0.8147810218978102
29342,0,1,0.08415794929789841,0.8147810218978102
86852,0,1,0.08415794929789841,0.8147810218978102
41670,0,1,0.08415794929789841,0.8147810218978102
88060,0,0,0.08415794929789841,0.8147810218978102
37648,0,0,0.08415794929789841,0.8147810218978102
68452,0,0,0.08415794929789841,0.8147810218978102
74766,0,0,0.08415794929789841,0.8147810218978102
96445,0,0,0.08415794929789841,0.8147810218978102
73727,0,0,0.08415794929789841,0.8147810218978102
69531,0,1,0.08415794929789841,0.8147810218978102
49178,0,1,0.08415794929789841,0.8147810218978102
81630,0,1,0.08415794929789841,0.8147810218978102
68297,0,1,0.08415794929789841,0.8147810218978102
84272,0,0,0.08415794929789841,0.8147810218978102
19428,0,0,0.08415794929789841,0.8147810218978102
49534,0,0,0.08415794929789841,0.8147810218978102
9951,0,1,0.08415794929789841,0.8147810218978102
21755,0,0,0.08415794929789841,0.8147810218978102
41922,1,0,0.08415794929789841,0.8147810218978102
14999,0,1,0.08415794929789841,0.8147810218978102
79220,0,0,0.08415794929789841,0.8147810218978102
38727,0,0,0.08415794929789841,0.8147810218978102
56996,0,1,0.08415794929789841,0.8147810218978102
14051,0,1,0.08415794929789841,0.8147810218978102
72425,0,0,0.08415794929789841,0.8147810218978102
72567,0,0,0.08415794929789841,0.8147810218978102
86789,0,1,0.08415794929789841,0.8147810218978102
78435,0,0,0.08415794929789841,0.8147810218978102
77749,0,1,0.08415794929789841,0.8147810218978102
35697,0,1,0.08415794929789841,0.8147810218978102
64638,0,0,0.08415794929789841,0.8147810218978102
31166,0,0,0.08415794929789841,0.8147810218978102
39322,0,0,0.08415794929789841,0.8147810218978102
11663,0,1,0.08415794929789841,0.8147810218978102
6359,1,1,0.08415794929789841,0.8147810218978102
86165,0,0,0.08415794929789841,0.8147810218978102
13739,0,0,0.08415794929789841,0.8147810218978102
170,0,0,0.08415794929789841,0.8147810218978102
40470,0,1,0.08415794929789841,0.8147810218978102
83610,0,0,0.08415794929789841,0.8147810218978102
70322,1,1,0.08415794929789841,0.8147810218978102
83734,0,0,0.08415794929789841,0.8147810218978102
33189,0,1,0.08415794929789841,0.8147810218978102
25932,0,0,0.08415794929789841,0.8147810218978102
5057,0,0,0.08415794929789841,0.8147810218978102
86,0,1,0.08415794929789841,0.8147810218978102
73455,0,1,0.08415794929789841,0.8147810218978102
25362,0,0,0.08415794929789841,0.8147810218978102
42377,1,1,0.08415794929789841,0.8147810218978102
30294,0,1,0.08415794929789841,0.8147810218978102
12288,0,0,0.08415794929789841,0.8147810218978102
6380,0,1,0.08415794929789841,0.8147810218978102
52763,0,0,0.08415794929789841,0.8147810218978102
29165,0,0,0.08415794929789841,0.8147810218978102
23571,0,1,0.08415794929789841,0.8147810218978102
66291,1,0,0.08415794929789841,0.8147810218978102
58641,0,1,0.08415794929789841,0.8147810218978102
40602,0,1,0.08415794929789841,0.8147810218978102
18470,0,1,0.08415794929789841,0.8147810218978102
91030,0,1,0.08415794929789841,0.8147810218978102
45863,0,1,0.08415794929789841,0.8147810218978102
70939,0,0,0.08415794929789841,0.8147810218978102
10983,0,1,0.08415794929789841,0.8147810218978102
39054,1,1,0.08415794929789841,0.8147810218978102
64249,0,1,0.08415794929789841,0.8147810218978102
29766,0,0,0.08415794929789841,0.8147810218978102
5380,0,1,0.08415794929789841,0.8147810218978102
2309,0,1,0.08415794929789841,0.8147810218978102
51278,1,1,0.08415794929789841,0.8147810218978102
6807,0,1,0.08415794929789841,0.8147810218978102
7939,0,0,0.08415794929789841,0.8147810218978102
18088,0,0,0.08415794929789841,0.8147810218978102
68645,0,1,0.08415794929789841,0.8147810218978102
52240,0,1,0.08415794929789841,0.8147810218978102
1552,0,0,0.08415794929789841,0.8147810218978102
61351,0,0,0.08415794929789841,0.8147810218978102
2121,0,0,0.08415794929789841,0.8147810218978102
46384,0,0,0.08415794929789841,0.8147810218978102
2098,0,0,0.08415794929789841,0.8147810218978102
4916,0,0,0.08415794929789841,0.8147810218978102
38837,0,1,0.08415794929789841,0.8147810218978102
16361,0,0,0.08415794929789841,0.8147810218978102
51484,0,0,0.08415794929789841,0.8147810218978102
11959,0,0,0.08415794929789841,0.8147810218978102
59046,0,0,0.08415794929789841,0.8147810218978102
83481,0,1,0.08415794929789841,0.8147810218978102
44493,0,1,0.08415794929789841,0.8147810218978102
17973,0,1,0.08415794929789841,0.8147810218978102
39400,0,0,0.08415794929789841,0.8147810218978102
49363,0,1,0.08415794929789841,0.8147810218978102
96060,0,0,0.08415794929789841,0.8147810218978102
29662,0,0,0.08415794929789841,0.8147810218978102
27262,0,0,0.08415794929789841,0.8147810218978102
62782,0,1,0.08415794929789841,0.8147810218978102
17317,0,1,0.08415794929789841,0.8147810218978102
78618,1,1,0.08415794929789841,0.8147810218978102
2877,0,1,0.08415794929789841,0.8147810218978102
7599,1,1,0.08415794929789841,0.8147810218978102
78448,0,0,0.08415794929789841,0.8147810218978102
20285,0,0,0.08415794929789841,0.8147810218978102
29050,1,1,0.08415794929789841,0.8147810218978102
25113,0,0,0.08415794929789841,0.8147810218978102
98463,1,1,0.08415794929789841,0.8147810218978102
95531,0,1,0.08415794929789841,0.8147810218978102
42633,0,1,0.08415794929789841,0.8147810218978102
84036,0,0,0.08415794929789841,0.8147810218978102
40232,0,1,0.08415794929789841,0.8147810218978102
56457,0,1,0.08415794929789841,0.8147810218978102
37695,0,1,0.08415794929789841,0.8147810218978102
81000,0,1,0.08415794929789841,0.8147810218978102
71187,0,0,0.08415794929789841,0.8147810218978102
36658,0,0,0.08415794929789841,0.8147810218978102
93066,0,0,0.08415794929789841,0.8147810218978102
79121,0,0,0.08415794929789841,0.8147810218978102
12697,0,0,0.08415794929789841,0.8147810218978102
43947,0,1,0.08415794929789841,0.8147810218978102
20967,0,1,0.08415794929789841,0.8147810218978102
90822,0,1,0.08415794929789841,0.8147810218978102
19115,0,0,0.08415794929789841,0.8147810218978102
36495,0,0,0.08415794929789841,0.8147810218978102
5987,0,0,0.08415794929789841,0.8147810218978102
43711,0,0,0.08415794929789841,0.8147810218978102
6732,0,0,0.08415794929789841,0.8147810218978102
46904,0,1,0.08415794929789841,0.8147810218978102
45365,0,0,0.08415794929789841,0.8147810218978102
99836,0,1,0.08415794929789841,0.8147810218978102
63282,0,0,0.08415794929789841,0.8147810218978102
39910,0,1,0.08415794929789841,0.8147810218978102
24004,0,0,0.08415794929789841,0.8147810218978102
65683,0,0,0.08415794929789841,0.8147810218978102
49309,0,1,0.08415794929789841,0.8147810218978102
82991,0,0,0.08415794929789841,0.8147810218978102
68575,0,0,0.08415794929789841,0.8147810218978102
98159,0,0,0.08415794929789841,0.8147810218978102
89178,0,1,0.08415794929789841,0.8147810218978102
72429,0,0,0.08415794929789841,0.8147810218978102
12585,0,1,0.08415794929789841,0.8147810218978102
93318,0,1,0.08415794929789841,0.8147810218978102
94330,0,1,0.08415794929789841,0.8147810218978102
58600,0,1,0.08415794929789841,0.8147810218978102
90712,0,1,0.08415794929789841,0.8147810218978102
39909,0,1,0.08415794929789841,0.8147810218978102
49061,0,0,0.08415794929789841,0.8147810218978102
93421,0,1,0.08415794929789841,0.8147810218978102
41671,0,0,0.08415794929789841,0.8147810218978102
41236,0,1,0.08415794929789841,0.8147810218978102
41104,0,1,0.08415794929789841,0.8147810218978102
98369,0,1,0.08415794929789841,0.8147810218978102
62551,0,1,0.08415794929789841,0.8147810218978102
18054,0,1,0.08415794929789841,0.8147810218978102
52896,0,1,0.08415794929789841,0.8147810218978102
67134,0,1,0.08415794929789841,0.8147810218978102
68426,0,0,0.08415794929789841,0.8147810218978102
7444,0,0,0.08415794929789841,0.8147810218978102
20190,0,0,0.08415794929789841,0.8147810218978102
30624,0,0,0.08415794929789841,0.8147810218978102
9644,0,1,0.08415794929789841,0.8147810218978102
58446,0,1,0.08415794929789841,0.8147810218978102
49477,0,1,0.08415794929789841,0.8147810218978102
99433,0,1,0.08415794929789841,0.8147810218978102
23528,0,0,0.08415794929789841,0.8147810218978102
69411,0,1,0.08415794929789841,0.8147810218978102
9290,0,0,0.08415794929789841,0.8147810218978102
67448,0,1,0.08415794929789841,0.8147810218978102
59628,0,0,0.08415794929789841,0.8147810218978102
18482,0,1,0.08415794929789841,0.8147810218978102
88671,0,0,0.08415794929789841,0.8147810218978102
91798,1,1,0.08415794929789841,0.8147810218978102
43512,0,0,0.08415794929789841,0.8147810218978102
61804,0,1,0.08415794929789841,0.8147810218978102
87071,0,1,0.08415794929789841,0.8147810218978102
25935,0,0,0.08415794929789841,0.8147810218978102
53583,0,1,0.08415794929789841,0.8147810218978102
26440,0,0,0.08415794929789841,0.8147810218978102
46533,0,1,0.08415794929789841,0.8147810218978102
57274,0,0,0.08415794929789841,0.8147810218978102
23523,0,1,0.08415794929789841,0.8147810218978102
30573,0,1,0.08415794929789841,0.8147810218978102
57214,0,1,0.08415794929789841,0.8147810218978102
88277,0,1,0.08415794929789841,0.8147810218978102
9251,0,1,0.08415794929789841,0.8147810218978102
31974,0,0,0.08415794929789841,0.8147810218978102
55078,0,1,0.08415794929789841,0.8147810218978102
75876,0,1,0.08415794929789841,0.8147810218978102
81700,0,0,0.08415794929789841,0.8147810218978102
77876,0,0,0.08415794929789841,0.8147810218978102
8316,0,1,0.08415794929789841,0.8147810218978102
93057,0,0,0.08415794929789841,0.8147810218978102
9981,0,1,0.08415794929789841,0.8147810218978102
63735,1,0,0.08415794929789841,0.8147810218978102
57009,0,0,0.08415794929789841,0.8147810218978102
99350,0,1,0.08415794929789841,0.8147810218978102
32080,0,1,0.08415794929789841,0.8147810218978102
8125,0,0,0.08415794929789841,0.8147810218978102
20414,0,0,0.08415794929789841,0.8147810218978102
94725,0,0,0.08415794929789841,0.8147810218978102
8351,0,1,0.08415794929789841,0.8147810218978102
69292,0,0,0.08415794929789841,0.8147810218978102
66771,0,1,0.08415794929789841,0.8147810218978102
67792,1,1,0.08415794929789841,0.8147810218978102
29648,0,0,0.08415794929789841,0.8147810218978102
52885,0,0,0.08415794929789841,0.8147810218978102
14034,0,0,0.08415794929789841,0.8147810218978102
81428,0,1,0.08415794929789841,0.8147810218978102
65906,0,1,0.08415794929789841,0.8147810218978102
64578,0,0,0.08415794929789841,0.8147810218978102
98257,0,0,0.08415794929789841,0.8147810218978102
65269,0,0,0.08415794929789841,0.8147810218978102
38106,0,0,0.08415794929789841,0.8147810218978102
72740,0,1,0.08415794929789841,0.8147810218978102
22344,0,0,0.08415794929789841,0.8147810218978102
29946,0,1,0.08415794929789841,0.8147810218978102
48000,0,1,0.08415794929789841,0.8147810218978102
95025,0,0,0.08415794929789841,0.8147810218978102
66689,0,1,0.08415794929789841,0.8147810218978102
75348,0,0,0.08415794929789841,0.8147810218978102
14639,0,0,0.08415794929789841,0.8147810218978102
11697,0,0,0.08415794929789841,0.8147810218978102
61975,0,1,0.08415794929789841,0.8147810218978102
42543,0,1,0.08415794929789841,0.8147810218978102
66968,0,0,0.08415794929789841,0.8147810218978102
5041,0,0,0.08415794929789841,0.8147810218978102
22130,0,1,0.08415794929789841,0.8147810218978102
53829,0,0,0.08415794929789841,0.8147810218978102
14991,0,0,0.08415794929789841,0.8147810218978102
10012,0,1,0.08415794929789841,0.8147810218978102
11392,0,1,0.08415794929789841,0.8147810218978102
85718,0,1,0.08415794929789841,0.8147810218978102
85728,0,1,0.08415794929789841,0.8147810218978102
58772,0,1,0.08415794929789841,0.8147810218978102
16181,0,0,0.08415794929789841,0.8147810218978102
30053,0,1,0.08415794929789841,0.8147810218978102
29779,0,0,0.08415794929789841,0.8147810218978102
98372,0,1,0.08415794929789841,0.8147810218978102
84488,1,1,0.08415794929789841,0.8147810218978102
98030,0,1,0.08415794929789841,0.8147810218978102
30332,0,0,0.08415794929789841,0.8147810218978102
4918,0,1,0.08415794929789841,0.8147810218978102
95905,0,0,0.08415794929789841,0.8147810218978102
55464,0,1,0.08415794929789841,0.8147810218978102
37771,0,0,0.08415794929789841,0.8147810218978102
16768,0,1,0.08415794929789841,0.8147810218978102
60476,1,1,0.08415794929789841,0.8147810218978102
16164,0,0,0.08415794929789841,0.8147810218978102
15952,0,0,0.08415794929789841,0.8147810218978102
3536,0,1,0.08415794929789841,0.8147810218978102
45758,0,0,0.08415794929789841,0.8147810218978102
55677,0,1,0.08415794929789841,0.8147810218978102
19517,0,1,0.08415794929789841,0.8147810218978102
89019,0,0,0.08415794929789841,0.8147810218978102
42815,0,0,0.08415794929789841,0.8147810218978102
73584,0,0,0.08415794929789841,0.8147810218978102
47720,0,0,0.08415794929789841,0.8147810218978102
60247,0,0,0.08415794929789841,0.8147810218978102
57008,0,1,0.08415794929789841,0.8147810218978102
70568,0,1,0.08415794929789841,0.8147810218978102
98865,0,1,0.08415794929789841,0.8147810218978102
46243,0,0,0.08415794929789841,0.8147810218978102
64825,0,0,0.08415794929789841,0.8147810218978102
10415,0,1,0.08415794929789841,0.8147810218978102
60033,0,1,0.08415794929789841,0.8147810218978102
55676,0,1,0.08415794929789841,0.8147810218978102
45383,0,0,0.08415794929789841,0.8147810218978102
71878,0,1,0.08415794929789841,0.8147810218978102
28530,0,1,0.08415794929789841,0.8147810218978102
78681,0,0,0.08415794929789841,0.8147810218978102
22032,1,1,0.08415794929789841,0.8147810218978102
23494,0,0,0.08415794929789841,0.8147810218978102
92123,0,1,0.08415794929789841,0.8147810218978102
50984,1,1,0.08415794929789841,0.8147810218978102
74329,0,0,0.08415794929789841,0.8147810218978102
82480,0,0,0.08415794929789841,0.8147810218978102
24943,0,1,0.08415794929789841,0.8147810218978102
64632,0,1,0.08415794929789841,0.8147810218978102
20425,0,0,0.08415794929789841,0.8147810218978102
89688,0,1,0.08415794929789841,0.8147810218978102
16147,0,0,0.08415794929789841,0.8147810218978102
37185,0,1,0.08415794929789841,0.8147810218978102
88590,0,1,0.08415794929789841,0.8147810218978102
18502,0,0,0.08415794929789841,0.8147810218978102
39389,0,0,0.08415794929789841,0.8147810218978102
62568,0,1,0.08415794929789841,0.8147810218978102
48036,0,0,0.08415794929789841,0.8147810218978102
80446,0,0,0.08415794929789841,0.8147810218978102
26000,0,0,0.08415794929789841,0.8147810218978102
75047,0,1,0.08415794929789841,0.8147810218978102
17265,1,1,0.08415794929789841,0.8147810218978102
30365,0,1,0.08415794929789841,0.8147810218978102
8387,0,1,0.08415794929789841,0.8147810218978102
7973,0,1,0.08415794929789841,0.8147810218978102
94443,0,1,0.08415794929789841,0.8147810218978102
42801,0,1,0.08415794929789841,0.8147810218978102
30453,0,1,0.08415794929789841,0.8147810218978102
54411,0,0,0.08415794929789841,0.8147810218978102
19410,0,0,0.08415794929789841,0.8147810218978102
11682,0,1,0.08415794929789841,0.8147810218978102
48844,0,0,0.08415794929789841,0.8147810218978102
38639,0,1,0.08415794929789841,0.8147810218978102
45031,0,0,0.08415794929789841,0.8147810218978102
74399,1,1,0.08415794929789841,0.8147810218978102
67337,0,0,0.08415794929789841,0.8147810218978102
30883,0,1,0.08415794929789841,0.8147810218978102
84846,0,0,0.08415794929789841,0.8147810218978102
46899,1,1,0.08415794929789841,0.8147810218978102
11126,0,1,0.08415794929789841,0.8147810218978102
44595,1,0,0.08415794929789841,0.8147810218978102
54838,1,1,0.08415794929789841,0.8147810218978102
57175,0,0,0.08415794929789841,0.8147810218978102
64720,0,0,0.08415794929789841,0.8147810218978102
20306,1,1,0.08415794929789841,0.8147810218978102
28354,0,0,0.08415794929789841,0.8147810218978102
66118,0,0,0.08415794929789841,0.8147810218978102
93216,0,0,0.08415794929789841,0.8147810218978102
13971,0,0,0.08415794929789841,0.8147810218978102
66579,0,0,0.08415794929789841,0.8147810218978102
28648,0,1,0.08415794929789841,0.8147810218978102
42165,0,1,0.08415794929789841,0.8147810218978102
44175,0,0,0.08415794929789841,0.8147810218978102
90032,0,1,0.08415794929789841,0.8147810218978102
41885,0,1,0.08415794929789841,0.8147810218978102
99532,0,1,0.08415794929789841,0.8147810218978102
11479,0,1,0.08415794929789841,0.8147810218978102
30772,0,1,0.08415794929789841,0.8147810218978102
31521,0,0,0.08415794929789841,0.8147810218978102
23096,0,0,0.08415794929789841,0.8147810218978102
87666,0,0,0.08415794929789841,0.8147810218978102
62495,0,0,0.08415794929789841,0.8147810218978102
99205,0,1,0.08415794929789841,0.8147810218978102
14036,0,1,0.08415794929789841,0.8147810218978102
53739,0,1,0.08415794929789841,0.8147810218978102
24001,0,1,0.08415794929789841,0.8147810218978102
59148,0,0,0.08415794929789841,0.8147810218978102
18465,0,1,0.08415794929789841,0.8147810218978102
53871,0,0,0.08415794929789841,0.8147810218978102
89088,0,0,0.08415794929789841,0.8147810218978102
50686,0,1,0.08415794929789841,0.8147810218978102
86455,0,1,0.08415794929789841,0.8147810218978102
79206,0,1,0.08415794929789841,0.8147810218978102
40924,1,0,0.08415794929789841,0.8147810218978102
40832,0,1,0.08415794929789841,0.8147810218978102
18050,0,1,0.08415794929789841,0.8147810218978102
89424,0,0,0.08415794929789841,0.8147810218978102
90717,0,1,0.08415794929789841,0.8147810218978102
26099,0,0,0.08415794929789841,0.8147810218978102
9802,0,0,0.08415794929789841,0.8147810218978102
3777,0,0,0.08415794929789841,0.8147810218978102
79670,0,0,0.08415794929789841,0.8147810218978102
71414,0,1,0.08415794929789841,0.8147810218978102
73206,0,1,0.08415794929789841,0.8147810218978102
56194,0,1,0.08415794929789841,0.8147810218978102
94754,0,1,0.08415794929789841,0.8147810218978102
21583,0,1,0.08415794929789841,0.8147810218978102
35296,0,1,0.08415794929789841,0.8147810218978102
20632,0,1,0.08415794929789841,0.8147810218978102
48628,0,0,0.08415794929789841,0.8147810218978102
26509,0,0,0.08415794929789841,0.8147810218978102
69338,0,1,0.08415794929789841,0.8147810218978102
73811,0,0,0.08415794929789841,0.8147810218978102
52691,1,1,0.08415794929789841,0.8147810218978102
4503,0,0,0.08415794929789841,0.8147810218978102
34415,0,1,0.08415794929789841,0.8147810218978102
68824,0,0,0.08415794929789841,0.8147810218978102
49242,0,1,0.08415794929789841,0.8147810218978102
44778,0,1,0.08415794929789841,0.8147810218978102
61557,0,1,0.08415794929789841,0.8147810218978102
78308,0,0,0.08415794929789841,0.8147810218978102
32122,0,0,0.08415794929789841,0.8147810218978102
76497,0,1,0.08415794929789841,0.8147810218978102
82376,0,0,0.08415794929789841,0.8147810218978102
87776,0,1,0.08415794929789841,0.8147810218978102
48406,0,1,0.08415794929789841,0.8147810218978102
70834,0,1,0.08415794929789841,0.8147810218978102
83620,0,1,0.08415794929789841,0.8147810218978102
82687,0,0,0.08415794929789841,0.8147810218978102
77947,0,0,0.08415794929789841,0.8147810218978102
23968,0,1,0.08415794929789841,0.8147810218978102
71575,0,0,0.08415794929789841,0.8147810218978102
96369,0,1,0.08415794929789841,0.8147810218978102
79298,0,1,0.08415794929789841,0.8147810218978102
5013,0,0,0.08415794929789841,0.8147810218978102
35267,0,0,0.08415794929789841,0.8147810218978102
31773,0,0,0.08415794929789841,0.8147810218978102
94009,0,1,0.08415794929789841,0.8147810218978102
31359,0,0,0.08415794929789841,0.8147810218978102
55735,0,0,0.08415794929789841,0.8147810218978102
9701,0,1,0.08415794929789841,0.8147810218978102
59332,0,0,0.08415794929789841,0.8147810218978102
6118,0,1,0.08415794929789841,0.8147810218978102
18156,0,1,0.08415794929789841,0.8147810218978102
58808,0,0,0.08415794929789841,0.8147810218978102
65728,0,0,0.08415794929789841,0.8147810218978102
10059,0,0,0.08415794929789841,0.8147810218978102
46659,0,1,0.08415794929789841,0.8147810218978102
45109,0,0,0.08415794929789841,0.8147810218978102
93050,0,1,0.08415794929789841,0.8147810218978102
67051,0,1,0.08415794929789841,0.8147810218978102
77245,0,0,0.08415794929789841,0.8147810218978102
22784,0,1,0.08415794929789841,0.8147810218978102
34520,0,0,0.08415794929789841,0.8147810218978102
96033,1,0,0.08415794929789841,0.8147810218978102
16669,0,0,0.08415794929789841,0.8147810218978102
56903,0,0,0.08415794929789841,0.8147810218978102
68117,0,0,0.08415794929789841,0.8147810218978102
10952,0,0,0.08415794929789841,0.8147810218978102
41735,0,0,0.08415794929789841,0.8147810218978102
97359,0,0,0.08415794929789841,0.8147810218978102
86755,0,0,0.08415794929789841,0.8147810218978102
35386,1,1,0.08415794929789841,0.8147810218978102
45285,0,1,0.08415794929789841,0.8147810218978102
25758,0,0,0.08415794929789841,0.8147810218978102
47994,0,0,0.08415794929789841,0.8147810218978102
2202,0,0,0.08415794929789841,0.8147810218978102
99685,0,1,0.08415794929789841,0.8147810218978102
9494,0,1,0.08415794929789841,0.8147810218978102
99560,0,1,0.08415794929789841,0.8147810218978102
22086,0,0,0.08415794929789841,0.8147810218978102
28312,0,0,0.08415794929789841,0.8147810218978102
56329,0,1,0.08415794929789841,0.8147810218978102
15871,0,0,0.08415794929789841,0.8147810218978102
21603,0,1,0.08415794929789841,0.8147810218978102
24591,0,0,0.08415794929789841,0.8147810218978102
97558,0,0,0.08415794929789841,0.8147810218978102
36028,0,0,0.08415794929789841,0.8147810218978102
89255,0,1,0.08415794929789841,0.8147810218978102
71163,0,0,0.08415794929789841,0.8147810218978102
64476,0,0,0.08415794929789841,0.8147810218978102
95012,0,0,0.08415794929789841,0.8147810218978102
8686,0,0,0.08415794929789841,0.8147810218978102
59637,0,0,0.08415794929789841,0.8147810218978102
83404,0,0,0.08415794929789841,0.8147810218978102
11363,0,0,0.08415794929789841,0.8147810218978102
66532,0,0,0.08415794929789841,0.8147810218978102
76940,0,1,0.08415794929789841,0.8147810218978102
73077,0,0,0.08415794929789841,0.8147810218978102
51920,0,0,0.08415794929789841,0.8147810218978102
52448,0,0,0.08415794929789841,0.8147810218978102
57615,0,1,0.08415794929789841,0.8147810218978102
17606,0,1,0.08415794929789841,0.8147810218978102
26125,0,1,0.08415794929789841,0.8147810218978102
51038,0,1,0.08415794929789841,0.8147810218978102
6556,0,1,0.08415794929789841,0.8147810218978102
81835,1,1,0.08415794929789841,0.8147810218978102
25777,0,0,0.08415794929789841,0.8147810218978102
73838,0,1,0.08415794929789841,0.8147810218978102
21579,0,0,0.08415794929789841,0.8147810218978102
64912,0,0,0.08415794929789841,0.8147810218978102
5400,0,1,0.08415794929789841,0.8147810218978102
74129,0,0,0.08415794929789841,0.8147810218978102
42955,0,0,0.08415794929789841,0.8147810218978102
46321,0,1,0.08415794929789841,0.8147810218978102
81820,0,0,0.08415794929789841,0.8147810218978102
22654,0,1,0.08415794929789841,0.8147810218978102
73812,0,1,0.08415794929789841,0.8147810218978102
23292,0,0,0.08415794929789841,0.8147810218978102
63604,1,1,0.08415794929789841,0.8147810218978102
76558,0,0,0.08415794929789841,0.8147810218978102
76043,0,1,0.08415794929789841,0.8147810218978102
68802,0,0,0.08415794929789841,0.8147810218978102
83316,0,1,0.08415794929789841,0.8147810218978102
82530,0,0,0.08415794929789841,0.8147810218978102
36563,0,1,0.08415794929789841,0.8147810218978102
62649,0,1,0.08415794929789841,0.8147810218978102
56274,0,1,0.08415794929789841,0.8147810218978102
1761,0,1,0.08415794929789841,0.8147810218978102
63186,0,1,0.08415794929789841,0.8147810218978102
4535,0,0,0.08415794929789841,0.8147810218978102
78066,0,1,0.08415794929789841,0.8147810218978102
49001,0,0,0.08415794929789841,0.8147810218978102
57103,0,1,0.08415794929789841,0.8147810218978102
12334,1,1,0.08415794929789841,0.8147810218978102
74678,0,0,0.08415794929789841,0.8147810218978102
7734,0,0,0.08415794929789841,0.8147810218978102
99302,0,0,0.08415794929789841,0.8147810218978102
81878,0,0,0.08415794929789841,0.8147810218978102
72308,0,0,0.08415794929789841,0.8147810218978102
77549,1,1,0.08415794929789841,0.8147810218978102
1313,0,0,0.08415794929789841,0.8147810218978102
46206,0,1,0.08415794929789841,0.8147810218978102
7058,0,1,0.08415794929789841,0.8147810218978102
77954,0,0,0.08415794929789841,0.8147810218978102
83252,0,0,0.08415794929789841,0.8147810218978102
12131,0,0,0.08415794929789841,0.8147810218978102
64908,0,0,0.08415794929789841,0.8147810218978102
595,0,1,0.08415794929789841,0.8147810218978102
43018,0,1,0.08415794929789841,0.8147810218978102
9666,0,1,0.08415794929789841,0.8147810218978102
53033,1,1,0.08415794929789841,0.8147810218978102
30979,1,0,0.08415794929789841,0.8147810218978102
15285,0,1,0.08415794929789841,0.8147810218978102
4436,1,1,0.08415794929789841,0.8147810218978102
8679,1,1,0.08415794929789841,0.8147810218978102
21148,0,1,0.08415794929789841,0.8147810218978102
20829,0,0,0.08415794929789841,0.8147810218978102
36383,0,0,0.08415794929789841,0.8147810218978102
27255,0,1,0.08415794929789841,0.8147810218978102
67456,0,1,0.08415794929789841,0.8147810218978102
40994,0,1,0.08415794929789841,0.8147810218978102
80239,0,1,0.08415794929789841,0.8147810218978102
28714,0,1,0.08415794929789841,0.8147810218978102
28703,0,0,0.08415794929789841,0.8147810218978102
36879,0,1,0.08415794929789841,0.8147810218978102
26995,0,0,0.08415794929789841,0.8147810218978102
26784,0,1,0.08415794929789841,0.8147810218978102
58682,0,0,0.08415794929789841,0.8147810218978102
27960,0,0,0.08415794929789841,0.8147810218978102
455,0,1,0.08415794929789841,0.8147810218978102
20612,0,1,0.08415794929789841,0.8147810218978102
75468,0,1,0.08415794929789841,0.8147810218978102
54241,1,0,0.08415794929789841,0.8147810218978102
6345,0,0,0.08415794929789841,0.8147810218978102
92193,0,1,0.08415794929789841,0.8147810218978102
81637,0,0,0.08415794929789841,0.8147810218978102
53390,0,1,0.08415794929789841,0.8147810218978102
6768,0,1,0.08415794929789841,0.8147810218978102
52561,0,0,0.08415794929789841,0.8147810218978102
94794,0,1,0.08415794929789841,0.8147810218978102
56710,0,1,0.08415794929789841,0.8147810218978102
8562,0,0,0.08415794929789841,0.8147810218978102
82237,0,1,0.08415794929789841,0.8147810218978102
65433,1,0,0.08415794929789841,0.8147810218978102
38045,0,1,0.08415794929789841,0.8147810218978102
65523,0,0,0.08415794929789841,0.8147810218978102
54360,0,0,0.08415794929789841,0.8147810218978102
67319,0,1,0.08415794929789841,0.8147810218978102
99382,0,1,0.08415794929789841,0.8147810218978102
87277,0,0,0.08415794929789841,0.8147810218978102
74442,0,1,0.08415794929789841,0.8147810218978102
21408,0,0,0.08415794929789841,0.8147810218978102
4575,0,0,0.08415794929789841,0.8147810218978102
82931,0,0,0.08415794929789841,0.8147810218978102
55101,0,0,0.08415794929789841,0.8147810218978102
11835,0,1,0.08415794929789841,0.8147810218978102
30129,0,1,0.08415794929789841,0.8147810218978102
97814,0,0,0.08415794929789841,0.8147810218978102
53207,0,0,0.08415794929789841,0.8147810218978102
53378,0,1,0.08415794929789841,0.8147810218978102
97914,0,0,0.08415794929789841,0.8147810218978102
19176,0,1,0.08415794929789841,0.8147810218978102
28669,0,1,0.08415794929789841,0.8147810218978102
97050,0,1,0.08415794929789841,0.8147810218978102
60646,0,0,0.08415794929789841,0.8147810218978102
79291,0,1,0.08415794929789841,0.8147810218978102
74324,0,1,0.08415794929789841,0.8147810218978102
29786,0,1,0.08415794929789841,0.8147810218978102
49863,1,1,0.08415794929789841,0.8147810218978102
28678,0,1,0.08415794929789841,0.8147810218978102
70171,0,0,0.08415794929789841,0.8147810218978102
67781,0,0,0.08415794929789841,0.8147810218978102
22313,0,1,0.08415794929789841,0.8147810218978102
35256,0,0,0.08415794929789841,0.8147810218978102
48068,0,1,0.08415794929789841,0.8147810218978102
49918,0,1,0.08415794929789841,0.8147810218978102
49712,0,1,0.08415794929789841,0.8147810218978102
14047,0,0,0.08415794929789841,0.8147810218978102
15521,0,0,0.08415794929789841,0.8147810218978102
87605,0,1,0.08415794929789841,0.8147810218978102
28005,0,0,0.08415794929789841,0.8147810218978102
11357,0,1,0.08415794929789841,0.8147810218978102
64484,0,0,0.08415794929789841,0.8147810218978102
56011,0,0,0.08415794929789841,0.8147810218978102
31897,0,1,0.08415794929789841,0.8147810218978102
43594,0,1,0.08415794929789841,0.8147810218978102
27093,0,0,0.08415794929789841,0.8147810218978102
52491,0,0,0.08415794929789841,0.8147810218978102
530,0,1,0.08415794929789841,0.8147810218978102
43272,0,0,0.08415794929789841,0.8147810218978102
92633,0,1,0.08415794929789841,0.8147810218978102
40402,0,0,0.08415794929789841,0.8147810218978102
91634,0,0,0.08415794929789841,0.8147810218978102
47916,0,0,0.08415794929789841,0.8147810218978102
95190,0,1,0.08415794929789841,0.8147810218978102
74856,0,0,0.08415794929789841,0.8147810218978102
31081,0,1,0.08415794929789841,0.8147810218978102
10239,0,1,0.08415794929789841,0.8147810218978102
59731,0,0,0.08415794929789841,0.8147810218978102
78264,0,1,0.08415794929789841,0.8147810218978102
59260,0,0,0.08415794929789841,0.8147810218978102
90947,0,0,0.08415794929789841,0.8147810218978102
58706,0,0,0.08415794929789841,0.8147810218978102
94979,0,1,0.08415794929789841,0.8147810218978102
10192,0,1,0.08415794929789841,0.8147810218978102
8469,0,0,0.08415794929789841,0.8147810218978102
64625,1,1,0.08415794929789841,0.8147810218978102
57995,0,0,0.08415794929789841,0.8147810218978102
97609,0,1,0.08415794929789841,0.8147810218978102
54164,0,0,0.08415794929789841,0.8147810218978102
88960,0,1,0.08415794929789841,0.8147810218978102
68791,0,1,0.08415794929789841,0.8147810218978102
10048,1,1,0.08415794929789841,0.8147810218978102
91537,0,0,0.08415794929789841,0.8147810218978102
76590,0,0,0.08415794929789841,0.8147810218978102
16919,0,1,0.08415794929789841,0.8147810218978102
89628,0,1,0.08415794929789841,0.8147810218978102
27755,1,1,0.08415794929789841,0.8147810218978102
6066,0,1,0.08415794929789841,0.8147810218978102
68092,0,0,0.08415794929789841,0.8147810218978102
7041,1,1,0.08415794929789841,0.8147810218978102
60609,0,0,0.08415794929789841,0.8147810218978102
87969,0,1,0.08415794929789841,0.8147810218978102
79113,0,0,0.08415794929789841,0.8147810218978102
30081,0,1,0.08415794929789841,0.8147810218978102
40650,0,1,0.08415794929789841,0.8147810218978102
24038,0,1,0.08415794929789841,0.8147810218978102
704,0,1,0.08415794929789841,0.8147810218978102
56,0,1,0.08415794929789841,0.8147810218978102
69352,0,0,0.08415794929789841,0.8147810218978102
36965,0,1,0.08415794929789841,0.8147810218978102
87292,0,1,0.08415794929789841,0.8147810218978102
60894,0,1,0.08415794929789841,0.8147810218978102
96317,0,0,0.08415794929789841,0.8147810218978102
82557,0,0,0.08415794929789841,0.8147810218978102
93992,0,1,0.08415794929789841,0.8147810218978102
88329,0,1,0.08415794929789841,0.8147810218978102
624,0,0,0.08415794929789841,0.8147810218978102
5736,1,1,0.08415794929789841,0.8147810218978102
58544,0,1,0.08415794929789841,0.8147810218978102
92999,0,0,0.08415794929789841,0.8147810218978102
88731,0,1,0.08415794929789841,0.8147810218978102
20081,0,0,0.08415794929789841,0.8147810218978102
32491,0,0,0.08415794929789841,0.8147810218978102
2015,0,1,0.08415794929789841,0.8147810218978102
37214,0,0,0.08415794929789841,0.8147810218978102
32930,0,1,0.08415794929789841,0.8147810218978102
68176,0,0,0.08415794929789841,0.8147810218978102
26619,0,0,0.08415794929789841,0.8147810218978102
81915,0,0,0.08415794929789841,0.8147810218978102
91599,0,1,0.08415794929789841,0.8147810218978102
88988,0,1,0.08415794929789841,0.8147810218978102
63120,0,0,0.08415794929789841,0.8147810218978102
99341,0,1,0.08415794929789841,0.8147810218978102
10893,0,0,0.08415794929789841,0.8147810218978102
80319,0,0,0.08415794929789841,0.8147810218978102
13913,0,0,0.08415794929789841,0.8147810218978102
81973,0,0,0.08415794929789841,0.8147810218978102
71780,0,1,0.08415794929789841,0.8147810218978102
76886,0,0,0.08415794929789841,0.8147810218978102
84977,0,0,0.08415794929789841,0.8147810218978102
90942,0,1,0.08415794929789841,0.8147810218978102
20160,0,1,0.08415794929789841,0.8147810218978102
54696,0,1,0.08415794929789841,0.8147810218978102
47498,0,1,0.08415794929789841,0.8147810218978102
34010,0,1,0.08415794929789841,0.8147810218978102
22262,0,0,0.08415794929789841,0.8147810218978102
86996,0,0,0.08415794929789841,0.8147810218978102
63715,0,0,0.08415794929789841,0.8147810218978102
29122,0,0,0.08415794929789841,0.8147810218978102
34859,0,1,0.08415794929789841,0.8147810218978102
48366,0,1,0.08415794929789841,0.8147810218978102
95652,0,1,0.08415794929789841,0.8147810218978102
58719,0,0,0.08415794929789841,0.8147810218978102
61150,0,1,0.08415794929789841,0.8147810218978102
8084,0,0,0.08415794929789841,0.8147810218978102
49426,0,1,0.08415794929789841,0.8147810218978102
77180,0,1,0.08415794929789841,0.8147810218978102
92239,0,1,0.08415794929789841,0.8147810218978102
86973,0,0,0.08415794929789841,0.8147810218978102
37601,0,1,0.08415794929789841,0.8147810218978102
34944,0,1,0.08415794929789841,0.8147810218978102
49530,0,1,0.08415794929789841,0.8147810218978102
60184,0,1,0.08415794929789841,0.8147810218978102
73402,0,0,0.08415794929789841,0.8147810218978102
9821,0,0,0.08415794929789841,0.8147810218978102
54078,0,1,0.08415794929789841,0.8147810218978102
26276,0,0,0.08415794929789841,0.8147810218978102
63466,0,1,0.08415794929789841,0.8147810218978102
3983,0,0,0.08415794929789841,0.8147810218978102
37290,0,1,0.08415794929789841,0.8147810218978102
69543,0,0,0.08415794929789841,0.8147810218978102
42909,1,1,0.08415794929789841,0.8147810218978102
64078,0,0,0.08415794929789841,0.8147810218978102
39453,0,1,0.08415794929789841,0.8147810218978102
64962,0,1,0.08415794929789841,0.8147810218978102
57884,0,0,0.08415794929789841,0.8147810218978102
85355,0,1,0.08415794929789841,0.8147810218978102
80109,0,1,0.08415794929789841,0.8147810218978102
82749,0,0,0.08415794929789841,0.8147810218978102
22891,0,0,0.08415794929789841,0.8147810218978102
95092,0,1,0.08415794929789841,0.8147810218978102
78070,0,1,0.08415794929789841,0.8147810218978102
46989,0,1,0.08415794929789841,0.8147810218978102
16345,0,1,0.08415794929789841,0.8147810218978102
62212,0,1,0.08415794929789841,0.8147810218978102
36013,0,1,0.08415794929789841,0.8147810218978102
9064,0,1,0.08415794929789841,0.8147810218978102
38126,0,1,0.08415794929789841,0.8147810218978102
5715,0,0,0.08415794929789841,0.8147810218978102
63500,0,1,0.08415794929789841,0.8147810218978102
29549,0,1,0.08415794929789841,0.8147810218978102
55160,0,1,0.08415794929789841,0.8147810218978102
65348,0,1,0.08415794929789841,0.8147810218978102
22416,0,1,0.08415794929789841,0.8147810218978102
62451,0,0,0.08415794929789841,0.8147810218978102
67478,0,1,0.08415794929789841,0.8147810218978102
88395,0,1,0.08415794929789841,0.8147810218978102
75921,0,0,0.08415794929789841,0.8147810218978102
63234,0,0,0.08415794929789841,0.8147810218978102
57075,0,1,0.08415794929789841,0.8147810218978102
17011,0,1,0.08415794929789841,0.8147810218978102
94123,0,1,0.08415794929789841,0.8147810218978102
11369,0,1,0.08415794929789841,0.8147810218978102
98949,0,1,0.08415794929789841,0.8147810218978102
98468,0,1,0.08415794929789841,0.8147810218978102
50736,0,0,0.08415794929789841,0.8147810218978102
74184,0,1,0.08415794929789841,0.8147810218978102
47218,0,1,0.08415794929789841,0.8147810218978102
74163,0,1,0.08415794929789841,0.8147810218978102
60393,0,0,0.08415794929789841,0.8147810218978102
46889,0,0,0.08415794929789841,0.8147810218978102
593,0,1,0.08415794929789841,0.8147810218978102
61952,0,1,0.08415794929789841,0.8147810218978102
52147,0,1,0.08415794929789841,0.8147810218978102
40282,0,0,0.08415794929789841,0.8147810218978102
52155,0,1,0.08415794929789841,0.8147810218978102
57913,0,0,0.08415794929789841,0.8147810218978102
95160,0,1,0.08415794929789841,0.8147810218978102
392,1,0,0.08415794929789841,0.8147810218978102
33637,0,1,0.08415794929789841,0.8147810218978102
35930,0,1,0.08415794929789841,0.8147810218978102
1296,0,1,0.08415794929789841,0.8147810218978102
41342,0,1,0.08415794929789841,0.8147810218978102
13395,0,1,0.08415794929789841,0.8147810218978102
82471,0,0,0.08415794929789841,0.8147810218978102
22454,1,0,0.08415794929789841,0.8147810218978102
35968,0,1,0.08415794929789841,0.8147810218978102
52990,0,0,0.08415794929789841,0.8147810218978102
52713,0,0,0.08415794929789841,0.8147810218978102
61353,0,0,0.08415794929789841,0.8147810218978102
89760,0,0,0.08415794929789841,0.8147810218978102
7711,0,1,0.08415794929789841,0.8147810218978102
97064,0,0,0.08415794929789841,0.8147810218978102
47784,0,1,0.08415794929789841,0.8147810218978102
97189,0,0,0.08415794929789841,0.8147810218978102
69657,1,0,0.08415794929789841,0.8147810218978102
62061,1,1,0.08415794929789841,0.8147810218978102
78992,0,0,0.08415794929789841,0.8147810218978102
181,0,1,0.08415794929789841,0.8147810218978102
28169,1,1,0.08415794929789841,0.8147810218978102
57138,0,0,0.08415794929789841,0.8147810218978102
80991,0,1,0.08415794929789841,0.8147810218978102
93017,0,0,0.08415794929789841,0.8147810218978102
7409,0,0,0.08415794929789841,0.8147810218978102
21055,0,1,0.08415794929789841,0.8147810218978102
88569,0,1,0.08415794929789841,0.8147810218978102
80511,0,1,0.08415794929789841,0.8147810218978102
35287,0,1,0.08415794929789841,0.8147810218978102
25036,0,1,0.08415794929789841,0.8147810218978102
45842,0,1,0.08415794929789841,0.8147810218978102
85458,0,0,0.08415794929789841,0.8147810218978102
34381,0,1,0.08415794929789841,0.8147810218978102
79445,0,1,0.08415794929789841,0.8147810218978102
88209,0,1,0.08415794929789841,0.8147810218978102
72312,0,1,0.08415794929789841,0.8147810218978102
84994,0,1,0.08415794929789841,0.8147810218978102
45710,0,1,0.08415794929789841,0.8147810218978102
86964,1,1,0.08415794929789841,0.8147810218978102
20307,0,0,0.08415794929789841,0.8147810218978102
92545,0,0,0.08415794929789841,0.8147810218978102
96466,0,0,0.08415794929789841,0.8147810218978102
72872,0,0,0.08415794929789841,0.8147810218978102
76256,1,0,0.08415794929789841,0.8147810218978102
36934,0,0,0.08415794929789841,0.8147810218978102
66621,0,0,0.08415794929789841,0.8147810218978102
4266,0,0,0.08415794929789841,0.8147810218978102
84591,0,1,0.08415794929789841,0.8147810218978102
4647,0,0,0.08415794929789841,0.8147810218978102
43632,0,1,0.08415794929789841,0.8147810218978102
41673,0,1,0.08415794929789841,0.8147810218978102
16989,0,1,0.08415794929789841,0.8147810218978102
17460,0,0,0.08415794929789841,0.8147810218978102
67626,0,1,0.08415794929789841,0.8147810218978102
92442,0,0,0.08415794929789841,0.8147810218978102
14150,0,1,0.08415794929789841,0.8147810218978102
19159,0,1,0.08415794929789841,0.8147810218978102
74591,0,0,0.08415794929789841,0.8147810218978102
34109,0,1,0.08415794929789841,0.8147810218978102
52778,0,1,0.08415794929789841,0.8147810218978102
19506,0,0,0.08415794929789841,0.8147810218978102
97809,0,1,0.08415794929789841,0.8147810218978102
30750,0,1,0.08415794929789841,0.8147810218978102
46914,0,1,0.08415794929789841,0.8147810218978102
82865,0,1,0.08415794929789841,0.8147810218978102
18501,0,0,0.08415794929789841,0.8147810218978102
96385,0,0,0.08415794929789841,0.8147810218978102
46811,0,1,0.08415794929789841,0.8147810218978102
71020,0,0,0.08415794929789841,0.8147810218978102
4263,0,0,0.08415794929789841,0.8147810218978102
52904,0,0,0.08415794929789841,0.8147810218978102
22235,0,0,0.08415794929789841,0.8147810218978102
30215,0,0,0.08415794929789841,0.8147810218978102
15913,0,0,0.08415794929789841,0.8147810218978102
53004,0,0,0.08415794929789841,0.8147810218978102
78241,0,0,0.08415794929789841,0.8147810218978102
3096,0,1,0.08415794929789841,0.8147810218978102
78007,1,1,0.08415794929789841,0.8147810218978102
53421,0,0,0.08415794929789841,0.8147810218978102
27167,1,0,0.08415794929789841,0.8147810218978102
94797,0,0,0.08415794929789841,0.8147810218978102
8502,0,1,0.08415794929789841,0.8147810218978102
54258,0,0,0.08415794929789841,0.8147810218978102
89707,0,1,0.08415794929789841,0.8147810218978102
21261,0,0,0.08415794929789841,0.8147810218978102
86944,0,0,0.08415794929789841,0.8147810218978102
35664,1,0,0.08415794929789841,0.8147810218978102
46322,0,0,0.08415794929789841,0.8147810218978102
89793,0,1,0.08415794929789841,0.8147810218978102
38205,0,1,0.08415794929789841,0.8147810218978102
80766,0,0,0.08415794929789841,0.8147810218978102
8591,0,0,0.08415794929789841,0.8147810218978102
42582,1,1,0.08415794929789841,0.8147810218978102
50570,0,1,0.08415794929789841,0.8147810218978102
16665,0,1,0.08415794929789841,0.8147810218978102
68908,0,1,0.08415794929789841,0.8147810218978102
87312,1,1,0.08415794929789841,0.8147810218978102
32342,0,1,0.08415794929789841,0.8147810218978102
88530,0,1,0.08415794929789841,0.8147810218978102
19486,0,0,0.08415794929789841,0.8147810218978102
19331,0,0,0.08415794929789841,0.8147810218978102
68710,1,1,0.08415794929789841,0.8147810218978102
12612,0,1,0.08415794929789841,0.8147810218978102
8154,0,0,0.08415794929789841,0.8147810218978102
29129,0,0,0.08415794929789841,0.8147810218978102
64700,0,1,0.08415794929789841,0.8147810218978102
58742,0,0,0.08415794929789841,0.8147810218978102
26531,0,0,0.08415794929789841,0.8147810218978102
38961,0,1,0.08415794929789841,0.8147810218978102
6185,0,0,0.08415794929789841,0.8147810218978102
2973,0,1,0.08415794929789841,0.8147810218978102
31966,1,1,0.08415794929789841,0.8147810218978102
77703,0,1,0.08415794929789841,0.8147810218978102
69051,0,0,0.08415794929789841,0.8147810218978102
96952,0,0,0.08415794929789841,0.8147810218978102
5880,0,0,0.08415794929789841,0.8147810218978102
10575,0,0,0.08415794929789841,0.8147810218978102
74890,0,1,0.08415794929789841,0.8147810218978102
32713,0,1,0.08415794929789841,0.8147810218978102
65527,0,0,0.08415794929789841,0.8147810218978102
1806,0,1,0.08415794929789841,0.8147810218978102
44939,0,1,0.08415794929789841,0.8147810218978102
63366,0,0,0.08415794929789841,0.8147810218978102
31510,0,0,0.08415794929789841,0.8147810218978102
82997,0,1,0.08415794929789841,0.8147810218978102
28803,0,0,0.08415794929789841,0.8147810218978102
90259,0,0,0.08415794929789841,0.8147810218978102
11265,1,1,0.08415794929789841,0.8147810218978102
21505,0,0,0.08415794929789841,0.8147810218978102
35525,0,0,0.08415794929789841,0.8147810218978102
13428,0,1,0.08415794929789841,0.8147810218978102
84663,0,1,0.08415794929789841,0.8147810218978102
61271,0,0,0.08415794929789841,0.8147810218978102
51083,0,1,0.08415794929789841,0.8147810218978102
94296,0,1,0.08415794929789841,0.8147810218978102
63881,0,1,0.08415794929789841,0.8147810218978102
75755,0,1,0.08415794929789841,0.8147810218978102
48492,0,1,0.08415794929789841,0.8147810218978102
23610,0,0,0.08415794929789841,0.8147810218978102
28921,0,0,0.08415794929789841,0.8147810218978102
27418,0,0,0.08415794929789841,0.8147810218978102
39745,0,1,0.08415794929789841,0.8147810218978102
51359,0,1,0.08415794929789841,0.8147810218978102
90820,0,0,0.08415794929789841,0.8147810218978102
7875,0,0,0.08415794929789841,0.8147810218978102
99877,0,1,0.08415794929789841,0.8147810218978102
75225,0,0,0.08415794929789841,0.8147810218978102
91972,1,0,0.08415794929789841,0.8147810218978102
3154,0,0,0.08415794929789841,0.8147810218978102
23556,0,0,0.08415794929789841,0.8147810218978102
53457,0,1,0.08415794929789841,0.8147810218978102
34092,0,1,0.08415794929789841,0.8147810218978102
94803,0,0,0.08415794929789841,0.8147810218978102
60702,0,0,0.08415794929789841,0.8147810218978102
51843,0,0,0.08415794929789841,0.8147810218978102
7125,0,0,0.08415794929789841,0.8147810218978102
14343,0,0,0.08415794929789841,0.8147810218978102
86117,0,1,0.08415794929789841,0.8147810218978102
55817,0,1,0.08415794929789841,0.8147810218978102
99977,0,1,0.08415794929789841,0.8147810218978102
89714,0,0,0.08415794929789841,0.8147810218978102
81114,0,0,0.08415794929789841,0.8147810218978102
69454,0,1,0.08415794929789841,0.8147810218978102
61999,0,1,0.08415794929789841,0.8147810218978102
68873,0,1,0.08415794929789841,0.8147810218978102
4087,0,1,0.08415794929789841,0.8147810218978102
25476,0,0,0.08415794929789841,0.8147810218978102
45246,0,1,0.08415794929789841,0.8147810218978102
59469,0,1,0.08415794929789841,0.8147810218978102
83581,0,1,0.08415794929789841,0.8147810218978102
23004,0,1,0.08415794929789841,0.8147810218978102
14120,0,0,0.08415794929789841,0.8147810218978102
15219,0,0,0.08415794929789841,0.8147810218978102
2068,0,0,0.08415794929789841,0.8147810218978102
94277,0,0,0.08415794929789841,0.8147810218978102
58611,0,0,0.08415794929789841,0.8147810218978102
26248,0,0,0.08415794929789841,0.8147810218978102
31828,1,1,0.08415794929789841,0.8147810218978102
77232,0,0,0.08415794929789841,0.8147810218978102
79170,0,0,0.08415794929789841,0.8147810218978102
94647,0,1,0.08415794929789841,0.8147810218978102
40213,0,1,0.08415794929789841,0.8147810218978102
10090,0,1,0.08415794929789841,0.8147810218978102
27404,0,1,0.08415794929789841,0.8147810218978102
10703,0,0,0.08415794929789841,0.8147810218978102
45634,0,1,0.08415794929789841,0.8147810218978102
20708,0,0,0.08415794929789841,0.8147810218978102
13370,0,0,0.08415794929789841,0.8147810218978102
83591,0,1,0.08415794929789841,0.8147810218978102
87986,0,1,0.08415794929789841,0.8147810218978102
73968,0,0,0.08415794929789841,0.8147810218978102
5263,0,0,0.08415794929789841,0.8147810218978102
65907,0,1,0.08415794929789841,0.8147810218978102
28489,0,1,0.08415794929789841,0.8147810218978102
71503,0,1,0.08415794929789841,0.8147810218978102
59784,0,1,0.08415794929789841,0.8147810218978102
97682,1,1,0.08415794929789841,0.8147810218978102
19135,0,0,0.08415794929789841,0.8147810218978102
63687,0,1,0.08415794929789841,0.8147810218978102
17103,0,1,0.08415794929789841,0.8147810218978102
41794,0,0,0.08415794929789841,0.8147810218978102
74834,0,0,0.08415794929789841,0.8147810218978102
53604,0,0,0.08415794929789841,0.8147810218978102
43678,0,0,0.08415794929789841,0.8147810218978102
25175,0,0,0.08415794929789841,0.8147810218978102
70405,0,0,0.08415794929789841,0.8147810218978102
1847,0,1,0.08415794929789841,0.8147810218978102
23873,0,1,0.08415794929789841,0.8147810218978102
81395,0,0,0.08415794929789841,0.8147810218978102
36501,0,0,0.08415794929789841,0.8147810218978102
26876,0,0,0.08415794929789841,0.8147810218978102
9801,1,1,0.08415794929789841,0.8147810218978102
49156,0,1,0.08415794929789841,0.8147810218978102
25164,0,1,0.08415794929789841,0.8147810218978102
89159,0,1,0.08415794929789841,0.8147810218978102
18219,0,1,0.08415794929789841,0.8147810218978102
14097,0,0,0.08415794929789841,0.8147810218978102
98080,0,1,0.08415794929789841,0.8147810218978102
48871,1,1,0.08415794929789841,0.8147810218978102
48849,0,0,0.08415794929789841,0.8147810218978102
11038,0,0,0.08415794929789841,0.8147810218978102
67301,0,0,0.08415794929789841,0.8147810218978102
73704,0,0,0.08415794929789841,0.8147810218978102
66307,0,1,0.08415794929789841,0.8147810218978102
46297,0,1,0.08415794929789841,0.8147810218978102
17192,0,1,0.08415794929789841,0.8147810218978102
1175,0,0,0.08415794929789841,0.8147810218978102
31587,0,0,0.08415794929789841,0.8147810218978102
19757,0,0,0.08415794929789841,0.8147810218978102
56608,0,1,0.08415794929789841,0.8147810218978102
81402,0,1,0.08415794929789841,0.8147810218978102
91801,0,0,0.08415794929789841,0.8147810218978102
34119,0,1,0.08415794929789841,0.8147810218978102
22682,0,0,0.08415794929789841,0.8147810218978102
43295,0,1,0.08415794929789841,0.8147810218978102
32059,0,1,0.08415794929789841,0.8147810218978102
27796,0,0,0.08415794929789841,0.8147810218978102
8919,0,0,0.08415794929789841,0.8147810218978102
57144,0,1,0.08415794929789841,0.8147810218978102
62760,0,0,0.08415794929789841,0.8147810218978102
48658,0,0,0.08415794929789841,0.8147810218978102
89022,0,0,0.08415794929789841,0.8147810218978102
48575,0,1,0.08415794929789841,0.8147810218978102
67629,0,1,0.08415794929789841,0.8147810218978102
79763,0,1,0.08415794929789841,0.8147810218978102
96255,0,0,0.08415794929789841,0.8147810218978102
24810,0,1,0.08415794929789841,0.8147810218978102
54319,0,0,0.08415794929789841,0.8147810218978102
29994,0,1,0.08415794929789841,0.8147810218978102
45127,0,0,0.08415794929789841,0.8147810218978102
66143,0,0,0.08415794929789841,0.8147810218978102
28645,0,0,0.08415794929789841,0.8147810218978102
32567,0,1,0.08415794929789841,0.8147810218978102
99561,0,1,0.08415794929789841,0.8147810218978102
79394,0,0,0.08415794929789841,0.8147810218978102
30506,0,0,0.08415794929789841,0.8147810218978102
5014,0,0,0.08415794929789841,0.8147810218978102
73809,0,0,0.08415794929789841,0.8147810218978102
98666,0,1,0.08415794929789841,0.8147810218978102
12474,0,0,0.08415794929789841,0.8147810218978102
95325,0,0,0.08415794929789841,0.8147810218978102
89824,0,0,0.08415794929789841,0.8147810218978102
57158,0,1,0.08415794929789841,0.8147810218978102
57152,0,1,0.08415794929789841,0.8147810218978102
92578,0,0,0.08415794929789841,0.8147810218978102
35887,0,0,0.08415794929789841,0.8147810218978102
80652,0,0,0.08415794929789841,0.8147810218978102
67746,0,0,0.08415794929789841,0.8147810218978102
15573,0,0,0.08415794929789841,0.8147810218978102
20043,0,0,0.08415794929789841,0.8147810218978102
41103,0,0,0.08415794929789841,0.8147810218978102
58023,0,0,0.08415794929789841,0.8147810218978102
38614,0,0,0.08415794929789841,0.8147810218978102
38768,0,1,0.08415794929789841,0.8147810218978102
92419,0,0,0.08415794929789841,0.8147810218978102
36480,0,0,0.08415794929789841,0.8147810218978102
95559,0,0,0.08415794929789841,0.8147810218978102
45606,0,1,0.08415794929789841,0.8147810218978102
10770,0,0,0.08415794929789841,0.8147810218978102
70674,0,1,0.08415794929789841,0.8147810218978102
22238,0,1,0.08415794929789841,0.8147810218978102
75999,0,0,0.08415794929789841,0.8147810218978102
39478,0,0,0.08415794929789841,0.8147810218978102
3119,0,1,0.08415794929789841,0.8147810218978102
42548,0,0,0.08415794929789841,0.8147810218978102
54773,0,1,0.08415794929789841,0.8147810218978102
64955,0,0,0.08415794929789841,0.8147810218978102
27470,0,0,0.08415794929789841,0.8147810218978102
71295,0,1,0.08415794929789841,0.8147810218978102
20377,0,1,0.08415794929789841,0.8147810218978102
68059,0,0,0.08415794929789841,0.8147810218978102
76128,0,1,0.08415794929789841,0.8147810218978102
60409,0,1,0.08415794929789841,0.8147810218978102
88873,0,1,0.08415794929789841,0.8147810218978102
51197,0,1,0.08415794929789841,0.8147810218978102
27077,0,0,0.08415794929789841,0.8147810218978102
12298,0,1,0.08415794929789841,0.8147810218978102
41432,0,0,0.08415794929789841,0.8147810218978102
43344,0,0,0.08415794929789841,0.8147810218978102
4931,0,0,0.08415794929789841,0.8147810218978102
46230,0,1,0.08415794929789841,0.8147810218978102
34877,0,0,0.08415794929789841,0.8147810218978102
15314,0,0,0.08415794929789841,0.8147810218978102
79910,0,1,0.08415794929789841,0.8147810218978102
71624,0,0,0.08415794929789841,0.8147810218978102
45661,0,1,0.08415794929789841,0.8147810218978102
36228,0,1,0.08415794929789841,0.8147810218978102
81106,0,1,0.08415794929789841,0.8147810218978102
29811,0,1,0.08415794929789841,0.8147810218978102
30958,0,0,0.08415794929789841,0.8147810218978102
25278,0,1,0.08415794929789841,0.8147810218978102
51961,0,0,0.08415794929789841,0.8147810218978102
77831,0,0,0.08415794929789841,0.8147810218978102
90514,0,0,0.08415794929789841,0.8147810218978102
95859,0,1,0.08415794929789841,0.8147810218978102
68997,0,0,0.08415794929789841,0.8147810218978102
21473,0,0,0.08415794929789841,0.8147810218978102
32736,0,1,0.08415794929789841,0.8147810218978102
49185,0,1,0.08415794929789841,0.8147810218978102
93295,0,0,0.08415794929789841,0.8147810218978102
25596,0,0,0.08415794929789841,0.8147810218978102
29625,0,0,0.08415794929789841,0.8147810218978102
77736,0,0,0.08415794929789841,0.8147810218978102
12286,0,1,0.08415794929789841,0.8147810218978102
20952,0,0,0.08415794929789841,0.8147810218978102
35443,0,0,0.08415794929789841,0.8147810218978102
36612,0,0,0.08415794929789841,0.8147810218978102
56521,0,1,0.08415794929789841,0.8147810218978102
2693,0,0,0.08415794929789841,0.8147810218978102
46284,0,1,0.08415794929789841,0.8147810218978102
3237,0,1,0.08415794929789841,0.8147810218978102
14525,0,1,0.08415794929789841,0.8147810218978102
31480,0,0,0.08415794929789841,0.8147810218978102
92780,0,0,0.08415794929789841,0.8147810218978102
15155,0,1,0.08415794929789841,0.8147810218978102
85457,0,0,0.08415794929789841,0.8147810218978102
46,0,0,0.08415794929789841,0.8147810218978102
7397,0,0,0.08415794929789841,0.8147810218978102
44961,0,0,0.08415794929789841,0.8147810218978102
76078,0,1,0.08415794929789841,0.8147810218978102
17982,0,1,0.08415794929789841,0.8147810218978102
66564,0,1,0.08415794929789841,0.8147810218978102
135,0,1,0.08415794929789841,0.8147810218978102
73713,0,1,0.08415794929789841,0.8147810218978102
27962,0,0,0.08415794929789841,0.8147810218978102
83994,0,1,0.08415794929789841,0.8147810218978102
75067,0,0,0.08415794929789841,0.8147810218978102
61798,0,0,0.08415794929789841,0.8147810218978102
55780,1,1,0.08415794929789841,0.8147810218978102
89198,0,1,0.08415794929789841,0.8147810218978102
10278,0,1,0.08415794929789841,0.8147810218978102
657,0,0,0.08415794929789841,0.8147810218978102
63595,0,1,0.08415794929789841,0.8147810218978102
25210,0,0,0.08415794929789841,0.8147810218978102
29816,0,1,0.08415794929789841,0.8147810218978102
7404,1,1,0.08415794929789841,0.8147810218978102
40516,0,0,0.08415794929789841,0.8147810218978102
87924,0,0,0.08415794929789841,0.8147810218978102
14721,0,0,0.08415794929789841,0.8147810218978102
25562,0,1,0.08415794929789841,0.8147810218978102
57968,0,0,0.08415794929789841,0.8147810218978102
19573,0,0,0.08415794929789841,0.8147810218978102
66135,0,1,0.08415794929789841,0.8147810218978102
23624,1,1,0.08415794929789841,0.8147810218978102
74803,1,0,0.08415794929789841,0.8147810218978102
5997,0,1,0.08415794929789841,0.8147810218978102
28402,0,0,0.08415794929789841,0.8147810218978102
27523,0,1,0.08415794929789841,0.8147810218978102
39465,0,0,0.08415794929789841,0.8147810218978102
25612,0,1,0.08415794929789841,0.8147810218978102
34669,0,1,0.08415794929789841,0.8147810218978102
22462,0,1,0.08415794929789841,0.8147810218978102
57285,1,1,0.08415794929789841,0.8147810218978102
60172,0,0,0.08415794929789841,0.8147810218978102
49787,0,0,0.08415794929789841,0.8147810218978102
93254,0,0,0.08415794929789841,0.8147810218978102
38609,0,0,0.08415794929789841,0.8147810218978102
89751,0,0,0.08415794929789841,0.8147810218978102
97517,1,0,0.08415794929789841,0.8147810218978102
65799,0,1,0.08415794929789841,0.8147810218978102
13855,0,0,0.08415794929789841,0.8147810218978102
41461,0,0,0.08415794929789841,0.8147810218978102
87244,0,0,0.08415794929789841,0.8147810218978102
73603,0,1,0.08415794929789841,0.8147810218978102
31420,0,1,0.08415794929789841,0.8147810218978102
6903,1,1,0.08415794929789841,0.8147810218978102
99368,1,1,0.08415794929789841,0.8147810218978102
22932,0,1,0.08415794929789841,0.8147810218978102
7054,0,1,0.08415794929789841,0.8147810218978102
59376,0,1,0.08415794929789841,0.8147810218978102
67799,0,1,0.08415794929789841,0.8147810218978102
79611,0,0,0.08415794929789841,0.8147810218978102
54479,0,1,0.08415794929789841,0.8147810218978102
89329,0,1,0.08415794929789841,0.8147810218978102
83363,1,1,0.08415794929789841,0.8147810218978102
1067,0,0,0.08415794929789841,0.8147810218978102
37438,0,1,0.08415794929789841,0.8147810218978102
93723,0,1,0.08415794929789841,0.8147810218978102
45719,0,1,0.08415794929789841,0.8147810218978102
94093,0,0,0.08415794929789841,0.8147810218978102
44442,0,1,0.08415794929789841,0.8147810218978102
26139,0,0,0.08415794929789841,0.8147810218978102
96389,0,0,0.08415794929789841,0.8147810218978102
41404,0,0,0.08415794929789841,0.8147810218978102
7561,1,1,0.08415794929789841,0.8147810218978102
28296,1,1,0.08415794929789841,0.8147810218978102
99187,0,1,0.08415794929789841,0.8147810218978102
53945,0,0,0.08415794929789841,0.8147810218978102
99396,0,0,0.08415794929789841,0.8147810218978102
3144,0,1,0.08415794929789841,0.8147810218978102
15597,0,1,0.08415794929789841,0.8147810218978102
88944,0,1,0.08415794929789841,0.8147810218978102
13998,0,1,0.08415794929789841,0.8147810218978102
82860,0,0,0.08415794929789841,0.8147810218978102
24373,0,0,0.08415794929789841,0.8147810218978102
99804,0,1,0.08415794929789841,0.8147810218978102
54528,0,1,0.08415794929789841,0.8147810218978102
99413,0,0,0.08415794929789841,0.8147810218978102
8336,0,1,0.08415794929789841,0.8147810218978102
49193,0,1,0.08415794929789841,0.8147810218978102
20067,0,1,0.08415794929789841,0.8147810218978102
89817,0,1,0.08415794929789841,0.8147810218978102
78643,0,1,0.08415794929789841,0.8147810218978102
22921,0,1,0.08415794929789841,0.8147810218978102
85544,0,0,0.08415794929789841,0.8147810218978102
8248,0,0,0.08415794929789841,0.8147810218978102
21219,1,1,0.08415794929789841,0.8147810218978102
38304,0,1,0.08415794929789841,0.8147810218978102
26468,0,0,0.08415794929789841,0.8147810218978102
65300,0,1,0.08415794929789841,0.8147810218978102
94747,0,0,0.08415794929789841,0.8147810218978102
30794,1,1,0.08415794929789841,0.8147810218978102
58474,0,1,0.08415794929789841,0.8147810218978102
75229,0,0,0.08415794929789841,0.8147810218978102
74993,0,1,0.08415794929789841,0.8147810218978102
74217,0,0,0.08415794929789841,0.8147810218978102
55095,0,0,0.08415794929789841,0.8147810218978102
91145,0,1,0.08415794929789841,0.8147810218978102
71948,1,1,0.08415794929789841,0.8147810218978102
97137,0,1,0.08415794929789841,0.8147810218978102
70833,0,1,0.08415794929789841,0.8147810218978102
96970,0,0,0.08415794929789841,0.8147810218978102
33024,0,1,0.08415794929789841,0.8147810218978102
77994,0,1,0.08415794929789841,0.8147810218978102
11960,0,1,0.08415794929789841,0.8147810218978102
20923,0,0,0.08415794929789841,0.8147810218978102
84945,0,1,0.08415794929789841,0.8147810218978102
42930,1,0,0.08415794929789841,0.8147810218978102
93132,0,0,0.08415794929789841,0.8147810218978102
73125,0,0,0.08415794929789841,0.8147810218978102
6872,0,0,0.08415794929789841,0.8147810218978102
17104,0,1,0.08415794929789841,0.8147810218978102
66852,0,0,0.08415794929789841,0.8147810218978102
68141,0,1,0.08415794929789841,0.8147810218978102
61033,0,1,0.08415794929789841,0.8147810218978102
55745,0,0,0.08415794929789841,0.8147810218978102
60746,0,0,0.08415794929789841,0.8147810218978102
32271,1,1,0.08415794929789841,0.8147810218978102
75673,0,0,0.08415794929789841,0.8147810218978102
86637,0,0,0.08415794929789841,0.8147810218978102
55579,0,0,0.08415794929789841,0.8147810218978102
44604,0,1,0.08415794929789841,0.8147810218978102
59959,0,1,0.08415794929789841,0.8147810218978102
49990,0,0,0.08415794929789841,0.8147810218978102
41791,0,1,0.08415794929789841,0.8147810218978102
45933,0,0,0.08415794929789841,0.8147810218978102
66509,0,0,0.08415794929789841,0.8147810218978102
3542,0,0,0.08415794929789841,0.8147810218978102
1075,0,1,0.08415794929789841,0.8147810218978102
22872,0,1,0.08415794929789841,0.8147810218978102
38127,0,0,0.08415794929789841,0.8147810218978102
83533,0,0,0.08415794929789841,0.8147810218978102
44505,0,0,0.08415794929789841,0.8147810218978102
98400,0,0,0.08415794929789841,0.8147810218978102
95296,0,1,0.08415794929789841,0.8147810218978102
45627,0,1,0.08415794929789841,0.8147810218978102
93712,0,1,0.08415794929789841,0.8147810218978102
53807,0,1,0.08415794929789841,0.8147810218978102
89439,0,1,0.08415794929789841,0.8147810218978102
90966,0,1,0.08415794929789841,0.8147810218978102
13733,1,1,0.08415794929789841,0.8147810218978102
58318,0,1,0.08415794929789841,0.8147810218978102
83563,0,1,0.08415794929789841,0.8147810218978102
70053,0,0,0.08415794929789841,0.8147810218978102
19063,0,0,0.08415794929789841,0.8147810218978102
65870,1,1,0.08415794929789841,0.8147810218978102
81677,0,0,0.08415794929789841,0.8147810218978102
24276,0,1,0.08415794929789841,0.8147810218978102
22503,0,1,0.08415794929789841,0.8147810218978102
14078,1,1,0.08415794929789841,0.8147810218978102
17032,0,0,0.08415794929789841,0.8147810218978102
3265,0,0,0.08415794929789841,0.8147810218978102
84883,0,1,0.08415794929789841,0.8147810218978102
76503,0,1,0.08415794929789841,0.8147810218978102
18124,0,1,0.08415794929789841,0.8147810218978102
62633,0,1,0.08415794929789841,0.8147810218978102
59558,0,1,0.08415794929789841,0.8147810218978102
51043,0,0,0.08415794929789841,0.8147810218978102
78908,0,0,0.08415794929789841,0.8147810218978102
22206,0,0,0.08415794929789841,0.8147810218978102
45584,0,1,0.08415794929789841,0.8147810218978102
6395,0,0,0.08415794929789841,0.8147810218978102
22568,0,0,0.08415794929789841,0.8147810218978102
3294,0,0,0.08415794929789841,0.8147810218978102
29514,0,1,0.08415794929789841,0.8147810218978102
30331,0,0,0.08415794929789841,0.8147810218978102
252,0,1,0.08415794929789841,0.8147810218978102
98207,0,0,0.08415794929789841,0.8147810218978102
17256,0,1,0.08415794929789841,0.8147810218978102
20733,0,0,0.08415794929789841,0.8147810218978102
78363,0,1,0.08415794929789841,0.8147810218978102
73438,0,1,0.08415794929789841,0.8147810218978102
14700,0,1,0.08415794929789841,0.8147810218978102
53481,0,1,0.08415794929789841,0.8147810218978102
67029,0,1,0.08415794929789841,0.8147810218978102
87900,0,1,0.08415794929789841,0.8147810218978102
30875,0,0,0.08415794929789841,0.8147810218978102
62318,0,1,0.08415794929789841,0.8147810218978102
24177,0,1,0.08415794929789841,0.8147810218978102
27841,0,0,0.08415794929789841,0.8147810218978102
60763,0,0,0.08415794929789841,0.8147810218978102
90415,0,1,0.08415794929789841,0.8147810218978102
71979,0,1,0.08415794929789841,0.8147810218978102
26769,0,0,0.08415794929789841,0.8147810218978102
46046,0,0,0.08415794929789841,0.8147810218978102
16156,0,0,0.08415794929789841,0.8147810218978102
1725,0,0,0.08415794929789841,0.8147810218978102
63594,0,1,0.08415794929789841,0.8147810218978102
43463,0,0,0.08415794929789841,0.8147810218978102
27051,0,0,0.08415794929789841,0.8147810218978102
48446,0,1,0.08415794929789841,0.8147810218978102
85373,0,1,0.08415794929789841,0.8147810218978102
38233,0,1,0.08415794929789841,0.8147810218978102
52355,0,1,0.08415794929789841,0.8147810218978102
47339,0,1,0.08415794929789841,0.8147810218978102
80103,0,1,0.08415794929789841,0.8147810218978102
26630,1,1,0.08415794929789841,0.8147810218978102
17110,0,0,0.08415794929789841,0.8147810218978102
5978,0,0,0.08415794929789841,0.8147810218978102
33201,0,0,0.08415794929789841,0.8147810218978102
5923,0,0,0.08415794929789841,0.8147810218978102
40853,0,0,0.08415794929789841,0.8147810218978102
30103,0,1,0.08415794929789841,0.8147810218978102
66145,0,1,0.08415794929789841,0.8147810218978102
93376,0,1,0.08415794929789841,0.8147810218978102
41518,0,0,0.08415794929789841,0.8147810218978102
32931,0,0,0.08415794929789841,0.8147810218978102
75363,0,1,0.08415794929789841,0.8147810218978102
66709,0,0,0.08415794929789841,0.8147810218978102
30581,0,0,0.08415794929789841,0.8147810218978102
76085,0,0,0.08415794929789841,0.8147810218978102
93451,0,1,0.08415794929789841,0.8147810218978102
95596,0,1,0.08415794929789841,0.8147810218978102
98802,1,1,0.08415794929789841,0.8147810218978102
47492,0,1,0.08415794929789841,0.8147810218978102
6101,0,1,0.08415794929789841,0.8147810218978102
75487,0,0,0.08415794929789841,0.8147810218978102
14515,0,1,0.08415794929789841,0.8147810218978102
52848,0,0,0.08415794929789841,0.8147810218978102
78796,0,1,0.08415794929789841,0.8147810218978102
92201,0,0,0.08415794929789841,0.8147810218978102
44471,0,1,0.08415794929789841,0.8147810218978102
39523,0,1,0.08415794929789841,0.8147810218978102
3549,0,1,0.08415794929789841,0.8147810218978102
54272,0,1,0.08415794929789841,0.8147810218978102
30660,0,0,0.08415794929789841,0.8147810218978102
45621,0,1,0.08415794929789841,0.8147810218978102
60496,0,0,0.08415794929789841,0.8147810218978102
52341,0,0,0.08415794929789841,0.8147810218978102
98987,0,0,0.08415794929789841,0.8147810218978102
23758,0,1,0.08415794929789841,0.8147810218978102
46288,0,0,0.08415794929789841,0.8147810218978102
26486,0,0,0.08415794929789841,0.8147810218978102
41106,0,1,0.08415794929789841,0.8147810218978102
71563,0,1,0.08415794929789841,0.8147810218978102
43586,0,1,0.08415794929789841,0.8147810218978102
10094,0,1,0.08415794929789841,0.8147810218978102
84010,0,1,0.08415794929789841,0.8147810218978102
471,0,0,0.08415794929789841,0.8147810218978102
65351,0,1,0.08415794929789841,0.8147810218978102
81747,0,0,0.08415794929789841,0.8147810218978102
34032,0,1,0.08415794929789841,0.8147810218978102
52564,0,0,0.08415794929789841,0.8147810218978102
82941,0,1,0.08415794929789841,0.8147810218978102
22600,0,0,0.08415794929789841,0.8147810218978102
4359,0,1,0.08415794929789841,0.8147810218978102
30973,0,0,0.08415794929789841,0.8147810218978102
22668,0,1,0.08415794929789841,0.8147810218978102
56879,0,1,0.08415794929789841,0.8147810218978102
38576,0,0,0.08415794929789841,0.8147810218978102
89539,0,1,0.08415794929789841,0.8147810218978102
49773,0,1,0.08415794929789841,0.8147810218978102
61940,0,0,0.08415794929789841,0.8147810218978102
10292,0,1,0.08415794929789841,0.8147810218978102
91425,1,1,0.08415794929789841,0.8147810218978102
98255,0,1,0.08415794929789841,0.8147810218978102
7619,0,1,0.08415794929789841,0.8147810218978102
39476,0,1,0.08415794929789841,0.8147810218978102
38823,0,0,0.08415794929789841,0.8147810218978102
16366,0,1,0.08415794929789841,0.8147810218978102
51111,0,1,0.08415794929789841,0.8147810218978102
52672,0,1,0.08415794929789841,0.8147810218978102
97700,0,1,0.08415794929789841,0.8147810218978102
90672,0,0,0.08415794929789841,0.8147810218978102
43611,0,1,0.08415794929789841,0.8147810218978102
85815,0,1,0.08415794929789841,0.8147810218978102
56674,0,1,0.08415794929789841,0.8147810218978102
52309,0,1,0.08415794929789841,0.8147810218978102
99993,1,1,0.08415794929789841,0.8147810218978102
9513,0,1,0.08415794929789841,0.8147810218978102
94399,0,0,0.08415794929789841,0.8147810218978102
33494,0,1,0.08415794929789841,0.8147810218978102
15073,0,1,0.08415794929789841,0.8147810218978102
4068,0,1,0.08415794929789841,0.8147810218978102
55140,0,1,0.08415794929789841,0.8147810218978102
21862,0,1,0.08415794929789841,0.8147810218978102
32351,0,0,0.08415794929789841,0.8147810218978102
45784,0,0,0.08415794929789841,0.8147810218978102
73444,0,1,0.08415794929789841,0.8147810218978102
26701,0,0,0.08415794929789841,0.8147810218978102
24482,0,1,0.08415794929789841,0.8147810218978102
2400,0,0,0.08415794929789841,0.8147810218978102
52393,0,0,0.08415794929789841,0.8147810218978102
56945,1,1,0.08415794929789841,0.8147810218978102
56299,0,0,0.08415794929789841,0.8147810218978102
22646,0,1,0.08415794929789841,0.8147810218978102
43139,0,1,0.08415794929789841,0.8147810218978102
50746,0,0,0.08415794929789841,0.8147810218978102
59566,0,1,0.08415794929789841,0.8147810218978102
77394,0,0,0.08415794929789841,0.8147810218978102
62280,0,1,0.08415794929789841,0.8147810218978102
57661,0,1,0.08415794929789841,0.8147810218978102
66803,1,1,0.08415794929789841,0.8147810218978102
80079,0,0,0.08415794929789841,0.8147810218978102
87529,0,1,0.08415794929789841,0.8147810218978102
7604,0,0,0.08415794929789841,0.8147810218978102
3529,0,0,0.08415794929789841,0.8147810218978102
69241,0,0,0.08415794929789841,0.8147810218978102
60458,0,0,0.08415794929789841,0.8147810218978102
40395,0,1,0.08415794929789841,0.8147810218978102
65428,0,0,0.08415794929789841,0.8147810218978102
82759,0,1,0.08415794929789841,0.8147810218978102
88424,0,0,0.08415794929789841,0.8147810218978102
10334,0,1,0.08415794929789841,0.8147810218978102
60480,0,0,0.08415794929789841,0.8147810218978102
8183,0,1,0.08415794929789841,0.8147810218978102
77121,1,1,0.08415794929789841,0.8147810218978102
66343,0,1,0.08415794929789841,0.8147810218978102
89671,0,1,0.08415794929789841,0.8147810218978102
25021,0,0,0.08415794929789841,0.8147810218978102
2380,0,1,0.08415794929789841,0.8147810218978102
28144,0,1,0.08415794929789841,0.8147810218978102
52611,0,1,0.08415794929789841,0.8147810218978102
40424,0,0,0.08415794929789841,0.8147810218978102
69927,0,0,0.08415794929789841,0.8147810218978102
96333,0,1,0.08415794929789841,0.8147810218978102
85426,0,0,0.08415794929789841,0.8147810218978102
51964,0,0,0.08415794929789841,0.8147810218978102
64975,0,0,0.08415794929789841,0.8147810218978102
35288,0,1,0.08415794929789841,0.8147810218978102
71607,0,0,0.08415794929789841,0.8147810218978102
23251,0,1,0.08415794929789841,0.8147810218978102
69913,0,0,0.08415794929789841,0.8147810218978102
62014,0,1,0.08415794929789841,0.8147810218978102
23560,0,1,0.08415794929789841,0.8147810218978102
2414,0,1,0.08415794929789841,0.8147810218978102
13591,0,1,0.08415794929789841,0.8147810218978102
87712,0,1,0.08415794929789841,0.8147810218978102
74811,0,0,0.08415794929789841,0.8147810218978102
14104,0,1,0.08415794929789841,0.8147810218978102
89057,0,0,0.08415794929789841,0.8147810218978102
33099,1,1,0.08415794929789841,0.8147810218978102
75179,1,0,0.08415794929789841,0.8147810218978102
87772,0,0,0.08415794929789841,0.8147810218978102
82447,0,0,0.08415794929789841,0.8147810218978102
4039,0,1,0.08415794929789841,0.8147810218978102
90299,0,1,0.08415794929789841,0.8147810218978102
93798,0,0,0.08415794929789841,0.8147810218978102
19664,0,0,0.08415794929789841,0.8147810218978102
41943,0,1,0.08415794929789841,0.8147810218978102
73390,0,0,0.08415794929789841,0.8147810218978102
63501,0,1,0.08415794929789841,0.8147810218978102
12572,0,0,0.08415794929789841,0.8147810218978102
17533,0,0,0.08415794929789841,0.8147810218978102
19422,0,0,0.08415794929789841,0.8147810218978102
5708,0,1,0.08415794929789841,0.8147810218978102
73354,0,0,0.08415794929789841,0.8147810218978102
36806,0,0,0.08415794929789841,0.8147810218978102
91418,0,1,0.08415794929789841,0.8147810218978102
73666,1,1,0.08415794929789841,0.8147810218978102
12760,0,0,0.08415794929789841,0.8147810218978102
32189,0,0,0.08415794929789841,0.8147810218978102
80058,0,0,0.08415794929789841,0.8147810218978102
47734,0,0,0.08415794929789841,0.8147810218978102
5562,0,0,0.08415794929789841,0.8147810218978102
69372,0,1,0.08415794929789841,0.8147810218978102
91605,0,1,0.08415794929789841,0.8147810218978102
87747,0,0,0.08415794929789841,0.8147810218978102
31887,0,0,0.08415794929789841,0.8147810218978102
5994,0,1,0.08415794929789841,0.8147810218978102
10926,0,1,0.08415794929789841,0.8147810218978102
61361,0,1,0.08415794929789841,0.8147810218978102
62700,0,0,0.08415794929789841,0.8147810218978102
15066,0,1,0.08415794929789841,0.8147810218978102
93032,0,1,0.08415794929789841,0.8147810218978102
27441,0,0,0.08415794929789841,0.8147810218978102
93060,0,1,0.08415794929789841,0.8147810218978102
23802,0,0,0.08415794929789841,0.8147810218978102
3827,0,1,0.08415794929789841,0.8147810218978102
73465,0,1,0.08415794929789841,0.8147810218978102
61292,0,1,0.08415794929789841,0.8147810218978102
96432,1,0,0.08415794929789841,0.8147810218978102
96587,0,1,0.08415794929789841,0.8147810218978102
79560,0,0,0.08415794929789841,0.8147810218978102
82361,0,0,0.08415794929789841,0.8147810218978102
28864,0,0,0.08415794929789841,0.8147810218978102
56019,0,1,0.08415794929789841,0.8147810218978102
27400,0,0,0.08415794929789841,0.8147810218978102
31238,0,1,0.08415794929789841,0.8147810218978102
37041,0,1,0.08415794929789841,0.8147810218978102
20880,0,1,0.08415794929789841,0.8147810218978102
1861,0,0,0.08415794929789841,0.8147810218978102
35333,0,0,0.08415794929789841,0.8147810218978102
93675,0,0,0.08415794929789841,0.8147810218978102
27012,0,0,0.08415794929789841,0.8147810218978102
16886,0,1,0.08415794929789841,0.8147810218978102
29058,0,0,0.08415794929789841,0.8147810218978102
95228,0,1,0.08415794929789841,0.8147810218978102
19939,0,0,0.08415794929789841,0.8147810218978102
37412,0,0,0.08415794929789841,0.8147810218978102
59497,0,1,0.08415794929789841,0.8147810218978102
77456,0,0,0.08415794929789841,0.8147810218978102
7487,0,1,0.08415794929789841,0.8147810218978102
80061,0,0,0.08415794929789841,0.8147810218978102
51716,0,1,0.08415794929789841,0.8147810218978102
71469,0,0,0.08415794929789841,0.8147810218978102
13123,0,0,0.08415794929789841,0.8147810218978102
51081,0,0,0.08415794929789841,0.8147810218978102
50814,0,1,0.08415794929789841,0.8147810218978102
87921,0,0,0.08415794929789841,0.8147810218978102
26736,0,0,0.08415794929789841,0.8147810218978102
55412,0,0,0.08415794929789841,0.8147810218978102
74249,0,1,0.08415794929789841,0.8147810218978102
2069,0,1,0.08415794929789841,0.8147810218978102
7868,0,0,0.08415794929789841,0.8147810218978102
17964,0,0,0.08415794929789841,0.8147810218978102
53497,1,1,0.08415794929789841,0.8147810218978102
28458,0,1,0.08415794929789841,0.8147810218978102
52381,0,0,0.08415794929789841,0.8147810218978102
50781,0,1,0.08415794929789841,0.8147810218978102
49895,0,0,0.08415794929789841,0.8147810218978102
846,0,0,0.08415794929789841,0.8147810218978102
78402,0,0,0.08415794929789841,0.8147810218978102
10462,0,1,0.08415794929789841,0.8147810218978102
42152,0,0,0.08415794929789841,0.8147810218978102
98939,0,0,0.08415794929789841,0.8147810218978102
46943,0,0,0.08415794929789841,0.8147810218978102
67566,0,1,0.08415794929789841,0.8147810218978102
65691,0,0,0.08415794929789841,0.8147810218978102
82475,0,0,0.08415794929789841,0.8147810218978102
16000,0,0,0.08415794929789841,0.8147810218978102
87263,0,0,0.08415794929789841,0.8147810218978102
94206,0,0,0.08415794929789841,0.8147810218978102
38085,0,1,0.08415794929789841,0.8147810218978102
89242,0,1,0.08415794929789841,0.8147810218978102
37687,0,0,0.08415794929789841,0.8147810218978102
2011,0,1,0.08415794929789841,0.8147810218978102
58942,0,1,0.08415794929789841,0.8147810218978102
26281,0,0,0.08415794929789841,0.8147810218978102
11786,0,1,0.08415794929789841,0.8147810218978102
28647,0,0,0.08415794929789841,0.8147810218978102
22543,0,1,0.08415794929789841,0.8147810218978102
48484,1,1,0.08415794929789841,0.8147810218978102
7336,0,0,0.08415794929789841,0.8147810218978102
26638,0,1,0.08415794929789841,0.8147810218978102
11530,0,1,0.08415794929789841,0.8147810218978102
9929,0,1,0.08415794929789841,0.8147810218978102
9329,0,1,0.08415794929789841,0.8147810218978102
79796,0,1,0.08415794929789841,0.8147810218978102
38020,0,1,0.08415794929789841,0.8147810218978102
67788,0,0,0.08415794929789841,0.8147810218978102
16623,0,1,0.08415794929789841,0.8147810218978102
68051,0,0,0.08415794929789841,0.8147810218978102
63313,0,1,0.08415794929789841,0.8147810218978102
32780,0,0,0.08415794929789841,0.8147810218978102
69412,0,0,0.08415794929789841,0.8147810218978102
54314,0,0,0.08415794929789841,0.8147810218978102
70566,0,0,0.08415794929789841,0.8147810218978102
10117,0,1,0.08415794929789841,0.8147810218978102
5052,0,1,0.08415794929789841,0.8147810218978102
89440,0,0,0.08415794929789841,0.8147810218978102
83073,0,1,0.08415794929789841,0.8147810218978102
32284,0,1,0.08415794929789841,0.8147810218978102
43202,0,0,0.08415794929789841,0.8147810218978102
18397,0,0,0.08415794929789841,0.8147810218978102
16261,0,0,0.08415794929789841,0.8147810218978102
83231,0,1,0.08415794929789841,0.8147810218978102
6778,0,0,0.08415794929789841,0.8147810218978102
18403,0,1,0.08415794929789841,0.8147810218978102
74731,0,0,0.08415794929789841,0.8147810218978102
15881,0,0,0.08415794929789841,0.8147810218978102
25517,0,0,0.08415794929789841,0.8147810218978102
94340,0,1,0.08415794929789841,0.8147810218978102
66657,0,1,0.08415794929789841,0.8147810218978102
31614,0,1,0.08415794929789841,0.8147810218978102
99711,1,1,0.08415794929789841,0.8147810218978102
30329,0,0,0.08415794929789841,0.8147810218978102
95501,0,1,0.08415794929789841,0.8147810218978102
10869,0,0,0.08415794929789841,0.8147810218978102
82905,0,1,0.08415794929789841,0.8147810218978102
61495,0,0,0.08415794929789841,0.8147810218978102
55187,0,0,0.08415794929789841,0.8147810218978102
83142,0,1,0.08415794929789841,0.8147810218978102
99261,0,1,0.08415794929789841,0.8147810218978102
560,0,0,0.08415794929789841,0.8147810218978102
90899,0,0,0.08415794929789841,0.8147810218978102
69190,0,1,0.08415794929789841,0.8147810218978102
38400,0,1,0.08415794929789841,0.8147810218978102
29693,0,0,0.08415794929789841,0.8147810218978102
61627,0,0,0.08415794929789841,0.8147810218978102
56452,0,0,0.08415794929789841,0.8147810218978102
76400,0,0,0.08415794929789841,0.8147810218978102
87187,0,1,0.08415794929789841,0.8147810218978102
44024,1,1,0.08415794929789841,0.8147810218978102
21446,0,0,0.08415794929789841,0.8147810218978102
92827,0,1,0.08415794929789841,0.8147810218978102
13332,0,0,0.08415794929789841,0.8147810218978102
82073,0,0,0.08415794929789841,0.8147810218978102
54286,0,1,0.08415794929789841,0.8147810218978102
58127,0,0,0.08415794929789841,0.8147810218978102
27547,0,0,0.08415794929789841,0.8147810218978102
64100,0,0,0.08415794929789841,0.8147810218978102
7523,0,0,0.08415794929789841,0.8147810218978102
22,0,0,0.08415794929789841,0.8147810218978102
42829,0,1,0.08415794929789841,0.8147810218978102
2821,0,1,0.08415794929789841,0.8147810218978102
54516,0,0,0.08415794929789841,0.8147810218978102
99211,0,1,0.08415794929789841,0.8147810218978102
16194,0,0,0.08415794929789841,0.8147810218978102
91217,0,0,0.08415794929789841,0.8147810218978102
16241,0,1,0.08415794929789841,0.8147810218978102
17409,0,0,0.08415794929789841,0.8147810218978102
67345,0,1,0.08415794929789841,0.8147810218978102
16865,0,0,0.08415794929789841,0.8147810218978102
55276,0,1,0.08415794929789841,0.8147810218978102
18195,0,0,0.08415794929789841,0.8147810218978102
58366,0,0,0.08415794929789841,0.8147810218978102
16761,0,0,0.08415794929789841,0.8147810218978102
46167,0,1,0.08415794929789841,0.8147810218978102
9157,0,1,0.08415794929789841,0.8147810218978102
99291,0,0,0.08415794929789841,0.8147810218978102
29821,0,1,0.08415794929789841,0.8147810218978102
54374,0,1,0.08415794929789841,0.8147810218978102
91763,0,0,0.08415794929789841,0.8147810218978102
5474,0,1,0.08415794929789841,0.8147810218978102
34235,0,1,0.08415794929789841,0.8147810218978102
18874,0,1,0.08415794929789841,0.8147810218978102
78124,0,1,0.08415794929789841,0.8147810218978102
88471,0,1,0.08415794929789841,0.8147810218978102
49045,0,0,0.08415794929789841,0.8147810218978102
25120,0,1,0.08415794929789841,0.8147810218978102
7070,1,1,0.08415794929789841,0.8147810218978102
34033,0,1,0.08415794929789841,0.8147810218978102
80581,0,1,0.08415794929789841,0.8147810218978102
75681,0,0,0.08415794929789841,0.8147810218978102
64994,0,1,0.08415794929789841,0.8147810218978102
93618,0,0,0.08415794929789841,0.8147810218978102
61514,0,1,0.08415794929789841,0.8147810218978102
19767,0,0,0.08415794929789841,0.8147810218978102
50163,0,1,0.08415794929789841,0.8147810218978102
47072,0,0,0.08415794929789841,0.8147810218978102
42579,0,1,0.08415794929789841,0.8147810218978102
78001,0,0,0.08415794929789841,0.8147810218978102
66882,0,0,0.08415794929789841,0.8147810218978102
42283,0,0,0.08415794929789841,0.8147810218978102
45532,0,1,0.08415794929789841,0.8147810218978102
29183,0,0,0.08415794929789841,0.8147810218978102
98141,0,0,0.08415794929789841,0.8147810218978102
70303,0,1,0.08415794929789841,0.8147810218978102
32238,0,0,0.08415794929789841,0.8147810218978102
1720,1,1,0.08415794929789841,0.8147810218978102
55836,0,1,0.08415794929789841,0.8147810218978102
43792,0,1,0.08415794929789841,0.8147810218978102
65524,0,1,0.08415794929789841,0.8147810218978102
64881,0,1,0.08415794929789841,0.8147810218978102
40273,0,0,0.08415794929789841,0.8147810218978102
56132,0,1,0.08415794929789841,0.8147810218978102
12060,0,0,0.08415794929789841,0.8147810218978102
46082,0,1,0.08415794929789841,0.8147810218978102
8642,0,1,0.08415794929789841,0.8147810218978102
5308,0,0,0.08415794929789841,0.8147810218978102
48214,0,0,0.08415794929789841,0.8147810218978102
44062,0,1,0.08415794929789841,0.8147810218978102
12258,0,1,0.08415794929789841,0.8147810218978102
83613,0,1,0.08415794929789841,0.8147810218978102
61660,0,0,0.08415794929789841,0.8147810218978102
97191,0,1,0.08415794929789841,0.8147810218978102
9989,0,1,0.08415794929789841,0.8147810218978102
45357,0,0,0.08415794929789841,0.8147810218978102
50692,0,1,0.08415794929789841,0.8147810218978102
61886,0,0,0.08415794929789841,0.8147810218978102
59423,0,1,0.08415794929789841,0.8147810218978102
17085,1,1,0.08415794929789841,0.8147810218978102
22121,0,0,0.08415794929789841,0.8147810218978102
92100,0,1,0.08415794929789841,0.8147810218978102
7293,0,1,0.08415794929789841,0.8147810218978102
9555,0,0,0.08415794929789841,0.8147810218978102
78061,0,1,0.08415794929789841,0.8147810218978102
27659,0,1,0.08415794929789841,0.8147810218978102
23711,0,1,0.08415794929789841,0.8147810218978102
20023,0,0,0.08415794929789841,0.8147810218978102
88427,0,0,0.08415794929789841,0.8147810218978102
88256,0,0,0.08415794929789841,0.8147810218978102
78351,0,1,0.08415794929789841,0.8147810218978102
82752,0,0,0.08415794929789841,0.8147810218978102
98042,0,0,0.08415794929789841,0.8147810218978102
5766,0,1,0.08415794929789841,0.8147810218978102
387,0,0,0.08415794929789841,0.8147810218978102
35899,0,1,0.08415794929789841,0.8147810218978102
28422,0,1,0.08415794929789841,0.8147810218978102
12862,0,1,0.08415794929789841,0.8147810218978102
97559,0,1,0.08415794929789841,0.8147810218978102
65678,0,1,0.08415794929789841,0.8147810218978102
94392,0,0,0.08415794929789841,0.8147810218978102
98785,0,1,0.08415794929789841,0.8147810218978102
67463,0,1,0.08415794929789841,0.8147810218978102
24757,0,0,0.08415794929789841,0.8147810218978102
61838,0,1,0.08415794929789841,0.8147810218978102
27935,0,0,0.08415794929789841,0.8147810218978102
16817,0,0,0.08415794929789841,0.8147810218978102
88774,0,0,0.08415794929789841,0.8147810218978102
27497,0,1,0.08415794929789841,0.8147810218978102
99956,0,0,0.08415794929789841,0.8147810218978102
73602,0,1,0.08415794929789841,0.8147810218978102
84199,0,0,0.08415794929789841,0.8147810218978102
2695,0,0,0.08415794929789841,0.8147810218978102
44730,0,0,0.08415794929789841,0.8147810218978102
953,0,0,0.08415794929789841,0.8147810218978102
63665,0,0,0.08415794929789841,0.8147810218978102
8350,0,1,0.08415794929789841,0.8147810218978102
53733,0,1,0.08415794929789841,0.8147810218978102
72428,0,1,0.08415794929789841,0.8147810218978102
42170,0,1,0.08415794929789841,0.8147810218978102
42790,0,1,0.08415794929789841,0.8147810218978102
39844,0,0,0.08415794929789841,0.8147810218978102
2141,0,1,0.08415794929789841,0.8147810218978102
20258,1,0,0.08415794929789841,0.8147810218978102
2563,0,0,0.08415794929789841,0.8147810218978102
42506,0,1,0.08415794929789841,0.8147810218978102
27052,0,0,0.08415794929789841,0.8147810218978102
97048,0,0,0.08415794929789841,0.8147810218978102
89943,0,0,0.08415794929789841,0.8147810218978102
2235,0,1,0.08415794929789841,0.8147810218978102
36299,0,1,0.08415794929789841,0.8147810218978102
21761,0,1,0.08415794929789841,0.8147810218978102
15594,0,0,0.08415794929789841,0.8147810218978102
58621,0,1,0.08415794929789841,0.8147810218978102
94639,0,1,0.08415794929789841,0.8147810218978102
89333,0,1,0.08415794929789841,0.8147810218978102
95067,0,1,0.08415794929789841,0.8147810218978102
95657,0,0,0.08415794929789841,0.8147810218978102
22875,0,1,0.08415794929789841,0.8147810218978102
55639,0,0,0.08415794929789841,0.8147810218978102
65833,0,0,0.08415794929789841,0.8147810218978102
60217,0,0,0.08415794929789841,0.8147810218978102
65592,0,1,0.08415794929789841,0.8147810218978102
21111,0,0,0.08415794929789841,0.8147810218978102
97151,0,1,0.08415794929789841,0.8147810218978102
71154,0,0,0.08415794929789841,0.8147810218978102
68068,1,1,0.08415794929789841,0.8147810218978102
44343,0,0,0.08415794929789841,0.8147810218978102
94514,0,0,0.08415794929789841,0.8147810218978102
44838,0,1,0.08415794929789841,0.8147810218978102
6282,0,0,0.08415794929789841,0.8147810218978102
87791,0,0,0.08415794929789841,0.8147810218978102
18071,0,1,0.08415794929789841,0.8147810218978102
63174,0,0,0.08415794929789841,0.8147810218978102
18735,0,1,0.08415794929789841,0.8147810218978102
40013,0,1,0.08415794929789841,0.8147810218978102
52634,0,1,0.08415794929789841,0.8147810218978102
4986,0,1,0.08415794929789841,0.8147810218978102
38048,0,1,0.08415794929789841,0.8147810218978102
85683,0,0,0.08415794929789841,0.8147810218978102
39305,1,0,0.08415794929789841,0.8147810218978102
78597,0,0,0.08415794929789841,0.8147810218978102
44238,0,1,0.08415794929789841,0.8147810218978102
72673,0,1,0.08415794929789841,0.8147810218978102
40741,0,0,0.08415794929789841,0.8147810218978102
78321,0,0,0.08415794929789841,0.8147810218978102
54524,0,0,0.08415794929789841,0.8147810218978102
17041,0,1,0.08415794929789841,0.8147810218978102
48427,0,0,0.08415794929789841,0.8147810218978102
48884,0,0,0.08415794929789841,0.8147810218978102
61246,0,0,0.08415794929789841,0.8147810218978102
1733,0,1,0.08415794929789841,0.8147810218978102
98840,0,0,0.08415794929789841,0.8147810218978102
63009,0,0,0.08415794929789841,0.8147810218978102
12330,1,0,0.08415794929789841,0.8147810218978102
77113,0,1,0.08415794929789841,0.8147810218978102
15293,0,1,0.08415794929789841,0.8147810218978102
32047,0,0,0.08415794929789841,0.8147810218978102
81301,0,0,0.08415794929789841,0.8147810218978102
68341,0,0,0.08415794929789841,0.8147810218978102
15318,0,0,0.08415794929789841,0.8147810218978102
85821,0,1,0.08415794929789841,0.8147810218978102
60642,0,0,0.08415794929789841,0.8147810218978102
28414,0,1,0.08415794929789841,0.8147810218978102
41936,0,0,0.08415794929789841,0.8147810218978102
69089,0,0,0.08415794929789841,0.8147810218978102
18454,0,0,0.08415794929789841,0.8147810218978102
62115,0,0,0.08415794929789841,0.8147810218978102
90113,0,0,0.08415794929789841,0.8147810218978102
57776,0,0,0.08415794929789841,0.8147810218978102
2321,0,0,0.08415794929789841,0.8147810218978102
67755,0,1,0.08415794929789841,0.8147810218978102
88557,0,0,0.08415794929789841,0.8147810218978102
59291,0,1,0.08415794929789841,0.8147810218978102
99322,0,0,0.08415794929789841,0.8147810218978102
13241,0,1,0.08415794929789841,0.8147810218978102
16703,0,1,0.08415794929789841,0.8147810218978102
9217,0,0,0.08415794929789841,0.8147810218978102
64505,0,1,0.08415794929789841,0.8147810218978102
8354,0,1,0.08415794929789841,0.8147810218978102
80436,0,1,0.08415794929789841,0.8147810218978102
69453,0,1,0.08415794929789841,0.8147810218978102
85679,0,1,0.08415794929789841,0.8147810218978102
89543,0,0,0.08415794929789841,0.8147810218978102
13646,0,0,0.08415794929789841,0.8147810218978102
6971,0,1,0.08415794929789841,0.8147810218978102
62156,0,1,0.08415794929789841,0.8147810218978102
70651,0,1,0.08415794929789841,0.8147810218978102
85614,0,0,0.08415794929789841,0.8147810218978102
42035,0,1,0.08415794929789841,0.8147810218978102
52454,0,1,0.08415794929789841,0.8147810218978102
51982,0,1,0.08415794929789841,0.8147810218978102
48980,0,0,0.08415794929789841,0.8147810218978102
75332,0,0,0.08415794929789841,0.8147810218978102
92221,0,1,0.08415794929789841,0.8147810218978102
44739,0,1,0.08415794929789841,0.8147810218978102
80635,0,0,0.08415794929789841,0.8147810218978102
37827,0,0,0.08415794929789841,0.8147810218978102
95213,0,0,0.08415794929789841,0.8147810218978102
18286,0,1,0.08415794929789841,0.8147810218978102
17194,0,1,0.08415794929789841,0.8147810218978102
74308,0,1,0.08415794929789841,0.8147810218978102
49359,0,1,0.08415794929789841,0.8147810218978102
473,0,1,0.08415794929789841,0.8147810218978102
80207,0,0,0.08415794929789841,0.8147810218978102
98115,0,1,0.08415794929789841,0.8147810218978102
41615,0,0,0.08415794929789841,0.8147810218978102
58617,0,0,0.08415794929789841,0.8147810218978102
30330,1,1,0.08415794929789841,0.8147810218978102
55324,0,0,0.08415794929789841,0.8147810218978102
82784,0,0,0.08415794929789841,0.8147810218978102
78696,0,1,0.08415794929789841,0.8147810218978102
36606,0,0,0.08415794929789841,0.8147810218978102
49218,0,0,0.08415794929789841,0.8147810218978102
66619,0,1,0.08415794929789841,0.8147810218978102
36529,0,1,0.08415794929789841,0.8147810218978102
16819,0,1,0.08415794929789841,0.8147810218978102
39809,0,0,0.08415794929789841,0.8147810218978102
75147,0,0,0.08415794929789841,0.8147810218978102
82128,0,0,0.08415794929789841,0.8147810218978102
97034,0,0,0.08415794929789841,0.8147810218978102
76163,0,1,0.08415794929789841,0.8147810218978102
74714,0,1,0.08415794929789841,0.8147810218978102
10225,0,1,0.08415794929789841,0.8147810218978102
75111,0,0,0.08415794929789841,0.8147810218978102
99328,0,1,0.08415794929789841,0.8147810218978102
73088,0,1,0.08415794929789841,0.8147810218978102
89789,0,0,0.08415794929789841,0.8147810218978102
61612,0,1,0.08415794929789841,0.8147810218978102
18442,0,1,0.08415794929789841,0.8147810218978102
3323,0,0,0.08415794929789841,0.8147810218978102
90588,0,1,0.08415794929789841,0.8147810218978102
10321,0,0,0.08415794929789841,0.8147810218978102
88116,0,1,0.08415794929789841,0.8147810218978102
46376,0,0,0.08415794929789841,0.8147810218978102
98166,0,0,0.08415794929789841,0.8147810218978102
58453,0,1,0.08415794929789841,0.8147810218978102
21870,0,1,0.08415794929789841,0.8147810218978102
59374,0,0,0.08415794929789841,0.8147810218978102
14653,1,1,0.08415794929789841,0.8147810218978102
11415,0,1,0.08415794929789841,0.8147810218978102
46698,0,0,0.08415794929789841,0.8147810218978102
88953,0,0,0.08415794929789841,0.8147810218978102
55837,0,0,0.08415794929789841,0.8147810218978102
72054,0,1,0.08415794929789841,0.8147810218978102
89026,0,1,0.08415794929789841,0.8147810218978102
34129,0,0,0.08415794929789841,0.8147810218978102
62771,0,1,0.08415794929789841,0.8147810218978102
38366,0,1,0.08415794929789841,0.8147810218978102
72270,0,0,0.08415794929789841,0.8147810218978102
98613,0,0,0.08415794929789841,0.8147810218978102
89174,0,1,0.08415794929789841,0.8147810218978102
20867,0,1,0.08415794929789841,0.8147810218978102
54589,0,1,0.08415794929789841,0.8147810218978102
19029,0,0,0.08415794929789841,0.8147810218978102
53286,0,1,0.08415794929789841,0.8147810218978102
62843,0,1,0.08415794929789841,0.8147810218978102
59312,0,1,0.08415794929789841,0.8147810218978102
8053,0,1,0.08415794929789841,0.8147810218978102
90948,0,1,0.08415794929789841,0.8147810218978102
3022,0,0,0.08415794929789841,0.8147810218978102
64350,0,0,0.08415794929789841,0.8147810218978102
28950,0,1,0.08415794929789841,0.8147810218978102
24396,1,1,0.08415794929789841,0.8147810218978102
15048,0,1,0.08415794929789841,0.8147810218978102
66651,0,1,0.08415794929789841,0.8147810218978102
5725,0,1,0.08415794929789841,0.8147810218978102
14212,0,1,0.08415794929789841,0.8147810218978102
41504,0,1,0.08415794929789841,0.8147810218978102
35629,0,1,0.08415794929789841,0.8147810218978102
39848,0,1,0.08415794929789841,0.8147810218978102
15927,0,1,0.08415794929789841,0.8147810218978102
5497,0,1,0.08415794929789841,0.8147810218978102
84066,0,1,0.08415794929789841,0.8147810218978102
41857,0,1,0.08415794929789841,0.8147810218978102
23355,0,1,0.08415794929789841,0.8147810218978102
20685,1,1,0.08415794929789841,0.8147810218978102
71194,0,1,0.08415794929789841,0.8147810218978102
62619,0,1,0.08415794929789841,0.8147810218978102
28820,0,0,0.08415794929789841,0.8147810218978102
76259,0,0,0.08415794929789841,0.8147810218978102
57538,0,0,0.08415794929789841,0.8147810218978102
12948,0,0,0.08415794929789841,0.8147810218978102
14495,0,0,0.08415794929789841,0.8147810218978102
96995,0,0,0.08415794929789841,0.8147810218978102
23782,0,0,0.08415794929789841,0.8147810218978102
77387,0,1,0.08415794929789841,0.8147810218978102
36534,0,1,0.08415794929789841,0.8147810218978102
6212,0,1,0.08415794929789841,0.8147810218978102
33509,0,1,0.08415794929789841,0.8147810218978102
71344,0,0,0.08415794929789841,0.8147810218978102
84837,0,1,0.08415794929789841,0.8147810218978102
56893,0,1,0.08415794929789841,0.8147810218978102
40585,0,0,0.08415794929789841,0.8147810218978102
34068,0,1,0.08415794929789841,0.8147810218978102
68007,0,0,0.08415794929789841,0.8147810218978102
85601,1,0,0.08415794929789841,0.8147810218978102
5108,0,1,0.08415794929789841,0.8147810218978102
58222,0,0,0.08415794929789841,0.8147810218978102
8411,0,1,0.08415794929789841,0.8147810218978102
94529,0,0,0.08415794929789841,0.8147810218978102
19405,0,1,0.08415794929789841,0.8147810218978102
61994,0,0,0.08415794929789841,0.8147810218978102
63485,0,0,0.08415794929789841,0.8147810218978102
73188,0,1,0.08415794929789841,0.8147810218978102
11545,0,1,0.08415794929789841,0.8147810218978102
54864,0,0,0.08415794929789841,0.8147810218978102
98607,0,0,0.08415794929789841,0.8147810218978102
19396,0,1,0.08415794929789841,0.8147810218978102
40275,0,0,0.08415794929789841,0.8147810218978102
75852,0,1,0.08415794929789841,0.8147810218978102
98816,0,1,0.08415794929789841,0.8147810218978102
63695,0,1,0.08415794929789841,0.8147810218978102
17838,0,1,0.08415794929789841,0.8147810218978102
40686,0,0,0.08415794929789841,0.8147810218978102
61282,0,0,0.08415794929789841,0.8147810218978102
43761,0,1,0.08415794929789841,0.8147810218978102
50752,0,1,0.08415794929789841,0.8147810218978102
47287,0,1,0.08415794929789841,0.8147810218978102
7511,0,0,0.08415794929789841,0.8147810218978102
14280,0,0,0.08415794929789841,0.8147810218978102
80826,0,1,0.08415794929789841,0.8147810218978102
93068,0,0,0.08415794929789841,0.8147810218978102
71404,0,1,0.08415794929789841,0.8147810218978102
81342,0,1,0.08415794929789841,0.8147810218978102
18906,0,0,0.08415794929789841,0.8147810218978102
85473,0,1,0.08415794929789841,0.8147810218978102
84973,1,1,0.08415794929789841,0.8147810218978102
40607,0,1,0.08415794929789841,0.8147810218978102
35520,0,0,0.08415794929789841,0.8147810218978102
91260,0,1,0.08415794929789841,0.8147810218978102
38501,0,1,0.08415794929789841,0.8147810218978102
93413,0,0,0.08415794929789841,0.8147810218978102
36768,0,0,0.08415794929789841,0.8147810218978102
32018,0,1,0.08415794929789841,0.8147810218978102
55365,0,1,0.08415794929789841,0.8147810218978102
47470,0,0,0.08415794929789841,0.8147810218978102
46938,0,1,0.08415794929789841,0.8147810218978102
80387,0,0,0.08415794929789841,0.8147810218978102
63698,0,0,0.08415794929789841,0.8147810218978102
1463,0,1,0.08415794929789841,0.8147810218978102
44516,0,1,0.08415794929789841,0.8147810218978102
19526,0,1,0.08415794929789841,0.8147810218978102
46451,0,0,0.08415794929789841,0.8147810218978102
38844,0,1,0.08415794929789841,0.8147810218978102
85600,1,1,0.08415794929789841,0.8147810218978102
35281,0,1,0.08415794929789841,0.8147810218978102
28973,0,1,0.08415794929789841,0.8147810218978102
81660,0,1,0.08415794929789841,0.8147810218978102
78687,1,1,0.08415794929789841,0.8147810218978102
29187,0,0,0.08415794929789841,0.8147810218978102
12302,0,0,0.08415794929789841,0.8147810218978102
47660,0,1,0.08415794929789841,0.8147810218978102
79315,0,0,0.08415794929789841,0.8147810218978102
55228,0,0,0.08415794929789841,0.8147810218978102
39348,1,1,0.08415794929789841,0.8147810218978102
34427,0,1,0.08415794929789841,0.8147810218978102
18021,0,0,0.08415794929789841,0.8147810218978102
62478,0,0,0.08415794929789841,0.8147810218978102
6284,0,1,0.08415794929789841,0.8147810218978102
88355,0,0,0.08415794929789841,0.8147810218978102
82170,0,0,0.08415794929789841,0.8147810218978102
75832,0,1,0.08415794929789841,0.8147810218978102
50942,0,1,0.08415794929789841,0.8147810218978102
24600,0,0,0.08415794929789841,0.8147810218978102
22220,0,0,0.08415794929789841,0.8147810218978102
15841,0,0,0.08415794929789841,0.8147810218978102
85644,0,0,0.08415794929789841,0.8147810218978102
29929,0,1,0.08415794929789841,0.8147810218978102
55742,0,1,0.08415794929789841,0.8147810218978102
88235,0,1,0.08415794929789841,0.8147810218978102
95616,0,1,0.08415794929789841,0.8147810218978102
28478,0,1,0.08415794929789841,0.8147810218978102
66353,0,1,0.08415794929789841,0.8147810218978102
90020,0,0,0.08415794929789841,0.8147810218978102
24815,0,0,0.08415794929789841,0.8147810218978102
20096,0,0,0.08415794929789841,0.8147810218978102
94920,0,0,0.08415794929789841,0.8147810218978102
67384,0,0,0.08415794929789841,0.8147810218978102
41541,0,0,0.08415794929789841,0.8147810218978102
15541,0,1,0.08415794929789841,0.8147810218978102
47889,0,0,0.08415794929789841,0.8147810218978102
79478,0,0,0.08415794929789841,0.8147810218978102
47091,0,1,0.08415794929789841,0.8147810218978102
72833,0,0,0.08415794929789841,0.8147810218978102
78171,0,1,0.08415794929789841,0.8147810218978102
81271,0,0,0.08415794929789841,0.8147810218978102
14591,0,1,0.08415794929789841,0.8147810218978102
93347,0,0,0.08415794929789841,0.8147810218978102
85781,0,1,0.08415794929789841,0.8147810218978102
14724,0,1,0.08415794929789841,0.8147810218978102
48415,0,0,0.08415794929789841,0.8147810218978102
99444,0,1,0.08415794929789841,0.8147810218978102
31030,0,1,0.08415794929789841,0.8147810218978102
62712,0,1,0.08415794929789841,0.8147810218978102
83532,1,1,0.08415794929789841,0.8147810218978102
51791,0,1,0.08415794929789841,0.8147810218978102
71645,0,1,0.08415794929789841,0.8147810218978102
42368,0,0,0.08415794929789841,0.8147810218978102
18757,0,1,0.08415794929789841,0.8147810218978102
77865,0,1,0.08415794929789841,0.8147810218978102
11655,0,1,0.08415794929789841,0.8147810218978102
28654,0,0,0.08415794929789841,0.8147810218978102
78366,0,1,0.08415794929789841,0.8147810218978102
27954,0,1,0.08415794929789841,0.8147810218978102
31257,0,1,0.08415794929789841,0.8147810218978102
31122,1,1,0.08415794929789841,0.8147810218978102
94737,0,0,0.08415794929789841,0.8147810218978102
68527,0,1,0.08415794929789841,0.8147810218978102
85396,0,0,0.08415794929789841,0.8147810218978102
99232,1,1,0.08415794929789841,0.8147810218978102
33617,0,1,0.08415794929789841,0.8147810218978102
61561,0,1,0.08415794929789841,0.8147810218978102
25124,0,0,0.08415794929789841,0.8147810218978102
47103,0,0,0.08415794929789841,0.8147810218978102
75007,0,1,0.08415794929789841,0.8147810218978102
17304,0,0,0.08415794929789841,0.8147810218978102
12958,0,0,0.08415794929789841,0.8147810218978102
55263,0,0,0.08415794929789841,0.8147810218978102
38230,0,0,0.08415794929789841,0.8147810218978102
91365,0,0,0.08415794929789841,0.8147810218978102
66902,0,0,0.08415794929789841,0.8147810218978102
12367,0,1,0.08415794929789841,0.8147810218978102
17453,0,0,0.08415794929789841,0.8147810218978102
68947,1,1,0.08415794929789841,0.8147810218978102
11759,0,0,0.08415794929789841,0.8147810218978102
27860,0,0,0.08415794929789841,0.8147810218978102
60286,0,0,0.08415794929789841,0.8147810218978102
86720,0,1,0.08415794929789841,0.8147810218978102
98956,0,1,0.08415794929789841,0.8147810218978102
79771,0,1,0.08415794929789841,0.8147810218978102
14221,0,1,0.08415794929789841,0.8147810218978102
52295,0,0,0.08415794929789841,0.8147810218978102
96804,0,1,0.08415794929789841,0.8147810218978102
93410,1,1,0.08415794929789841,0.8147810218978102
50016,0,0,0.08415794929789841,0.8147810218978102
83844,0,1,0.08415794929789841,0.8147810218978102
26963,0,1,0.08415794929789841,0.8147810218978102
46380,0,1,0.08415794929789841,0.8147810218978102
50710,0,1,0.08415794929789841,0.8147810218978102
6095,0,1,0.08415794929789841,0.8147810218978102
82503,0,1,0.08415794929789841,0.8147810218978102
60443,0,0,0.08415794929789841,0.8147810218978102
25493,0,1,0.08415794929789841,0.8147810218978102
13227,0,0,0.08415794929789841,0.8147810218978102
11427,0,0,0.08415794929789841,0.8147810218978102
5345,0,0,0.08415794929789841,0.8147810218978102
59002,0,1,0.08415794929789841,0.8147810218978102
24965,0,0,0.08415794929789841,0.8147810218978102
381,0,1,0.08415794929789841,0.8147810218978102
43983,1,0,0.08415794929789841,0.8147810218978102
7639,0,0,0.08415794929789841,0.8147810218978102
65055,0,0,0.08415794929789841,0.8147810218978102
64291,0,1,0.08415794929789841,0.8147810218978102
832,0,1,0.08415794929789841,0.8147810218978102
18539,0,1,0.08415794929789841,0.8147810218978102
91592,0,0,0.08415794929789841,0.8147810218978102
12518,0,1,0.08415794929789841,0.8147810218978102
52092,0,0,0.08415794929789841,0.8147810218978102
91623,0,0,0.08415794929789841,0.8147810218978102
93252,0,1,0.08415794929789841,0.8147810218978102
34689,0,1,0.08415794929789841,0.8147810218978102
95542,0,0,0.08415794929789841,0.8147810218978102
76200,0,1,0.08415794929789841,0.8147810218978102
75864,0,1,0.08415794929789841,0.8147810218978102
57683,0,0,0.08415794929789841,0.8147810218978102
94038,1,1,0.08415794929789841,0.8147810218978102
8340,0,1,0.08415794929789841,0.8147810218978102
97926,0,1,0.08415794929789841,0.8147810218978102
68879,0,1,0.08415794929789841,0.8147810218978102
55296,0,1,0.08415794929789841,0.8147810218978102
70822,0,1,0.08415794929789841,0.8147810218978102
95803,0,0,0.08415794929789841,0.8147810218978102
79885,0,0,0.08415794929789841,0.8147810218978102
91207,0,0,0.08415794929789841,0.8147810218978102
53289,0,1,0.08415794929789841,0.8147810218978102
99610,0,0,0.08415794929789841,0.8147810218978102
63003,0,0,0.08415794929789841,0.8147810218978102
23257,0,1,0.08415794929789841,0.8147810218978102
11143,0,0,0.08415794929789841,0.8147810218978102
19495,0,1,0.08415794929789841,0.8147810218978102
60143,0,1,0.08415794929789841,0.8147810218978102
44734,0,1,0.08415794929789841,0.8147810218978102
57624,0,1,0.08415794929789841,0.8147810218978102
90631,0,1,0.08415794929789841,0.8147810218978102
49437,0,1,0.08415794929789841,0.8147810218978102
96539,0,0,0.08415794929789841,0.8147810218978102
88977,0,0,0.08415794929789841,0.8147810218978102
15343,1,0,0.08415794929789841,0.8147810218978102
5098,0,0,0.08415794929789841,0.8147810218978102
90019,0,1,0.08415794929789841,0.8147810218978102
52267,0,1,0.08415794929789841,0.8147810218978102
44671,0,1,0.08415794929789841,0.8147810218978102
59368,0,1,0.08415794929789841,0.8147810218978102
16806,0,1,0.08415794929789841,0.8147810218978102
25710,0,1,0.08415794929789841,0.8147810218978102
91764,0,0,0.08415794929789841,0.8147810218978102
90191,0,0,0.08415794929789841,0.8147810218978102
56980,0,0,0.08415794929789841,0.8147810218978102
65972,0,1,0.08415794929789841,0.8147810218978102
33974,0,1,0.08415794929789841,0.8147810218978102
17301,0,0,0.08415794929789841,0.8147810218978102
69595,0,1,0.08415794929789841,0.8147810218978102
19281,0,1,0.08415794929789841,0.8147810218978102
87416,1,1,0.08415794929789841,0.8147810218978102
27432,0,0,0.08415794929789841,0.8147810218978102
54941,0,1,0.08415794929789841,0.8147810218978102
52740,0,1,0.08415794929789841,0.8147810218978102
53887,0,0,0.08415794929789841,0.8147810218978102
90987,0,0,0.08415794929789841,0.8147810218978102
84541,1,1,0.08415794929789841,0.8147810218978102
16932,0,1,0.08415794929789841,0.8147810218978102
91716,0,0,0.08415794929789841,0.8147810218978102
49227,0,0,0.08415794929789841,0.8147810218978102
65357,0,0,0.08415794929789841,0.8147810218978102
60083,0,0,0.08415794929789841,0.8147810218978102
85527,0,1,0.08415794929789841,0.8147810218978102
62422,0,0,0.08415794929789841,0.8147810218978102
18091,0,1,0.08415794929789841,0.8147810218978102
57470,0,1,0.08415794929789841,0.8147810218978102
42904,0,1,0.08415794929789841,0.8147810218978102
3660,0,1,0.08415794929789841,0.8147810218978102
37554,0,1,0.08415794929789841,0.8147810218978102
72086,0,1,0.08415794929789841,0.8147810218978102
21744,0,1,0.08415794929789841,0.8147810218978102
65284,0,0,0.08415794929789841,0.8147810218978102
95549,0,0,0.08415794929789841,0.8147810218978102
10569,0,0,0.08415794929789841,0.8147810218978102
80931,0,1,0.08415794929789841,0.8147810218978102
39946,0,0,0.08415794929789841,0.8147810218978102
94183,0,1,0.08415794929789841,0.8147810218978102
68457,0,1,0.08415794929789841,0.8147810218978102
48829,0,0,0.08415794929789841,0.8147810218978102
89041,0,0,0.08415794929789841,0.8147810218978102
95105,0,1,0.08415794929789841,0.8147810218978102
38730,0,1,0.08415794929789841,0.8147810218978102
92331,0,1,0.08415794929789841,0.8147810218978102
7193,0,1,0.08415794929789841,0.8147810218978102
19780,0,0,0.08415794929789841,0.8147810218978102
63601,0,0,0.08415794929789841,0.8147810218978102
84700,0,1,0.08415794929789841,0.8147810218978102
91356,0,1,0.08415794929789841,0.8147810218978102
70262,0,1,0.08415794929789841,0.8147810218978102
33695,1,0,0.08415794929789841,0.8147810218978102
38480,1,1,0.08415794929789841,0.8147810218978102
33135,0,0,0.08415794929789841,0.8147810218978102
86674,0,1,0.08415794929789841,0.8147810218978102
4048,0,1,0.08415794929789841,0.8147810218978102
28479,0,1,0.08415794929789841,0.8147810218978102
33170,0,0,0.08415794929789841,0.8147810218978102
67032,0,0,0.08415794929789841,0.8147810218978102
81016,0,1,0.08415794929789841,0.8147810218978102
87670,0,1,0.08415794929789841,0.8147810218978102
77952,0,0,0.08415794929789841,0.8147810218978102
19441,0,0,0.08415794929789841,0.8147810218978102
21460,0,0,0.08415794929789841,0.8147810218978102
43194,0,0,0.08415794929789841,0.8147810218978102
76344,0,1,0.08415794929789841,0.8147810218978102
48590,0,0,0.08415794929789841,0.8147810218978102
39829,0,0,0.08415794929789841,0.8147810218978102
5613,0,1,0.08415794929789841,0.8147810218978102
20838,0,0,0.08415794929789841,0.8147810218978102
69251,0,0,0.08415794929789841,0.8147810218978102
38984,0,0,0.08415794929789841,0.8147810218978102
99424,0,1,0.08415794929789841,0.8147810218978102
60462,0,0,0.08415794929789841,0.8147810218978102
76820,0,1,0.08415794929789841,0.8147810218978102
53381,0,1,0.08415794929789841,0.8147810218978102
53819,0,0,0.08415794929789841,0.8147810218978102
45802,0,1,0.08415794929789841,0.8147810218978102
91540,1,1,0.08415794929789841,0.8147810218978102
26411,0,0,0.08415794929789841,0.8147810218978102
83643,0,0,0.08415794929789841,0.8147810218978102
55714,0,1,0.08415794929789841,0.8147810218978102
43598,0,1,0.08415794929789841,0.8147810218978102
28780,0,1,0.08415794929789841,0.8147810218978102
66110,0,1,0.08415794929789841,0.8147810218978102
40117,0,1,0.08415794929789841,0.8147810218978102
33049,0,0,0.08415794929789841,0.8147810218978102
39742,0,0,0.08415794929789841,0.8147810218978102
25143,0,1,0.08415794929789841,0.8147810218978102
61047,0,0,0.08415794929789841,0.8147810218978102
26198,0,0,0.08415794929789841,0.8147810218978102
3403,0,1,0.08415794929789841,0.8147810218978102
28117,0,0,0.08415794929789841,0.8147810218978102
59551,0,1,0.08415794929789841,0.8147810218978102
70104,0,0,0.08415794929789841,0.8147810218978102
97669,0,1,0.08415794929789841,0.8147810218978102
71256,0,0,0.08415794929789841,0.8147810218978102
13870,0,1,0.08415794929789841,0.8147810218978102
24024,0,1,0.08415794929789841,0.8147810218978102
94890,1,1,0.08415794929789841,0.8147810218978102
57922,0,1,0.08415794929789841,0.8147810218978102
30708,0,1,0.08415794929789841,0.8147810218978102
82798,0,0,0.08415794929789841,0.8147810218978102
7753,0,0,0.08415794929789841,0.8147810218978102
37560,0,0,0.08415794929789841,0.8147810218978102
99441,0,0,0.08415794929789841,0.8147810218978102
38488,0,0,0.08415794929789841,0.8147810218978102
22946,0,1,0.08415794929789841,0.8147810218978102
13919,0,0,0.08415794929789841,0.8147810218978102
45376,0,1,0.08415794929789841,0.8147810218978102
99626,0,0,0.08415794929789841,0.8147810218978102
84377,0,1,0.08415794929789841,0.8147810218978102
94198,0,1,0.08415794929789841,0.8147810218978102
17664,0,0,0.08415794929789841,0.8147810218978102
80306,0,0,0.08415794929789841,0.8147810218978102
28020,0,1,0.08415794929789841,0.8147810218978102
98892,0,1,0.08415794929789841,0.8147810218978102
32108,0,1,0.08415794929789841,0.8147810218978102
38118,0,0,0.08415794929789841,0.8147810218978102
70428,0,1,0.08415794929789841,0.8147810218978102
77473,0,0,0.08415794929789841,0.8147810218978102
21625,0,1,0.08415794929789841,0.8147810218978102
9056,0,1,0.08415794929789841,0.8147810218978102
64809,0,1,0.08415794929789841,0.8147810218978102
71448,0,0,0.08415794929789841,0.8147810218978102
20347,0,0,0.08415794929789841,0.8147810218978102
37339,0,1,0.08415794929789841,0.8147810218978102
62452,0,1,0.08415794929789841,0.8147810218978102
6940,0,0,0.08415794929789841,0.8147810218978102
28086,0,1,0.08415794929789841,0.8147810218978102
15102,0,0,0.08415794929789841,0.8147810218978102
32602,0,0,0.08415794929789841,0.8147810218978102
35483,0,1,0.08415794929789841,0.8147810218978102
27936,0,0,0.08415794929789841,0.8147810218978102
49032,0,0,0.08415794929789841,0.8147810218978102
58914,0,0,0.08415794929789841,0.8147810218978102
31226,0,1,0.08415794929789841,0.8147810218978102
24505,1,1,0.08415794929789841,0.8147810218978102
53274,1,1,0.08415794929789841,0.8147810218978102
58447,0,1,0.08415794929789841,0.8147810218978102
70073,0,0,0.08415794929789841,0.8147810218978102
49933,0,0,0.08415794929789841,0.8147810218978102
39266,0,1,0.08415794929789841,0.8147810218978102
54725,0,0,0.08415794929789841,0.8147810218978102
88845,0,1,0.08415794929789841,0.8147810218978102
39825,1,0,0.08415794929789841,0.8147810218978102
74066,0,0,0.08415794929789841,0.8147810218978102
3143,0,1,0.08415794929789841,0.8147810218978102
18235,0,1,0.08415794929789841,0.8147810218978102
321,0,1,0.08415794929789841,0.8147810218978102
98629,0,0,0.08415794929789841,0.8147810218978102
59338,0,1,0.08415794929789841,0.8147810218978102
29429,1,1,0.08415794929789841,0.8147810218978102
16269,0,1,0.08415794929789841,0.8147810218978102
77857,0,1,0.08415794929789841,0.8147810218978102
15116,0,0,0.08415794929789841,0.8147810218978102
81385,0,0,0.08415794929789841,0.8147810218978102
68721,0,0,0.08415794929789841,0.8147810218978102
44950,0,1,0.08415794929789841,0.8147810218978102
77652,0,1,0.08415794929789841,0.8147810218978102
44139,0,0,0.08415794929789841,0.8147810218978102
66704,0,0,0.08415794929789841,0.8147810218978102
76167,0,1,0.08415794929789841,0.8147810218978102
79385,0,1,0.08415794929789841,0.8147810218978102
31321,0,0,0.08415794929789841,0.8147810218978102
50551,0,0,0.08415794929789841,0.8147810218978102
4822,0,1,0.08415794929789841,0.8147810218978102
62310,0,0,0.08415794929789841,0.8147810218978102
94372,0,0,0.08415794929789841,0.8147810218978102
71710,0,1,0.08415794929789841,0.8147810218978102
23775,0,1,0.08415794929789841,0.8147810218978102
54016,0,1,0.08415794929789841,0.8147810218978102
38708,0,0,0.08415794929789841,0.8147810218978102
94991,0,0,0.08415794929789841,0.8147810218978102
94801,0,0,0.08415794929789841,0.8147810218978102
45310,0,0,0.08415794929789841,0.8147810218978102
34715,0,1,0.08415794929789841,0.8147810218978102
26596,0,0,0.08415794929789841,0.8147810218978102
21656,0,0,0.08415794929789841,0.8147810218978102
2713,0,1,0.08415794929789841,0.8147810218978102
26962,0,0,0.08415794929789841,0.8147810218978102
30925,0,1,0.08415794929789841,0.8147810218978102
77640,0,0,0.08415794929789841,0.8147810218978102
94029,0,0,0.08415794929789841,0.8147810218978102
62327,0,0,0.08415794929789841,0.8147810218978102
50647,0,0,0.08415794929789841,0.8147810218978102
76273,0,0,0.08415794929789841,0.8147810218978102
34938,0,0,0.08415794929789841,0.8147810218978102
30667,0,1,0.08415794929789841,0.8147810218978102
50137,0,1,0.08415794929789841,0.8147810218978102
66152,0,1,0.08415794929789841,0.8147810218978102
23960,0,0,0.08415794929789841,0.8147810218978102
58763,0,1,0.08415794929789841,0.8147810218978102
1702,0,1,0.08415794929789841,0.8147810218978102
68240,0,0,0.08415794929789841,0.8147810218978102
29901,0,1,0.08415794929789841,0.8147810218978102
92485,0,0,0.08415794929789841,0.8147810218978102
92885,0,1,0.08415794929789841,0.8147810218978102
8372,0,0,0.08415794929789841,0.8147810218978102
223,0,1,0.08415794929789841,0.8147810218978102
99774,0,0,0.08415794929789841,0.8147810218978102
12049,0,0,0.08415794929789841,0.8147810218978102
31447,0,0,0.08415794929789841,0.8147810218978102
96799,0,1,0.08415794929789841,0.8147810218978102
63869,0,0,0.08415794929789841,0.8147810218978102
26436,0,1,0.08415794929789841,0.8147810218978102
79581,0,1,0.08415794929789841,0.8147810218978102
17039,0,0,0.08415794929789841,0.8147810218978102
56073,0,1,0.08415794929789841,0.8147810218978102
30884,0,0,0.08415794929789841,0.8147810218978102
87793,0,0,0.08415794929789841,0.8147810218978102
26552,0,1,0.08415794929789841,0.8147810218978102
28362,0,1,0.08415794929789841,0.8147810218978102
90623,0,0,0.08415794929789841,0.8147810218978102
27600,0,1,0.08415794929789841,0.8147810218978102
81521,0,0,0.08415794929789841,0.8147810218978102
30299,0,0,0.08415794929789841,0.8147810218978102
28221,0,0,0.08415794929789841,0.8147810218978102
15805,0,0,0.08415794929789841,0.8147810218978102
7707,0,0,0.08415794929789841,0.8147810218978102
1755,0,1,0.08415794929789841,0.8147810218978102
83705,0,0,0.08415794929789841,0.8147810218978102
11423,0,0,0.08415794929789841,0.8147810218978102
95934,0,1,0.08415794929789841,0.8147810218978102
48159,0,0,0.08415794929789841,0.8147810218978102
57988,0,0,0.08415794929789841,0.8147810218978102
80603,0,1,0.08415794929789841,0.8147810218978102
22106,0,1,0.08415794929789841,0.8147810218978102
41363,0,1,0.08415794929789841,0.8147810218978102
47928,0,0,0.08415794929789841,0.8147810218978102
61820,0,1,0.08415794929789841,0.8147810218978102
44649,0,0,0.08415794929789841,0.8147810218978102
3822,1,1,0.08415794929789841,0.8147810218978102
99182,0,1,0.08415794929789841,0.8147810218978102
24668,0,1,0.08415794929789841,0.8147810218978102
66258,0,1,0.08415794929789841,0.8147810218978102
36227,0,0,0.08415794929789841,0.8147810218978102
97318,0,0,0.08415794929789841,0.8147810218978102
88176,0,0,0.08415794929789841,0.8147810218978102
61569,0,0,0.08415794929789841,0.8147810218978102
35611,0,1,0.08415794929789841,0.8147810218978102
86846,0,0,0.08415794929789841,0.8147810218978102
5984,0,1,0.08415794929789841,0.8147810218978102
1026,0,1,0.08415794929789841,0.8147810218978102
20678,0,1,0.08415794929789841,0.8147810218978102
24446,0,0,0.08415794929789841,0.8147810218978102
50882,0,0,0.08415794929789841,0.8147810218978102
2039,0,0,0.08415794929789841,0.8147810218978102
23897,0,1,0.08415794929789841,0.8147810218978102
45874,0,0,0.08415794929789841,0.8147810218978102
55685,0,0,0.08415794929789841,0.8147810218978102
21602,1,1,0.08415794929789841,0.8147810218978102
99916,0,1,0.08415794929789841,0.8147810218978102
62624,0,0,0.08415794929789841,0.8147810218978102
25007,0,0,0.08415794929789841,0.8147810218978102
76826,0,0,0.08415794929789841,0.8147810218978102
91117,0,0,0.08415794929789841,0.8147810218978102
17062,0,1,0.08415794929789841,0.8147810218978102
88039,0,1,0.08415794929789841,0.8147810218978102
11234,0,1,0.08415794929789841,0.8147810218978102
40063,0,1,0.08415794929789841,0.8147810218978102
29043,0,1,0.08415794929789841,0.8147810218978102
10445,0,1,0.08415794929789841,0.8147810218978102
79881,0,1,0.08415794929789841,0.8147810218978102
80855,0,1,0.08415794929789841,0.8147810218978102
28097,0,0,0.08415794929789841,0.8147810218978102
48966,0,1,0.08415794929789841,0.8147810218978102
18903,0,0,0.08415794929789841,0.8147810218978102
60312,0,0,0.08415794929789841,0.8147810218978102
6357,0,1,0.08415794929789841,0.8147810218978102
91955,1,1,0.08415794929789841,0.8147810218978102
83935,0,1,0.08415794929789841,0.8147810218978102
89176,1,1,0.08415794929789841,0.8147810218978102
2625,0,0,0.08415794929789841,0.8147810218978102
64490,0,0,0.08415794929789841,0.8147810218978102
71686,0,0,0.08415794929789841,0.8147810218978102
86462,1,1,0.08415794929789841,0.8147810218978102
18608,0,0,0.08415794929789841,0.8147810218978102
96919,0,1,0.08415794929789841,0.8147810218978102
34012,0,1,0.08415794929789841,0.8147810218978102
56959,0,0,0.08415794929789841,0.8147810218978102
80069,0,1,0.08415794929789841,0.8147810218978102
48132,0,0,0.08415794929789841,0.8147810218978102
92814,0,0,0.08415794929789841,0.8147810218978102
64953,0,1,0.08415794929789841,0.8147810218978102
55207,0,0,0.08415794929789841,0.8147810218978102
12168,0,1,0.08415794929789841,0.8147810218978102
6616,0,1,0.08415794929789841,0.8147810218978102
1040,0,0,0.08415794929789841,0.8147810218978102
80243,0,1,0.08415794929789841,0.8147810218978102
34201,0,0,0.08415794929789841,0.8147810218978102
39056,0,0,0.08415794929789841,0.8147810218978102
50575,0,0,0.08415794929789841,0.8147810218978102
12700,0,1,0.08415794929789841,0.8147810218978102
54938,0,1,0.08415794929789841,0.8147810218978102
85425,0,1,0.08415794929789841,0.8147810218978102
21113,0,0,0.08415794929789841,0.8147810218978102
78834,0,1,0.08415794929789841,0.8147810218978102
42250,0,0,0.08415794929789841,0.8147810218978102
57859,0,0,0.08415794929789841,0.8147810218978102
21316,0,1,0.08415794929789841,0.8147810218978102
87148,0,1,0.08415794929789841,0.8147810218978102
11748,0,0,0.08415794929789841,0.8147810218978102
61119,0,0,0.08415794929789841,0.8147810218978102
94299,0,0,0.08415794929789841,0.8147810218978102
30164,0,0,0.08415794929789841,0.8147810218978102
93803,0,0,0.08415794929789841,0.8147810218978102
54839,0,0,0.08415794929789841,0.8147810218978102
58907,0,1,0.08415794929789841,0.8147810218978102
15986,0,1,0.08415794929789841,0.8147810218978102
16298,0,0,0.08415794929789841,0.8147810218978102
33724,0,0,0.08415794929789841,0.8147810218978102
89322,0,1,0.08415794929789841,0.8147810218978102
65942,0,1,0.08415794929789841,0.8147810218978102
35978,0,0,0.08415794929789841,0.8147810218978102
54925,0,0,0.08415794929789841,0.8147810218978102
83728,0,1,0.08415794929789841,0.8147810218978102
66743,0,1,0.08415794929789841,0.8147810218978102
35852,0,1,0.08415794929789841,0.8147810218978102
25917,0,1,0.08415794929789841,0.8147810218978102
81780,0,1,0.08415794929789841,0.8147810218978102
23055,0,0,0.08415794929789841,0.8147810218978102
26412,0,1,0.08415794929789841,0.8147810218978102
71310,0,1,0.08415794929789841,0.8147810218978102
26944,0,0,0.08415794929789841,0.8147810218978102
44071,0,0,0.08415794929789841,0.8147810218978102
63949,0,1,0.08415794929789841,0.8147810218978102
97139,0,0,0.08415794929789841,0.8147810218978102
9121,0,0,0.08415794929789841,0.8147810218978102
72113,0,0,0.08415794929789841,0.8147810218978102
19800,0,1,0.08415794929789841,0.8147810218978102
6421,0,1,0.08415794929789841,0.8147810218978102
43069,0,0,0.08415794929789841,0.8147810218978102
99119,0,1,0.08415794929789841,0.8147810218978102
28761,0,1,0.08415794929789841,0.8147810218978102
10743,0,0,0.08415794929789841,0.8147810218978102
68715,0,1,0.08415794929789841,0.8147810218978102
22104,0,0,0.08415794929789841,0.8147810218978102
12240,0,0,0.08415794929789841,0.8147810218978102
51517,0,0,0.08415794929789841,0.8147810218978102
28000,1,1,0.08415794929789841,0.8147810218978102
58965,0,1,0.08415794929789841,0.8147810218978102
58086,0,1,0.08415794929789841,0.8147810218978102
45750,0,1,0.08415794929789841,0.8147810218978102
97529,0,1,0.08415794929789841,0.8147810218978102
27138,0,0,0.08415794929789841,0.8147810218978102
28190,0,0,0.08415794929789841,0.8147810218978102
78944,0,0,0.08415794929789841,0.8147810218978102
66871,0,1,0.08415794929789841,0.8147810218978102
37313,0,0,0.08415794929789841,0.8147810218978102
27969,0,1,0.08415794929789841,0.8147810218978102
22683,1,1,0.08415794929789841,0.8147810218978102
89952,0,0,0.08415794929789841,0.8147810218978102
11628,0,0,0.08415794929789841,0.8147810218978102
4529,0,0,0.08415794929789841,0.8147810218978102
10383,0,1,0.08415794929789841,0.8147810218978102
10511,0,1,0.08415794929789841,0.8147810218978102
69780,0,0,0.08415794929789841,0.8147810218978102
71612,0,0,0.08415794929789841,0.8147810218978102
5062,0,1,0.08415794929789841,0.8147810218978102
51393,0,0,0.08415794929789841,0.8147810218978102
61603,0,0,0.08415794929789841,0.8147810218978102
72642,0,0,0.08415794929789841,0.8147810218978102
2860,0,0,0.08415794929789841,0.8147810218978102
19263,0,0,0.08415794929789841,0.8147810218978102
53432,0,1,0.08415794929789841,0.8147810218978102
33988,0,1,0.08415794929789841,0.8147810218978102
30422,0,1,0.08415794929789841,0.8147810218978102
8314,0,0,0.08415794929789841,0.8147810218978102
75266,0,1,0.08415794929789841,0.8147810218978102
68865,0,0,0.08415794929789841,0.8147810218978102
71884,0,1,0.08415794929789841,0.8147810218978102
15257,0,0,0.08415794929789841,0.8147810218978102
59856,0,1,0.08415794929789841,0.8147810218978102
27915,0,0,0.08415794929789841,0.8147810218978102
90271,0,0,0.08415794929789841,0.8147810218978102
86352,0,1,0.08415794929789841,0.8147810218978102
36601,0,1,0.08415794929789841,0.8147810218978102
49265,0,1,0.08415794929789841,0.8147810218978102
1135,0,1,0.08415794929789841,0.8147810218978102
65758,0,0,0.08415794929789841,0.8147810218978102
1238,0,0,0.08415794929789841,0.8147810218978102
21748,0,0,0.08415794929789841,0.8147810218978102
30280,0,1,0.08415794929789841,0.8147810218978102
95442,0,1,0.08415794929789841,0.8147810218978102
4050,0,1,0.08415794929789841,0.8147810218978102
21742,0,0,0.08415794929789841,0.8147810218978102
62104,0,1,0.08415794929789841,0.8147810218978102
28935,0,0,0.08415794929789841,0.8147810218978102
69266,0,1,0.08415794929789841,0.8147810218978102
43981,0,1,0.08415794929789841,0.8147810218978102
74264,0,1,0.08415794929789841,0.8147810218978102
23908,0,0,0.08415794929789841,0.8147810218978102
98359,0,0,0.08415794929789841,0.8147810218978102
74267,0,0,0.08415794929789841,0.8147810218978102
68950,0,1,0.08415794929789841,0.8147810218978102
64017,0,0,0.08415794929789841,0.8147810218978102
81704,0,0,0.08415794929789841,0.8147810218978102
41360,0,0,0.08415794929789841,0.8147810218978102
22761,0,1,0.08415794929789841,0.8147810218978102
52870,0,1,0.08415794929789841,0.8147810218978102
97242,0,0,0.08415794929789841,0.8147810218978102
93921,0,0,0.08415794929789841,0.8147810218978102
64180,0,1,0.08415794929789841,0.8147810218978102
98358,0,0,0.08415794929789841,0.8147810218978102
48834,0,1,0.08415794929789841,0.8147810218978102
99980,0,0,0.08415794929789841,0.8147810218978102
40346,0,1,0.08415794929789841,0.8147810218978102
69765,0,0,0.08415794929789841,0.8147810218978102
32592,0,0,0.08415794929789841,0.8147810218978102
10616,0,0,0.08415794929789841,0.8147810218978102
40968,0,1,0.08415794929789841,0.8147810218978102
85550,0,1,0.08415794929789841,0.8147810218978102
65519,0,1,0.08415794929789841,0.8147810218978102
38479,0,1,0.08415794929789841,0.8147810218978102
34491,0,0,0.08415794929789841,0.8147810218978102
16692,0,1,0.08415794929789841,0.8147810218978102
6671,0,0,0.08415794929789841,0.8147810218978102
14236,0,0,0.08415794929789841,0.8147810218978102
38693,1,0,0.08415794929789841,0.8147810218978102
45901,0,0,0.08415794929789841,0.8147810218978102
15175,0,1,0.08415794929789841,0.8147810218978102
54630,0,1,0.08415794929789841,0.8147810218978102
58512,0,1,0.08415794929789841,0.8147810218978102
19018,0,0,0.08415794929789841,0.8147810218978102
55266,0,0,0.08415794929789841,0.8147810218978102
11101,0,1,0.08415794929789841,0.8147810218978102
20437,0,0,0.08415794929789841,0.8147810218978102
91975,0,0,0.08415794929789841,0.8147810218978102
44903,0,1,0.08415794929789841,0.8147810218978102
58785,0,1,0.08415794929789841,0.8147810218978102
62925,0,0,0.08415794929789841,0.8147810218978102
44302,0,1,0.08415794929789841,0.8147810218978102
93978,0,1,0.08415794929789841,0.8147810218978102
30143,0,1,0.08415794929789841,0.8147810218978102
42860,0,1,0.08415794929789841,0.8147810218978102
42369,0,1,0.08415794929789841,0.8147810218978102
47799,0,1,0.08415794929789841,0.8147810218978102
64693,0,0,0.08415794929789841,0.8147810218978102
27408,0,1,0.08415794929789841,0.8147810218978102
77621,0,0,0.08415794929789841,0.8147810218978102
32903,0,0,0.08415794929789841,0.8147810218978102
4179,0,0,0.08415794929789841,0.8147810218978102
4868,0,1,0.08415794929789841,0.8147810218978102
27927,0,1,0.08415794929789841,0.8147810218978102
81510,0,0,0.08415794929789841,0.8147810218978102
51954,0,1,0.08415794929789841,0.8147810218978102
36875,0,0,0.08415794929789841,0.8147810218978102
31021,0,1,0.08415794929789841,0.8147810218978102
51413,0,1,0.08415794929789841,0.8147810218978102
11821,0,1,0.08415794929789841,0.8147810218978102
24693,0,0,0.08415794929789841,0.8147810218978102
44960,0,0,0.08415794929789841,0.8147810218978102
22637,0,1,0.08415794929789841,0.8147810218978102
89618,0,0,0.08415794929789841,0.8147810218978102
98650,0,1,0.08415794929789841,0.8147810218978102
92547,0,1,0.08415794929789841,0.8147810218978102
21410,0,0,0.08415794929789841,0.8147810218978102
46134,0,0,0.08415794929789841,0.8147810218978102
74372,0,0,0.08415794929789841,0.8147810218978102
19734,0,0,0.08415794929789841,0.8147810218978102
82962,0,0,0.08415794929789841,0.8147810218978102
14001,0,1,0.08415794929789841,0.8147810218978102
47867,0,1,0.08415794929789841,0.8147810218978102
10418,0,0,0.08415794929789841,0.8147810218978102
14233,0,0,0.08415794929789841,0.8147810218978102
99702,0,1,0.08415794929789841,0.8147810218978102
24272,0,0,0.08415794929789841,0.8147810218978102
3039,0,1,0.08415794929789841,0.8147810218978102
6851,0,0,0.08415794929789841,0.8147810218978102
16267,0,0,0.08415794929789841,0.8147810218978102
77957,1,1,0.08415794929789841,0.8147810218978102
99988,0,0,0.08415794929789841,0.8147810218978102
7862,0,0,0.08415794929789841,0.8147810218978102
3409,0,0,0.08415794929789841,0.8147810218978102
1799,0,0,0.08415794929789841,0.8147810218978102
73453,0,1,0.08415794929789841,0.8147810218978102
20225,0,0,0.08415794929789841,0.8147810218978102
63757,0,0,0.08415794929789841,0.8147810218978102
29664,0,1,0.08415794929789841,0.8147810218978102
72924,0,0,0.08415794929789841,0.8147810218978102
90384,0,1,0.08415794929789841,0.8147810218978102
98299,0,1,0.08415794929789841,0.8147810218978102
47217,0,0,0.08415794929789841,0.8147810218978102
63977,0,1,0.08415794929789841,0.8147810218978102
26022,0,0,0.08415794929789841,0.8147810218978102
91427,0,0,0.08415794929789841,0.8147810218978102
80927,0,0,0.08415794929789841,0.8147810218978102
57438,0,1,0.08415794929789841,0.8147810218978102
71527,0,0,0.08415794929789841,0.8147810218978102
54685,0,0,0.08415794929789841,0.8147810218978102
8213,0,1,0.08415794929789841,0.8147810218978102
84500,0,1,0.08415794929789841,0.8147810218978102
78237,0,1,0.08415794929789841,0.8147810218978102
8789,0,0,0.08415794929789841,0.8147810218978102
26715,0,1,0.08415794929789841,0.8147810218978102
40048,0,1,0.08415794929789841,0.8147810218978102
89597,0,1,0.08415794929789841,0.8147810218978102
11817,0,1,0.08415794929789841,0.8147810218978102
7283,0,0,0.08415794929789841,0.8147810218978102
44702,0,0,0.08415794929789841,0.8147810218978102
13093,0,0,0.08415794929789841,0.8147810218978102
44101,0,0,0.08415794929789841,0.8147810218978102
10693,0,1,0.08415794929789841,0.8147810218978102
25463,0,0,0.08415794929789841,0.8147810218978102
13710,0,0,0.08415794929789841,0.8147810218978102
21973,0,0,0.08415794929789841,0.8147810218978102
58800,1,0,0.08415794929789841,0.8147810218978102
94807,0,1,0.08415794929789841,0.8147810218978102
75263,0,0,0.08415794929789841,0.8147810218978102
44542,0,1,0.08415794929789841,0.8147810218978102
429,0,1,0.08415794929789841,0.8147810218978102
90246,1,1,0.08415794929789841,0.8147810218978102
60317,0,1,0.08415794929789841,0.8147810218978102
10227,0,0,0.08415794929789841,0.8147810218978102
21639,0,1,0.08415794929789841,0.8147810218978102
64192,1,1,0.08415794929789841,0.8147810218978102
82495,0,1,0.08415794929789841,0.8147810218978102
52921,0,1,0.08415794929789841,0.8147810218978102
78406,0,0,0.08415794929789841,0.8147810218978102
31940,0,0,0.08415794929789841,0.8147810218978102
65034,0,0,0.08415794929789841,0.8147810218978102
44729,0,1,0.08415794929789841,0.8147810218978102
18559,1,1,0.08415794929789841,0.8147810218978102
37629,0,1,0.08415794929789841,0.8147810218978102
66048,0,1,0.08415794929789841,0.8147810218978102
23256,0,1,0.08415794929789841,0.8147810218978102
55243,0,0,0.08415794929789841,0.8147810218978102
29591,0,1,0.08415794929789841,0.8147810218978102
70627,0,1,0.08415794929789841,0.8147810218978102
41049,0,0,0.08415794929789841,0.8147810218978102
34292,0,1,0.08415794929789841,0.8147810218978102
75431,0,1,0.08415794929789841,0.8147810218978102
14730,0,0,0.08415794929789841,0.8147810218978102
11604,0,0,0.08415794929789841,0.8147810218978102
76388,0,0,0.08415794929789841,0.8147810218978102
79570,0,0,0.08415794929789841,0.8147810218978102
34655,0,1,0.08415794929789841,0.8147810218978102
86661,0,1,0.08415794929789841,0.8147810218978102
19799,0,0,0.08415794929789841,0.8147810218978102
6,0,0,0.08415794929789841,0.8147810218978102
77742,0,1,0.08415794929789841,0.8147810218978102
54682,0,0,0.08415794929789841,0.8147810218978102
86689,0,0,0.08415794929789841,0.8147810218978102
56124,0,1,0.08415794929789841,0.8147810218978102
59710,1,1,0.08415794929789841,0.8147810218978102
41830,0,1,0.08415794929789841,0.8147810218978102
37090,0,1,0.08415794929789841,0.8147810218978102
58801,0,1,0.08415794929789841,0.8147810218978102
84333,0,1,0.08415794929789841,0.8147810218978102
48187,0,1,0.08415794929789841,0.8147810218978102
60,0,0,0.08415794929789841,0.8147810218978102
95957,0,1,0.08415794929789841,0.8147810218978102
78043,0,1,0.08415794929789841,0.8147810218978102
75176,0,0,0.08415794929789841,0.8147810218978102
7510,0,0,0.08415794929789841,0.8147810218978102
68638,0,0,0.08415794929789841,0.8147810218978102
56869,1,1,0.08415794929789841,0.8147810218978102
55240,0,1,0.08415794929789841,0.8147810218978102
50995,0,1,0.08415794929789841,0.8147810218978102
9657,0,1,0.08415794929789841,0.8147810218978102
97925,0,0,0.08415794929789841,0.8147810218978102
69333,0,0,0.08415794929789841,0.8147810218978102
82485,0,1,0.08415794929789841,0.8147810218978102
7990,0,0,0.08415794929789841,0.8147810218978102
1185,0,1,0.08415794929789841,0.8147810218978102
93689,0,0,0.08415794929789841,0.8147810218978102
32034,0,0,0.08415794929789841,0.8147810218978102
78821,0,1,0.08415794929789841,0.8147810218978102
50390,0,1,0.08415794929789841,0.8147810218978102
36586,1,1,0.08415794929789841,0.8147810218978102
75919,0,0,0.08415794929789841,0.8147810218978102
62986,0,0,0.08415794929789841,0.8147810218978102
77326,0,0,0.08415794929789841,0.8147810218978102
38664,0,1,0.08415794929789841,0.8147810218978102
42744,0,1,0.08415794929789841,0.8147810218978102
76779,0,0,0.08415794929789841,0.8147810218978102
19100,0,1,0.08415794929789841,0.8147810218978102
92383,0,1,0.08415794929789841,0.8147810218978102
23345,0,1,0.08415794929789841,0.8147810218978102
20410,0,0,0.08415794929789841,0.8147810218978102
19462,0,1,0.08415794929789841,0.8147810218978102
95646,0,1,0.08415794929789841,0.8147810218978102
32518,0,0,0.08415794929789841,0.8147810218978102
96864,0,0,0.08415794929789841,0.8147810218978102
33759,0,0,0.08415794929789841,0.8147810218978102
53508,0,0,0.08415794929789841,0.8147810218978102
70072,0,1,0.08415794929789841,0.8147810218978102
4049,0,1,0.08415794929789841,0.8147810218978102
32478,0,1,0.08415794929789841,0.8147810218978102
11984,0,0,0.08415794929789841,0.8147810218978102
85392,0,1,0.08415794929789841,0.8147810218978102
64125,0,0,0.08415794929789841,0.8147810218978102
61653,0,0,0.08415794929789841,0.8147810218978102
79622,0,0,0.08415794929789841,0.8147810218978102
51094,0,1,0.08415794929789841,0.8147810218978102
48543,0,0,0.08415794929789841,0.8147810218978102
82148,0,0,0.08415794929789841,0.8147810218978102
84597,0,0,0.08415794929789841,0.8147810218978102
95590,0,0,0.08415794929789841,0.8147810218978102
78779,0,1,0.08415794929789841,0.8147810218978102
28412,0,0,0.08415794929789841,0.8147810218978102
2292,0,0,0.08415794929789841,0.8147810218978102
40227,0,0,0.08415794929789841,0.8147810218978102
11085,0,1,0.08415794929789841,0.8147810218978102
30473,0,0,0.08415794929789841,0.8147810218978102
18036,0,0,0.08415794929789841,0.8147810218978102
77953,0,1,0.08415794929789841,0.8147810218978102
76689,0,0,0.08415794929789841,0.8147810218978102
28676,0,0,0.08415794929789841,0.8147810218978102
72741,0,0,0.08415794929789841,0.8147810218978102
848,0,1,0.08415794929789841,0.8147810218978102
17681,0,1,0.08415794929789841,0.8147810218978102
71045,0,0,0.08415794929789841,0.8147810218978102
69842,0,1,0.08415794929789841,0.8147810218978102
24475,0,0,0.08415794929789841,0.8147810218978102
22948,0,0,0.08415794929789841,0.8147810218978102
98339,0,0,0.08415794929789841,0.8147810218978102
49022,0,0,0.08415794929789841,0.8147810218978102
15535,0,1,0.08415794929789841,0.8147810218978102
47453,0,1,0.08415794929789841,0.8147810218978102
24655,0,0,0.08415794929789841,0.8147810218978102
53971,0,1,0.08415794929789841,0.8147810218978102
9348,0,0,0.08415794929789841,0.8147810218978102
23161,0,0,0.08415794929789841,0.8147810218978102
18655,0,0,0.08415794929789841,0.8147810218978102
96381,0,0,0.08415794929789841,0.8147810218978102
96351,0,0,0.08415794929789841,0.8147810218978102
38005,0,0,0.08415794929789841,0.8147810218978102
21680,0,1,0.08415794929789841,0.8147810218978102
4909,0,1,0.08415794929789841,0.8147810218978102
43604,0,0,0.08415794929789841,0.8147810218978102
81144,0,0,0.08415794929789841,0.8147810218978102
47271,0,0,0.08415794929789841,0.8147810218978102
73301,0,1,0.08415794929789841,0.8147810218978102
10680,0,1,0.08415794929789841,0.8147810218978102
9779,0,1,0.08415794929789841,0.8147810218978102
32817,0,0,0.08415794929789841,0.8147810218978102
29178,0,1,0.08415794929789841,0.8147810218978102
60346,0,1,0.08415794929789841,0.8147810218978102
7226,0,0,0.08415794929789841,0.8147810218978102
62204,0,0,0.08415794929789841,0.8147810218978102
70351,0,0,0.08415794929789841,0.8147810218978102
5515,0,1,0.08415794929789841,0.8147810218978102
54096,1,1,0.08415794929789841,0.8147810218978102
39897,0,0,0.08415794929789841,0.8147810218978102
6948,0,0,0.08415794929789841,0.8147810218978102
98248,0,1,0.08415794929789841,0.8147810218978102
59844,0,0,0.08415794929789841,0.8147810218978102
54434,0,1,0.08415794929789841,0.8147810218978102
37821,0,0,0.08415794929789841,0.8147810218978102
64676,0,0,0.08415794929789841,0.8147810218978102
49377,0,1,0.08415794929789841,0.8147810218978102
16904,0,1,0.08415794929789841,0.8147810218978102
41202,0,1,0.08415794929789841,0.8147810218978102
27189,0,1,0.08415794929789841,0.8147810218978102
8388,1,1,0.08415794929789841,0.8147810218978102
55056,0,1,0.08415794929789841,0.8147810218978102
18722,0,0,0.08415794929789841,0.8147810218978102
36995,0,1,0.08415794929789841,0.8147810218978102
86175,1,1,0.08415794929789841,0.8147810218978102
49921,0,0,0.08415794929789841,0.8147810218978102
96891,0,0,0.08415794929789841,0.8147810218978102
76615,0,0,0.08415794929789841,0.8147810218978102
20971,0,0,0.08415794929789841,0.8147810218978102
38538,0,1,0.08415794929789841,0.8147810218978102
71201,0,1,0.08415794929789841,0.8147810218978102
3193,0,0,0.08415794929789841,0.8147810218978102
51512,0,1,0.08415794929789841,0.8147810218978102
29266,0,0,0.08415794929789841,0.8147810218978102
7902,0,0,0.08415794929789841,0.8147810218978102
24768,0,0,0.08415794929789841,0.8147810218978102
57288,0,0,0.08415794929789841,0.8147810218978102
21187,0,1,0.08415794929789841,0.8147810218978102
36378,0,1,0.08415794929789841,0.8147810218978102
57747,0,1,0.08415794929789841,0.8147810218978102
85174,0,0,0.08415794929789841,0.8147810218978102
72900,0,0,0.08415794929789841,0.8147810218978102
70649,0,1,0.08415794929789841,0.8147810218978102
84545,0,1,0.08415794929789841,0.8147810218978102
14529,0,0,0.08415794929789841,0.8147810218978102
43613,0,1,0.08415794929789841,0.8147810218978102
73403,0,0,0.08415794929789841,0.8147810218978102
15162,0,0,0.08415794929789841,0.8147810218978102
77714,0,0,0.08415794929789841,0.8147810218978102
71699,0,1,0.08415794929789841,0.8147810218978102
18948,0,0,0.08415794929789841,0.8147810218978102
16985,0,1,0.08415794929789841,0.8147810218978102
29650,0,0,0.08415794929789841,0.8147810218978102
78214,0,1,0.08415794929789841,0.8147810218978102
12942,0,1,0.08415794929789841,0.8147810218978102
29858,0,1,0.08415794929789841,0.8147810218978102
9760,0,0,0.08415794929789841,0.8147810218978102
21229,0,1,0.08415794929789841,0.8147810218978102
85739,0,0,0.08415794929789841,0.8147810218978102
98194,0,1,0.08415794929789841,0.8147810218978102
55104,0,0,0.08415794929789841,0.8147810218978102
67668,0,0,0.08415794929789841,0.8147810218978102
58432,0,1,0.08415794929789841,0.8147810218978102
28364,0,1,0.08415794929789841,0.8147810218978102
72085,0,1,0.08415794929789841,0.8147810218978102
76539,0,0,0.08415794929789841,0.8147810218978102
26203,0,0,0.08415794929789841,0.8147810218978102
58272,0,0,0.08415794929789841,0.8147810218978102
28200,0,1,0.08415794929789841,0.8147810218978102
15134,0,1,0.08415794929789841,0.8147810218978102
11165,0,0,0.08415794929789841,0.8147810218978102
73943,0,1,0.08415794929789841,0.8147810218978102
78180,0,1,0.08415794929789841,0.8147810218978102
1691,0,1,0.08415794929789841,0.8147810218978102
86220,0,1,0.08415794929789841,0.8147810218978102
70089,0,0,0.08415794929789841,0.8147810218978102
11488,0,1,0.08415794929789841,0.8147810218978102
37217,0,1,0.08415794929789841,0.8147810218978102
7159,0,1,0.08415794929789841,0.8147810218978102
57130,0,1,0.08415794929789841,0.8147810218978102
7562,0,0,0.08415794929789841,0.8147810218978102
301,0,0,0.08415794929789841,0.8147810218978102
38691,0,1,0.08415794929789841,0.8147810218978102
68651,0,1,0.08415794929789841,0.8147810218978102
22349,0,0,0.08415794929789841,0.8147810218978102
37093,0,0,0.08415794929789841,0.8147810218978102
35712,0,1,0.08415794929789841,0.8147810218978102
42758,0,0,0.08415794929789841,0.8147810218978102
76491,0,1,0.08415794929789841,0.8147810218978102
10197,0,1,0.08415794929789841,0.8147810218978102
75075,0,0,0.08415794929789841,0.8147810218978102
80341,0,1,0.08415794929789841,0.8147810218978102
52988,0,0,0.08415794929789841,0.8147810218978102
49222,0,0,0.08415794929789841,0.8147810218978102
73275,0,1,0.08415794929789841,0.8147810218978102
67694,0,0,0.08415794929789841,0.8147810218978102
36758,0,0,0.08415794929789841,0.8147810218978102
49995,0,1,0.08415794929789841,0.8147810218978102
28931,0,0,0.08415794929789841,0.8147810218978102
41437,0,0,0.08415794929789841,0.8147810218978102
36765,0,1,0.08415794929789841,0.8147810218978102
91268,0,1,0.08415794929789841,0.8147810218978102
13506,0,1,0.08415794929789841,0.8147810218978102
76320,0,0,0.08415794929789841,0.8147810218978102
48723,0,0,0.08415794929789841,0.8147810218978102
43214,0,1,0.08415794929789841,0.8147810218978102
97891,0,0,0.08415794929789841,0.8147810218978102
46654,0,0,0.08415794929789841,0.8147810218978102
51108,0,1,0.08415794929789841,0.8147810218978102
21650,0,0,0.08415794929789841,0.8147810218978102
22507,0,0,0.08415794929789841,0.8147810218978102
42740,0,1,0.08415794929789841,0.8147810218978102
76743,0,0,0.08415794929789841,0.8147810218978102
86816,0,1,0.08415794929789841,0.8147810218978102
25974,0,1,0.08415794929789841,0.8147810218978102
24951,0,0,0.08415794929789841,0.8147810218978102
8408,0,1,0.08415794929789841,0.8147810218978102
82772,0,1,0.08415794929789841,0.8147810218978102
10839,0,1,0.08415794929789841,0.8147810218978102
19968,0,1,0.08415794929789841,0.8147810218978102
44234,0,0,0.08415794929789841,0.8147810218978102
42470,1,1,0.08415794929789841,0.8147810218978102
2581,0,1,0.08415794929789841,0.8147810218978102
51856,0,0,0.08415794929789841,0.8147810218978102
37814,0,0,0.08415794929789841,0.8147810218978102
28954,0,1,0.08415794929789841,0.8147810218978102
81387,0,0,0.08415794929789841,0.8147810218978102
11853,0,1,0.08415794929789841,0.8147810218978102
25296,0,1,0.08415794929789841,0.8147810218978102
11807,0,1,0.08415794929789841,0.8147810218978102
11267,0,1,0.08415794929789841,0.8147810218978102
75553,0,1,0.08415794929789841,0.8147810218978102
96253,0,1,0.08415794929789841,0.8147810218978102
316,0,1,0.08415794929789841,0.8147810218978102
54400,0,1,0.08415794929789841,0.8147810218978102
55169,0,0,0.08415794929789841,0.8147810218978102
5963,0,0,0.08415794929789841,0.8147810218978102
48488,0,1,0.08415794929789841,0.8147810218978102
17082,0,0,0.08415794929789841,0.8147810218978102
45778,0,0,0.08415794929789841,0.8147810218978102
52408,0,0,0.08415794929789841,0.8147810218978102
73288,0,0,0.08415794929789841,0.8147810218978102
83294,0,0,0.08415794929789841,0.8147810218978102
4719,0,1,0.08415794929789841,0.8147810218978102
23910,0,0,0.08415794929789841,0.8147810218978102
38152,0,0,0.08415794929789841,0.8147810218978102
87380,0,0,0.08415794929789841,0.8147810218978102
25053,0,0,0.08415794929789841,0.8147810218978102
86597,0,0,0.08415794929789841,0.8147810218978102
25634,0,1,0.08415794929789841,0.8147810218978102
84338,0,0,0.08415794929789841,0.8147810218978102
20578,0,1,0.08415794929789841,0.8147810218978102
3819,0,1,0.08415794929789841,0.8147810218978102
43368,0,0,0.08415794929789841,0.8147810218978102
51404,0,0,0.08415794929789841,0.8147810218978102
82263,0,1,0.08415794929789841,0.8147810218978102
52891,0,0,0.08415794929789841,0.8147810218978102
40590,0,0,0.08415794929789841,0.8147810218978102
32402,0,1,0.08415794929789841,0.8147810218978102
91328,0,0,0.08415794929789841,0.8147810218978102
59708,0,1,0.08415794929789841,0.8147810218978102
92266,0,0,0.08415794929789841,0.8147810218978102
13221,0,1,0.08415794929789841,0.8147810218978102
15323,0,0,0.08415794929789841,0.8147810218978102
60655,0,0,0.08415794929789841,0.8147810218978102
64959,0,0,0.08415794929789841,0.8147810218978102
56091,0,0,0.08415794929789841,0.8147810218978102
1404,0,1,0.08415794929789841,0.8147810218978102
66452,0,0,0.08415794929789841,0.8147810218978102
75762,0,0,0.08415794929789841,0.8147810218978102
25260,0,0,0.08415794929789841,0.8147810218978102
42056,0,0,0.08415794929789841,0.8147810218978102
16662,0,1,0.08415794929789841,0.8147810218978102
15790,0,0,0.08415794929789841,0.8147810218978102
48729,0,0,0.08415794929789841,0.8147810218978102
94951,0,0,0.08415794929789841,0.8147810218978102
24349,0,0,0.08415794929789841,0.8147810218978102
68332,0,1,0.08415794929789841,0.8147810218978102
9189,0,1,0.08415794929789841,0.8147810218978102
58392,0,0,0.08415794929789841,0.8147810218978102
54283,0,0,0.08415794929789841,0.8147810218978102
73651,0,0,0.08415794929789841,0.8147810218978102
56270,0,0,0.08415794929789841,0.8147810218978102
98844,0,0,0.08415794929789841,0.8147810218978102
87455,0,0,0.08415794929789841,0.8147810218978102
7211,0,1,0.08415794929789841,0.8147810218978102
90314,0,1,0.08415794929789841,0.8147810218978102
89460,0,1,0.08415794929789841,0.8147810218978102
45390,0,0,0.08415794929789841,0.8147810218978102
56059,0,1,0.08415794929789841,0.8147810218978102
70174,0,1,0.08415794929789841,0.8147810218978102
23285,0,0,0.08415794929789841,0.8147810218978102
18758,0,1,0.08415794929789841,0.8147810218978102
86965,0,0,0.08415794929789841,0.8147810218978102
82926,0,0,0.08415794929789841,0.8147810218978102
47809,0,0,0.08415794929789841,0.8147810218978102
73417,0,1,0.08415794929789841,0.8147810218978102
9383,0,0,0.08415794929789841,0.8147810218978102
96984,0,1,0.08415794929789841,0.8147810218978102
66276,0,0,0.08415794929789841,0.8147810218978102
34025,0,1,0.08415794929789841,0.8147810218978102
79791,0,1,0.08415794929789841,0.8147810218978102
40711,0,1,0.08415794929789841,0.8147810218978102
85782,0,0,0.08415794929789841,0.8147810218978102
30746,0,0,0.08415794929789841,0.8147810218978102
37781,0,1,0.08415794929789841,0.8147810218978102
56353,0,1,0.08415794929789841,0.8147810218978102
45701,0,1,0.08415794929789841,0.8147810218978102
91309,0,0,0.08415794929789841,0.8147810218978102
67011,0,0,0.08415794929789841,0.8147810218978102
60503,0,0,0.08415794929789841,0.8147810218978102
89731,0,1,0.08415794929789841,0.8147810218978102
4570,0,0,0.08415794929789841,0.8147810218978102
80056,0,1,0.08415794929789841,0.8147810218978102
70388,0,0,0.08415794929789841,0.8147810218978102
21286,0,0,0.08415794929789841,0.8147810218978102
96902,0,0,0.08415794929789841,0.8147810218978102
91813,0,0,0.08415794929789841,0.8147810218978102
13345,0,1,0.08415794929789841,0.8147810218978102
3387,0,1,0.08415794929789841,0.8147810218978102
25822,0,0,0.08415794929789841,0.8147810218978102
51881,0,1,0.08415794929789841,0.8147810218978102
22907,0,1,0.08415794929789841,0.8147810218978102
73993,0,0,0.08415794929789841,0.8147810218978102
87595,0,1,0.08415794929789841,0.8147810218978102
86185,0,1,0.08415794929789841,0.8147810218978102
57207,0,0,0.08415794929789841,0.8147810218978102
21277,0,1,0.08415794929789841,0.8147810218978102
13827,0,0,0.08415794929789841,0.8147810218978102
64870,0,1,0.08415794929789841,0.8147810218978102
20918,1,1,0.08415794929789841,0.8147810218978102
85230,0,0,0.08415794929789841,0.8147810218978102
77045,0,0,0.08415794929789841,0.8147810218978102
78253,0,0,0.08415794929789841,0.8147810218978102
28995,0,0,0.08415794929789841,0.8147810218978102
97491,0,1,0.08415794929789841,0.8147810218978102
6843,0,0,0.08415794929789841,0.8147810218978102
15833,0,0,0.08415794929789841,0.8147810218978102
68907,0,1,0.08415794929789841,0.8147810218978102
71972,0,1,0.08415794929789841,0.8147810218978102
7530,0,0,0.08415794929789841,0.8147810218978102
22318,1,1,0.08415794929789841,0.8147810218978102
6087,0,1,0.08415794929789841,0.8147810218978102
55363,0,0,0.08415794929789841,0.8147810218978102
39016,0,1,0.08415794929789841,0.8147810218978102
87294,0,0,0.08415794929789841,0.8147810218978102
4172,0,1,0.08415794929789841,0.8147810218978102
36930,0,1,0.08415794929789841,0.8147810218978102
47638,0,1,0.08415794929789841,0.8147810218978102
22486,0,1,0.08415794929789841,0.8147810218978102
30049,0,1,0.08415794929789841,0.8147810218978102
39778,0,1,0.08415794929789841,0.8147810218978102
32390,0,1,0.08415794929789841,0.8147810218978102
93799,0,0,0.08415794929789841,0.8147810218978102
90815,0,0,0.08415794929789841,0.8147810218978102
80688,0,0,0.08415794929789841,0.8147810218978102
93610,0,1,0.08415794929789841,0.8147810218978102
93500,1,1,0.08415794929789841,0.8147810218978102
87341,0,0,0.08415794929789841,0.8147810218978102
90946,0,1,0.08415794929789841,0.8147810218978102
7043,0,1,0.08415794929789841,0.8147810218978102
98533,0,1,0.08415794929789841,0.8147810218978102
51280,0,1,0.08415794929789841,0.8147810218978102
65169,0,1,0.08415794929789841,0.8147810218978102
84416,0,0,0.08415794929789841,0.8147810218978102
34090,0,1,0.08415794929789841,0.8147810218978102
95359,1,1,0.08415794929789841,0.8147810218978102
93458,0,1,0.08415794929789841,0.8147810218978102
72423,0,0,0.08415794929789841,0.8147810218978102
56907,0,0,0.08415794929789841,0.8147810218978102
80022,0,0,0.08415794929789841,0.8147810218978102
27558,0,0,0.08415794929789841,0.8147810218978102
55993,0,0,0.08415794929789841,0.8147810218978102
49141,0,1,0.08415794929789841,0.8147810218978102
33822,0,1,0.08415794929789841,0.8147810218978102
83987,0,0,0.08415794929789841,0.8147810218978102
54900,0,0,0.08415794929789841,0.8147810218978102
24046,1,1,0.08415794929789841,0.8147810218978102
28291,0,1,0.08415794929789841,0.8147810218978102
96331,0,1,0.08415794929789841,0.8147810218978102
95083,0,1,0.08415794929789841,0.8147810218978102
84324,0,1,0.08415794929789841,0.8147810218978102
30268,0,0,0.08415794929789841,0.8147810218978102
50667,0,1,0.08415794929789841,0.8147810218978102
18409,0,0,0.08415794929789841,0.8147810218978102
41878,0,0,0.08415794929789841,0.8147810218978102
82612,0,1,0.08415794929789841,0.8147810218978102
94900,0,1,0.08415794929789841,0.8147810218978102
72883,0,1,0.08415794929789841,0.8147810218978102
16861,0,1,0.08415794929789841,0.8147810218978102
59897,0,1,0.08415794929789841,0.8147810218978102
26553,0,1,0.08415794929789841,0.8147810218978102
80780,0,1,0.08415794929789841,0.8147810218978102
11869,0,1,0.08415794929789841,0.8147810218978102
71043,0,1,0.08415794929789841,0.8147810218978102
41223,1,1,0.08415794929789841,0.8147810218978102
20746,0,1,0.08415794929789841,0.8147810218978102
80563,0,0,0.08415794929789841,0.8147810218978102
57984,0,1,0.08415794929789841,0.8147810218978102
22910,0,0,0.08415794929789841,0.8147810218978102
66478,0,1,0.08415794929789841,0.8147810218978102
45524,0,0,0.08415794929789841,0.8147810218978102
81278,0,1,0.08415794929789841,0.8147810218978102
81528,0,1,0.08415794929789841,0.8147810218978102
91775,0,0,0.08415794929789841,0.8147810218978102
54620,0,1,0.08415794929789841,0.8147810218978102
4649,0,0,0.08415794929789841,0.8147810218978102
99648,0,0,0.08415794929789841,0.8147810218978102
37110,0,0,0.08415794929789841,0.8147810218978102
53512,0,1,0.08415794929789841,0.8147810218978102
53038,0,1,0.08415794929789841,0.8147810218978102
65881,0,0,0.08415794929789841,0.8147810218978102
25350,0,1,0.08415794929789841,0.8147810218978102
6228,0,0,0.08415794929789841,0.8147810218978102
74009,0,1,0.08415794929789841,0.8147810218978102
54310,0,1,0.08415794929789841,0.8147810218978102
30059,0,1,0.08415794929789841,0.8147810218978102
97158,0,1,0.08415794929789841,0.8147810218978102
32466,0,1,0.08415794929789841,0.8147810218978102
53331,0,1,0.08415794929789841,0.8147810218978102
71790,0,0,0.08415794929789841,0.8147810218978102
4370,0,0,0.08415794929789841,0.8147810218978102
58294,0,1,0.08415794929789841,0.8147810218978102
65212,0,1,0.08415794929789841,0.8147810218978102
10389,0,1,0.08415794929789841,0.8147810218978102
91847,0,1,0.08415794929789841,0.8147810218978102
8541,0,0,0.08415794929789841,0.8147810218978102
18271,0,0,0.08415794929789841,0.8147810218978102
39961,0,0,0.08415794929789841,0.8147810218978102
82525,0,1,0.08415794929789841,0.8147810218978102
25688,0,1,0.08415794929789841,0.8147810218978102
71961,0,0,0.08415794929789841,0.8147810218978102
12766,0,0,0.08415794929789841,0.8147810218978102
91694,0,1,0.08415794929789841,0.8147810218978102
9592,0,1,0.08415794929789841,0.8147810218978102
74419,0,0,0.08415794929789841,0.8147810218978102
1697,0,0,0.08415794929789841,0.8147810218978102
56626,0,1,0.08415794929789841,0.8147810218978102
36033,0,0,0.08415794929789841,0.8147810218978102
36193,0,0,0.08415794929789841,0.8147810218978102
30046,0,1,0.08415794929789841,0.8147810218978102
84710,0,1,0.08415794929789841,0.8147810218978102
78540,0,0,0.08415794929789841,0.8147810218978102
31020,0,0,0.08415794929789841,0.8147810218978102
13784,0,0,0.08415794929789841,0.8147810218978102
87283,0,1,0.08415794929789841,0.8147810218978102
11458,0,0,0.08415794929789841,0.8147810218978102
31883,0,1,0.08415794929789841,0.8147810218978102
6968,0,0,0.08415794929789841,0.8147810218978102
83479,0,0,0.08415794929789841,0.8147810218978102
61552,0,0,0.08415794929789841,0.8147810218978102
31986,0,0,0.08415794929789841,0.8147810218978102
81705,0,0,0.08415794929789841,0.8147810218978102
48345,0,1,0.08415794929789841,0.8147810218978102
90704,0,1,0.08415794929789841,0.8147810218978102
47320,0,1,0.08415794929789841,0.8147810218978102
41653,0,0,0.08415794929789841,0.8147810218978102
59475,0,1,0.08415794929789841,0.8147810218978102
53880,0,1,0.08415794929789841,0.8147810218978102
27889,1,0,0.08415794929789841,0.8147810218978102
61551,0,1,0.08415794929789841,0.8147810218978102
98755,0,1,0.08415794929789841,0.8147810218978102
30695,0,1,0.08415794929789841,0.8147810218978102
52424,0,1,0.08415794929789841,0.8147810218978102
64374,0,0,0.08415794929789841,0.8147810218978102
56912,0,0,0.08415794929789841,0.8147810218978102
25669,0,1,0.08415794929789841,0.8147810218978102
39021,0,0,0.08415794929789841,0.8147810218978102
5097,0,1,0.08415794929789841,0.8147810218978102
20257,0,0,0.08415794929789841,0.8147810218978102
35519,0,0,0.08415794929789841,0.8147810218978102
36623,0,0,0.08415794929789841,0.8147810218978102
59254,0,0,0.08415794929789841,0.8147810218978102
24454,0,1,0.08415794929789841,0.8147810218978102
7286,0,0,0.08415794929789841,0.8147810218978102
68994,0,1,0.08415794929789841,0.8147810218978102
25023,0,1,0.08415794929789841,0.8147810218978102
19155,0,0,0.08415794929789841,0.8147810218978102
41013,0,0,0.08415794929789841,0.8147810218978102
15267,0,0,0.08415794929789841,0.8147810218978102
55753,0,0,0.08415794929789841,0.8147810218978102
34873,0,0,0.08415794929789841,0.8147810218978102
47561,0,0,0.08415794929789841,0.8147810218978102
53393,0,1,0.08415794929789841,0.8147810218978102
86463,0,0,0.08415794929789841,0.8147810218978102
91644,0,1,0.08415794929789841,0.8147810218978102
21251,0,1,0.08415794929789841,0.8147810218978102
29680,0,1,0.08415794929789841,0.8147810218978102
9826,0,0,0.08415794929789841,0.8147810218978102
81238,0,1,0.08415794929789841,0.8147810218978102
87982,0,1,0.08415794929789841,0.8147810218978102
80928,0,0,0.08415794929789841,0.8147810218978102
26454,0,0,0.08415794929789841,0.8147810218978102
74724,0,1,0.08415794929789841,0.8147810218978102
1657,0,0,0.08415794929789841,0.8147810218978102
25763,0,0,0.08415794929789841,0.8147810218978102
88428,0,1,0.08415794929789841,0.8147810218978102
68637,0,0,0.08415794929789841,0.8147810218978102
53619,0,1,0.08415794929789841,0.8147810218978102
52087,0,0,0.08415794929789841,0.8147810218978102
14405,0,1,0.08415794929789841,0.8147810218978102
29319,0,0,0.08415794929789841,0.8147810218978102
52252,0,0,0.08415794929789841,0.8147810218978102
74258,0,1,0.08415794929789841,0.8147810218978102
49128,0,1,0.08415794929789841,0.8147810218978102
73551,0,1,0.08415794929789841,0.8147810218978102
18433,0,0,0.08415794929789841,0.8147810218978102
92683,0,0,0.08415794929789841,0.8147810218978102
96661,0,0,0.08415794929789841,0.8147810218978102
21732,0,1,0.08415794929789841,0.8147810218978102
47888,0,1,0.08415794929789841,0.8147810218978102
8409,0,1,0.08415794929789841,0.8147810218978102
50840,0,0,0.08415794929789841,0.8147810218978102
86896,0,1,0.08415794929789841,0.8147810218978102
49367,0,1,0.08415794929789841,0.8147810218978102
41463,0,1,0.08415794929789841,0.8147810218978102
89032,0,1,0.08415794929789841,0.8147810218978102
14506,0,1,0.08415794929789841,0.8147810218978102
30576,0,0,0.08415794929789841,0.8147810218978102
60895,1,1,0.08415794929789841,0.8147810218978102
16141,0,1,0.08415794929789841,0.8147810218978102
20297,0,1,0.08415794929789841,0.8147810218978102
28619,0,0,0.08415794929789841,0.8147810218978102
75981,0,1,0.08415794929789841,0.8147810218978102
15139,0,1,0.08415794929789841,0.8147810218978102
87194,0,1,0.08415794929789841,0.8147810218978102
39852,0,1,0.08415794929789841,0.8147810218978102
87864,0,1,0.08415794929789841,0.8147810218978102
75423,0,0,0.08415794929789841,0.8147810218978102
676,0,0,0.08415794929789841,0.8147810218978102
32507,0,1,0.08415794929789841,0.8147810218978102
37444,0,1,0.08415794929789841,0.8147810218978102
18944,0,1,0.08415794929789841,0.8147810218978102
75187,1,1,0.08415794929789841,0.8147810218978102
48270,0,1,0.08415794929789841,0.8147810218978102
43658,0,0,0.08415794929789841,0.8147810218978102
31857,0,1,0.08415794929789841,0.8147810218978102
93392,0,1,0.08415794929789841,0.8147810218978102
39039,0,0,0.08415794929789841,0.8147810218978102
70316,0,0,0.08415794929789841,0.8147810218978102
91192,0,0,0.08415794929789841,0.8147810218978102
57795,0,1,0.08415794929789841,0.8147810218978102
64869,0,0,0.08415794929789841,0.8147810218978102
71672,0,1,0.08415794929789841,0.8147810218978102
95913,0,0,0.08415794929789841,0.8147810218978102
93768,0,0,0.08415794929789841,0.8147810218978102
95743,0,0,0.08415794929789841,0.8147810218978102
17506,0,0,0.08415794929789841,0.8147810218978102
11198,0,1,0.08415794929789841,0.8147810218978102
78325,0,0,0.08415794929789841,0.8147810218978102
88386,0,1,0.08415794929789841,0.8147810218978102
55497,0,1,0.08415794929789841,0.8147810218978102
94518,0,0,0.08415794929789841,0.8147810218978102
44438,0,1,0.08415794929789841,0.8147810218978102
97400,0,0,0.08415794929789841,0.8147810218978102
36718,1,0,0.08415794929789841,0.8147810218978102
71261,0,0,0.08415794929789841,0.8147810218978102
11200,0,1,0.08415794929789841,0.8147810218978102
96490,0,0,0.08415794929789841,0.8147810218978102
43298,0,0,0.08415794929789841,0.8147810218978102
11812,0,1,0.08415794929789841,0.8147810218978102
84466,0,0,0.08415794929789841,0.8147810218978102
20474,0,1,0.08415794929789841,0.8147810218978102
523,0,0,0.08415794929789841,0.8147810218978102
90752,0,1,0.08415794929789841,0.8147810218978102
31825,0,1,0.08415794929789841,0.8147810218978102
40950,0,0,0.08415794929789841,0.8147810218978102
84702,0,1,0.08415794929789841,0.8147810218978102
10063,0,0,0.08415794929789841,0.8147810218978102
11271,0,0,0.08415794929789841,0.8147810218978102
27405,0,0,0.08415794929789841,0.8147810218978102
5233,0,0,0.08415794929789841,0.8147810218978102
52563,0,0,0.08415794929789841,0.8147810218978102
16972,0,1,0.08415794929789841,0.8147810218978102
43293,0,1,0.08415794929789841,0.8147810218978102
26863,0,1,0.08415794929789841,0.8147810218978102
72373,0,1,0.08415794929789841,0.8147810218978102
69353,0,0,0.08415794929789841,0.8147810218978102
15655,0,1,0.08415794929789841,0.8147810218978102
15531,0,0,0.08415794929789841,0.8147810218978102
42125,0,1,0.08415794929789841,0.8147810218978102
85869,0,1,0.08415794929789841,0.8147810218978102
18324,0,1,0.08415794929789841,0.8147810218978102
36558,0,1,0.08415794929789841,0.8147810218978102
84399,0,1,0.08415794929789841,0.8147810218978102
22041,1,1,0.08415794929789841,0.8147810218978102
12280,0,0,0.08415794929789841,0.8147810218978102
17617,0,1,0.08415794929789841,0.8147810218978102
10598,0,0,0.08415794929789841,0.8147810218978102
43162,0,1,0.08415794929789841,0.8147810218978102
87428,0,1,0.08415794929789841,0.8147810218978102
44911,0,1,0.08415794929789841,0.8147810218978102
20028,0,1,0.08415794929789841,0.8147810218978102
34998,0,1,0.08415794929789841,0.8147810218978102
34227,0,0,0.08415794929789841,0.8147810218978102
69846,0,0,0.08415794929789841,0.8147810218978102
2422,0,1,0.08415794929789841,0.8147810218978102
16441,0,1,0.08415794929789841,0.8147810218978102
10556,0,0,0.08415794929789841,0.8147810218978102
18971,0,0,0.08415794929789841,0.8147810218978102
56477,0,1,0.08415794929789841,0.8147810218978102
41837,0,1,0.08415794929789841,0.8147810218978102
53548,0,1,0.08415794929789841,0.8147810218978102
76345,0,0,0.08415794929789841,0.8147810218978102
27460,0,0,0.08415794929789841,0.8147810218978102
14806,0,1,0.08415794929789841,0.8147810218978102
78088,1,0,0.08415794929789841,0.8147810218978102
1046,0,1,0.08415794929789841,0.8147810218978102
92808,0,0,0.08415794929789841,0.8147810218978102
20236,0,1,0.08415794929789841,0.8147810218978102
21047,0,0,0.08415794929789841,0.8147810218978102
5694,0,0,0.08415794929789841,0.8147810218978102
9689,0,1,0.08415794929789841,0.8147810218978102
7732,0,1,0.08415794929789841,0.8147810218978102
2280,0,1,0.08415794929789841,0.8147810218978102
389,0,1,0.08415794929789841,0.8147810218978102
43061,0,0,0.08415794929789841,0.8147810218978102
3273,0,0,0.08415794929789841,0.8147810218978102
75743,0,0,0.08415794929789841,0.8147810218978102
32406,0,0,0.08415794929789841,0.8147810218978102
69734,0,0,0.08415794929789841,0.8147810218978102
69236,0,0,0.08415794929789841,0.8147810218978102
50463,0,0,0.08415794929789841,0.8147810218978102
69483,1,1,0.08415794929789841,0.8147810218978102
88251,0,0,0.08415794929789841,0.8147810218978102
91334,0,0,0.08415794929789841,0.8147810218978102
48131,0,1,0.08415794929789841,0.8147810218978102
88494,0,0,0.08415794929789841,0.8147810218978102
67311,0,1,0.08415794929789841,0.8147810218978102
52901,0,0,0.08415794929789841,0.8147810218978102
42129,0,1,0.08415794929789841,0.8147810218978102
76134,0,0,0.08415794929789841,0.8147810218978102
49071,0,1,0.08415794929789841,0.8147810218978102
82921,0,1,0.08415794929789841,0.8147810218978102
93053,0,1,0.08415794929789841,0.8147810218978102
35424,1,1,0.08415794929789841,0.8147810218978102
65091,0,0,0.08415794929789841,0.8147810218978102
99570,0,0,0.08415794929789841,0.8147810218978102
42425,0,0,0.08415794929789841,0.8147810218978102
70383,0,1,0.08415794929789841,0.8147810218978102
26748,0,0,0.08415794929789841,0.8147810218978102
15688,0,0,0.08415794929789841,0.8147810218978102
43673,0,0,0.08415794929789841,0.8147810218978102
79600,0,0,0.08415794929789841,0.8147810218978102
63224,0,1,0.08415794929789841,0.8147810218978102
60713,0,0,0.08415794929789841,0.8147810218978102
66061,0,1,0.08415794929789841,0.8147810218978102
4418,0,1,0.08415794929789841,0.8147810218978102
16590,0,1,0.08415794929789841,0.8147810218978102
71578,0,0,0.08415794929789841,0.8147810218978102
23952,0,1,0.08415794929789841,0.8147810218978102
91733,0,1,0.08415794929789841,0.8147810218978102
85390,0,0,0.08415794929789841,0.8147810218978102
46490,0,0,0.08415794929789841,0.8147810218978102
8630,0,0,0.08415794929789841,0.8147810218978102
40727,0,0,0.08415794929789841,0.8147810218978102
70657,0,1,0.08415794929789841,0.8147810218978102
19713,0,1,0.08415794929789841,0.8147810218978102
45628,0,0,0.08415794929789841,0.8147810218978102
27974,0,0,0.08415794929789841,0.8147810218978102
93786,0,1,0.08415794929789841,0.8147810218978102
43059,0,1,0.08415794929789841,0.8147810218978102
78812,1,1,0.08415794929789841,0.8147810218978102
52391,0,1,0.08415794929789841,0.8147810218978102
87816,1,1,0.08415794929789841,0.8147810218978102
11904,0,1,0.08415794929789841,0.8147810218978102
11379,0,1,0.08415794929789841,0.8147810218978102
92138,0,0,0.08415794929789841,0.8147810218978102
18652,0,1,0.08415794929789841,0.8147810218978102
41474,0,1,0.08415794929789841,0.8147810218978102
53931,0,1,0.08415794929789841,0.8147810218978102
33954,0,0,0.08415794929789841,0.8147810218978102
41551,0,1,0.08415794929789841,0.8147810218978102
64354,0,0,0.08415794929789841,0.8147810218978102
19425,0,0,0.08415794929789841,0.8147810218978102
61949,0,1,0.08415794929789841,0.8147810218978102
63261,0,0,0.08415794929789841,0.8147810218978102
60112,0,1,0.08415794929789841,0.8147810218978102
58809,0,1,0.08415794929789841,0.8147810218978102
22286,0,1,0.08415794929789841,0.8147810218978102
20108,0,1,0.08415794929789841,0.8147810218978102
38369,0,1,0.08415794929789841,0.8147810218978102
2817,1,0,0.08415794929789841,0.8147810218978102
59643,0,0,0.08415794929789841,0.8147810218978102
31036,0,1,0.08415794929789841,0.8147810218978102
46849,0,1,0.08415794929789841,0.8147810218978102
74555,0,1,0.08415794929789841,0.8147810218978102
47747,0,0,0.08415794929789841,0.8147810218978102
51286,0,1,0.08415794929789841,0.8147810218978102
5835,0,0,0.08415794929789841,0.8147810218978102
22247,0,1,0.08415794929789841,0.8147810218978102
96319,0,0,0.08415794929789841,0.8147810218978102
93106,0,1,0.08415794929789841,0.8147810218978102
79743,0,1,0.08415794929789841,0.8147810218978102
586,0,1,0.08415794929789841,0.8147810218978102
42536,0,1,0.08415794929789841,0.8147810218978102
39632,0,1,0.08415794929789841,0.8147810218978102
21269,0,0,0.08415794929789841,0.8147810218978102
33243,0,1,0.08415794929789841,0.8147810218978102
87822,0,0,0.08415794929789841,0.8147810218978102
68547,0,1,0.08415794929789841,0.8147810218978102
71761,0,0,0.08415794929789841,0.8147810218978102
53308,1,0,0.08415794929789841,0.8147810218978102
49073,0,1,0.08415794929789841,0.8147810218978102
39420,0,1,0.08415794929789841,0.8147810218978102
93735,0,0,0.08415794929789841,0.8147810218978102
42777,0,0,0.08415794929789841,0.8147810218978102
88102,0,0,0.08415794929789841,0.8147810218978102
41264,0,1,0.08415794929789841,0.8147810218978102
8040,1,1,0.08415794929789841,0.8147810218978102
15746,0,1,0.08415794929789841,0.8147810218978102
78565,0,1,0.08415794929789841,0.8147810218978102
55474,0,0,0.08415794929789841,0.8147810218978102
24957,0,0,0.08415794929789841,0.8147810218978102
34848,0,0,0.08415794929789841,0.8147810218978102
19912,0,0,0.08415794929789841,0.8147810218978102
11872,0,0,0.08415794929789841,0.8147810218978102
7457,1,1,0.08415794929789841,0.8147810218978102
56706,0,1,0.08415794929789841,0.8147810218978102
24562,0,0,0.08415794929789841,0.8147810218978102
687,1,1,0.08415794929789841,0.8147810218978102
263,0,1,0.08415794929789841,0.8147810218978102
42690,0,1,0.08415794929789841,0.8147810218978102
63660,0,1,0.08415794929789841,0.8147810218978102
87228,0,0,0.08415794929789841,0.8147810218978102
43980,0,1,0.08415794929789841,0.8147810218978102
85908,1,1,0.08415794929789841,0.8147810218978102
36885,0,0,0.08415794929789841,0.8147810218978102
28347,0,1,0.08415794929789841,0.8147810218978102
83854,0,0,0.08415794929789841,0.8147810218978102
89788,0,1,0.08415794929789841,0.8147810218978102
40552,0,1,0.08415794929789841,0.8147810218978102
68977,0,1,0.08415794929789841,0.8147810218978102
23922,0,0,0.08415794929789841,0.8147810218978102
5443,0,0,0.08415794929789841,0.8147810218978102
56834,1,1,0.08415794929789841,0.8147810218978102
77858,1,1,0.08415794929789841,0.8147810218978102
16763,0,1,0.08415794929789841,0.8147810218978102
70024,0,0,0.08415794929789841,0.8147810218978102
35708,0,0,0.08415794929789841,0.8147810218978102
24848,0,0,0.08415794929789841,0.8147810218978102
88320,0,0,0.08415794929789841,0.8147810218978102
64810,0,0,0.08415794929789841,0.8147810218978102
81811,0,1,0.08415794929789841,0.8147810218978102
82540,0,1,0.08415794929789841,0.8147810218978102
9725,0,0,0.08415794929789841,0.8147810218978102
39452,0,1,0.08415794929789841,0.8147810218978102
78596,1,1,0.08415794929789841,0.8147810218978102
48679,0,1,0.08415794929789841,0.8147810218978102
47522,0,1,0.08415794929789841,0.8147810218978102
54320,0,1,0.08415794929789841,0.8147810218978102
50805,0,0,0.08415794929789841,0.8147810218978102
31185,0,1,0.08415794929789841,0.8147810218978102
16851,0,1,0.08415794929789841,0.8147810218978102
7417,0,1,0.08415794929789841,0.8147810218978102
29225,0,0,0.08415794929789841,0.8147810218978102
29416,1,1,0.08415794929789841,0.8147810218978102
88096,0,1,0.08415794929789841,0.8147810218978102
90611,0,0,0.08415794929789841,0.8147810218978102
7021,0,0,0.08415794929789841,0.8147810218978102
42367,0,1,0.08415794929789841,0.8147810218978102
59846,0,1,0.08415794929789841,0.8147810218978102
38382,0,1,0.08415794929789841,0.8147810218978102
89151,0,0,0.08415794929789841,0.8147810218978102
94003,0,1,0.08415794929789841,0.8147810218978102
57398,0,1,0.08415794929789841,0.8147810218978102
22145,0,0,0.08415794929789841,0.8147810218978102
44388,0,1,0.08415794929789841,0.8147810218978102
63371,1,1,0.08415794929789841,0.8147810218978102
22640,0,0,0.08415794929789841,0.8147810218978102
80524,0,0,0.08415794929789841,0.8147810218978102
13611,0,1,0.08415794929789841,0.8147810218978102
14399,1,1,0.08415794929789841,0.8147810218978102
4149,0,0,0.08415794929789841,0.8147810218978102
26754,0,0,0.08415794929789841,0.8147810218978102
2803,0,0,0.08415794929789841,0.8147810218978102
22706,0,1,0.08415794929789841,0.8147810218978102
28912,0,1,0.08415794929789841,0.8147810218978102
91729,0,0,0.08415794929789841,0.8147810218978102
78110,0,0,0.08415794929789841,0.8147810218978102
67233,0,1,0.08415794929789841,0.8147810218978102
87091,0,0,0.08415794929789841,0.8147810218978102
89565,0,1,0.08415794929789841,0.8147810218978102
3332,0,1,0.08415794929789841,0.8147810218978102
516,0,0,0.08415794929789841,0.8147810218978102
51464,0,0,0.08415794929789841,0.8147810218978102
13654,0,0,0.08415794929789841,0.8147810218978102
87655,0,1,0.08415794929789841,0.8147810218978102
92629,0,0,0.08415794929789841,0.8147810218978102
12017,0,1,0.08415794929789841,0.8147810218978102
27944,0,1,0.08415794929789841,0.8147810218978102
51653,0,0,0.08415794929789841,0.8147810218978102
43240,1,1,0.08415794929789841,0.8147810218978102
18104,0,1,0.08415794929789841,0.8147810218978102
138,0,0,0.08415794929789841,0.8147810218978102
30580,0,0,0.08415794929789841,0.8147810218978102
36625,0,0,0.08415794929789841,0.8147810218978102
67612,0,1,0.08415794929789841,0.8147810218978102
5842,0,0,0.08415794929789841,0.8147810218978102
50324,0,0,0.08415794929789841,0.8147810218978102
7629,0,0,0.08415794929789841,0.8147810218978102
45226,0,1,0.08415794929789841,0.8147810218978102
26780,0,0,0.08415794929789841,0.8147810218978102
98105,0,0,0.08415794929789841,0.8147810218978102
22480,0,0,0.08415794929789841,0.8147810218978102
48016,0,0,0.08415794929789841,0.8147810218978102
37311,0,0,0.08415794929789841,0.8147810218978102
65611,0,1,0.08415794929789841,0.8147810218978102
80666,0,1,0.08415794929789841,0.8147810218978102
80192,0,1,0.08415794929789841,0.8147810218978102
92303,0,1,0.08415794929789841,0.8147810218978102
93325,1,1,0.08415794929789841,0.8147810218978102
38686,0,1,0.08415794929789841,0.8147810218978102
99502,0,1,0.08415794929789841,0.8147810218978102
24516,0,1,0.08415794929789841,0.8147810218978102
92382,0,0,0.08415794929789841,0.8147810218978102
90366,0,1,0.08415794929789841,0.8147810218978102
19862,0,1,0.08415794929789841,0.8147810218978102
55051,0,1,0.08415794929789841,0.8147810218978102
84835,0,1,0.08415794929789841,0.8147810218978102
70458,0,1,0.08415794929789841,0.8147810218978102
5089,0,0,0.08415794929789841,0.8147810218978102
82506,0,0,0.08415794929789841,0.8147810218978102
97324,0,0,0.08415794929789841,0.8147810218978102
28687,0,0,0.08415794929789841,0.8147810218978102
28940,0,1,0.08415794929789841,0.8147810218978102
86013,1,1,0.08415794929789841,0.8147810218978102
30966,0,0,0.08415794929789841,0.8147810218978102
64107,0,1,0.08415794929789841,0.8147810218978102
13158,0,1,0.08415794929789841,0.8147810218978102
18801,0,1,0.08415794929789841,0.8147810218978102
91622,0,0,0.08415794929789841,0.8147810218978102
68070,0,1,0.08415794929789841,0.8147810218978102
86675,0,0,0.08415794929789841,0.8147810218978102
50700,0,0,0.08415794929789841,0.8147810218978102
91110,0,0,0.08415794929789841,0.8147810218978102
92884,0,0,0.08415794929789841,0.8147810218978102
52873,0,0,0.08415794929789841,0.8147810218978102
73549,0,0,0.08415794929789841,0.8147810218978102
61188,0,1,0.08415794929789841,0.8147810218978102
19872,0,0,0.08415794929789841,0.8147810218978102
50125,0,1,0.08415794929789841,0.8147810218978102
58778,0,1,0.08415794929789841,0.8147810218978102
13725,0,1,0.08415794929789841,0.8147810218978102
31324,0,0,0.08415794929789841,0.8147810218978102
90646,0,1,0.08415794929789841,0.8147810218978102
16822,1,1,0.08415794929789841,0.8147810218978102
27476,0,1,0.08415794929789841,0.8147810218978102
64897,0,1,0.08415794929789841,0.8147810218978102
55192,0,0,0.08415794929789841,0.8147810218978102
45177,0,1,0.08415794929789841,0.8147810218978102
3204,0,0,0.08415794929789841,0.8147810218978102
99412,0,1,0.08415794929789841,0.8147810218978102
20905,0,0,0.08415794929789841,0.8147810218978102
64762,0,0,0.08415794929789841,0.8147810218978102
45391,0,1,0.08415794929789841,0.8147810218978102
94276,0,1,0.08415794929789841,0.8147810218978102
16908,0,0,0.08415794929789841,0.8147810218978102
96663,0,0,0.08415794929789841,0.8147810218978102
51806,0,1,0.08415794929789841,0.8147810218978102
76263,0,1,0.08415794929789841,0.8147810218978102
17168,0,1,0.08415794929789841,0.8147810218978102
94456,0,0,0.08415794929789841,0.8147810218978102
87340,0,0,0.08415794929789841,0.8147810218978102
50950,0,0,0.08415794929789841,0.8147810218978102
24755,0,1,0.08415794929789841,0.8147810218978102
37238,0,1,0.08415794929789841,0.8147810218978102
5060,0,0,0.08415794929789841,0.8147810218978102
30425,0,1,0.08415794929789841,0.8147810218978102
71417,0,0,0.08415794929789841,0.8147810218978102
23697,0,0,0.08415794929789841,0.8147810218978102
51225,0,0,0.08415794929789841,0.8147810218978102
82478,0,1,0.08415794929789841,0.8147810218978102
93097,1,1,0.08415794929789841,0.8147810218978102
48120,0,1,0.08415794929789841,0.8147810218978102
93734,0,1,0.08415794929789841,0.8147810218978102
39521,0,1,0.08415794929789841,0.8147810218978102
79585,0,0,0.08415794929789841,0.8147810218978102
18878,0,1,0.08415794929789841,0.8147810218978102
54427,0,0,0.08415794929789841,0.8147810218978102
80575,0,0,0.08415794929789841,0.8147810218978102
73030,1,1,0.08415794929789841,0.8147810218978102
13699,0,1,0.08415794929789841,0.8147810218978102
40364,0,1,0.08415794929789841,0.8147810218978102
28307,0,1,0.08415794929789841,0.8147810218978102
75510,0,0,0.08415794929789841,0.8147810218978102
96228,0,0,0.08415794929789841,0.8147810218978102
2936,0,1,0.08415794929789841,0.8147810218978102
45823,0,1,0.08415794929789841,0.8147810218978102
82723,0,0,0.08415794929789841,0.8147810218978102
58574,0,0,0.08415794929789841,0.8147810218978102
87086,0,0,0.08415794929789841,0.8147810218978102
54498,0,0,0.08415794929789841,0.8147810218978102
96584,0,0,0.08415794929789841,0.8147810218978102
